[
{
  "model": "auth.permission",
  "pk": 1,
  "fields": {
    "name": "Can add log entry",
    "content_type": 1,
    "codename": "add_logentry"
  }
},
{
  "model": "auth.permission",
  "pk": 2,
  "fields": {
    "name": "Can change log entry",
    "content_type": 1,
    "codename": "change_logentry"
  }
},
{
  "model": "auth.permission",
  "pk": 3,
  "fields": {
    "name": "Can delete log entry",
    "content_type": 1,
    "codename": "delete_logentry"
  }
},
{
  "model": "auth.permission",
  "pk": 4,
  "fields": {
    "name": "Can view log entry",
    "content_type": 1,
    "codename": "view_logentry"
  }
},
{
  "model": "auth.permission",
  "pk": 5,
  "fields": {
    "name": "Can add permission",
    "content_type": 2,
    "codename": "add_permission"
  }
},
{
  "model": "auth.permission",
  "pk": 6,
  "fields": {
    "name": "Can change permission",
    "content_type": 2,
    "codename": "change_permission"
  }
},
{
  "model": "auth.permission",
  "pk": 7,
  "fields": {
    "name": "Can delete permission",
    "content_type": 2,
    "codename": "delete_permission"
  }
},
{
  "model": "auth.permission",
  "pk": 8,
  "fields": {
    "name": "Can view permission",
    "content_type": 2,
    "codename": "view_permission"
  }
},
{
  "model": "auth.permission",
  "pk": 9,
  "fields": {
    "name": "Can add group",
    "content_type": 3,
    "codename": "add_group"
  }
},
{
  "model": "auth.permission",
  "pk": 10,
  "fields": {
    "name": "Can change group",
    "content_type": 3,
    "codename": "change_group"
  }
},
{
  "model": "auth.permission",
  "pk": 11,
  "fields": {
    "name": "Can delete group",
    "content_type": 3,
    "codename": "delete_group"
  }
},
{
  "model": "auth.permission",
  "pk": 12,
  "fields": {
    "name": "Can view group",
    "content_type": 3,
    "codename": "view_group"
  }
},
{
  "model": "auth.permission",
  "pk": 13,
  "fields": {
    "name": "Can add content type",
    "content_type": 4,
    "codename": "add_contenttype"
  }
},
{
  "model": "auth.permission",
  "pk": 14,
  "fields": {
    "name": "Can change content type",
    "content_type": 4,
    "codename": "change_contenttype"
  }
},
{
  "model": "auth.permission",
  "pk": 15,
  "fields": {
    "name": "Can delete content type",
    "content_type": 4,
    "codename": "delete_contenttype"
  }
},
{
  "model": "auth.permission",
  "pk": 16,
  "fields": {
    "name": "Can view content type",
    "content_type": 4,
    "codename": "view_contenttype"
  }
},
{
  "model": "auth.permission",
  "pk": 17,
  "fields": {
    "name": "Can add session",
    "content_type": 5,
    "codename": "add_session"
  }
},
{
  "model": "auth.permission",
  "pk": 18,
  "fields": {
    "name": "Can change session",
    "content_type": 5,
    "codename": "change_session"
  }
},
{
  "model": "auth.permission",
  "pk": 19,
  "fields": {
    "name": "Can delete session",
    "content_type": 5,
    "codename": "delete_session"
  }
},
{
  "model": "auth.permission",
  "pk": 20,
  "fields": {
    "name": "Can view session",
    "content_type": 5,
    "codename": "view_session"
  }
},
{
  "model": "auth.permission",
  "pk": 21,
  "fields": {
    "name": "Can view Acceso del usuario",
    "content_type": 6,
    "codename": "view_access_users"
  }
},
{
  "model": "auth.permission",
  "pk": 22,
  "fields": {
    "name": "Can delete Acceso del usuario",
    "content_type": 6,
    "codename": "delete_access_users"
  }
},
{
  "model": "auth.permission",
  "pk": 23,
  "fields": {
    "name": "Can view Dashboard",
    "content_type": 7,
    "codename": "view_dashboard"
  }
},
{
  "model": "auth.permission",
  "pk": 24,
  "fields": {
    "name": "Can view Respaldo de BD",
    "content_type": 8,
    "codename": "view_database_backups"
  }
},
{
  "model": "auth.permission",
  "pk": 25,
  "fields": {
    "name": "Can add Respaldo de BD",
    "content_type": 8,
    "codename": "add_database_backups"
  }
},
{
  "model": "auth.permission",
  "pk": 26,
  "fields": {
    "name": "Can delete Respaldo de BD",
    "content_type": 8,
    "codename": "delete_database_backups"
  }
},
{
  "model": "auth.permission",
  "pk": 27,
  "fields": {
    "name": "Can view Tipo de Módulo",
    "content_type": 9,
    "codename": "view_module_type"
  }
},
{
  "model": "auth.permission",
  "pk": 28,
  "fields": {
    "name": "Can add Tipo de Módulo",
    "content_type": 9,
    "codename": "add_module_type"
  }
},
{
  "model": "auth.permission",
  "pk": 29,
  "fields": {
    "name": "Can change Tipo de Módulo",
    "content_type": 9,
    "codename": "change_module_type"
  }
},
{
  "model": "auth.permission",
  "pk": 30,
  "fields": {
    "name": "Can delete Tipo de Módulo",
    "content_type": 9,
    "codename": "delete_module_type"
  }
},
{
  "model": "auth.permission",
  "pk": 31,
  "fields": {
    "name": "Can add Módulo",
    "content_type": 10,
    "codename": "add_module"
  }
},
{
  "model": "auth.permission",
  "pk": 32,
  "fields": {
    "name": "Can change Módulo",
    "content_type": 10,
    "codename": "change_module"
  }
},
{
  "model": "auth.permission",
  "pk": 33,
  "fields": {
    "name": "Can delete Módulo",
    "content_type": 10,
    "codename": "delete_module"
  }
},
{
  "model": "auth.permission",
  "pk": 34,
  "fields": {
    "name": "Can view Módulo",
    "content_type": 10,
    "codename": "view_module"
  }
},
{
  "model": "auth.permission",
  "pk": 35,
  "fields": {
    "name": "Can add Usuario",
    "content_type": 13,
    "codename": "add_user"
  }
},
{
  "model": "auth.permission",
  "pk": 36,
  "fields": {
    "name": "Can change Usuario",
    "content_type": 13,
    "codename": "change_user"
  }
},
{
  "model": "auth.permission",
  "pk": 37,
  "fields": {
    "name": "Can delete Usuario",
    "content_type": 13,
    "codename": "delete_user"
  }
},
{
  "model": "auth.permission",
  "pk": 38,
  "fields": {
    "name": "Can view Usuario",
    "content_type": 13,
    "codename": "view_user"
  }
},
{
  "model": "auth.permission",
  "pk": 39,
  "fields": {
    "name": "Can add Asistencia",
    "content_type": 14,
    "codename": "add_assistance"
  }
},
{
  "model": "auth.permission",
  "pk": 40,
  "fields": {
    "name": "Can change Asistencia",
    "content_type": 14,
    "codename": "change_assistance"
  }
},
{
  "model": "auth.permission",
  "pk": 41,
  "fields": {
    "name": "Can delete Asistencia",
    "content_type": 14,
    "codename": "delete_assistance"
  }
},
{
  "model": "auth.permission",
  "pk": 42,
  "fields": {
    "name": "Can view Asistencia",
    "content_type": 14,
    "codename": "view_assistance"
  }
},
{
  "model": "auth.permission",
  "pk": 43,
  "fields": {
    "name": "Can add Categoria",
    "content_type": 15,
    "codename": "add_category"
  }
},
{
  "model": "auth.permission",
  "pk": 44,
  "fields": {
    "name": "Can change Categoria",
    "content_type": 15,
    "codename": "change_category"
  }
},
{
  "model": "auth.permission",
  "pk": 45,
  "fields": {
    "name": "Can delete Categoria",
    "content_type": 15,
    "codename": "delete_category"
  }
},
{
  "model": "auth.permission",
  "pk": 46,
  "fields": {
    "name": "Can view Categoria",
    "content_type": 15,
    "codename": "view_category"
  }
},
{
  "model": "auth.permission",
  "pk": 47,
  "fields": {
    "name": "Can add Cliente",
    "content_type": 16,
    "codename": "add_client"
  }
},
{
  "model": "auth.permission",
  "pk": 48,
  "fields": {
    "name": "Can change Cliente",
    "content_type": 16,
    "codename": "change_client"
  }
},
{
  "model": "auth.permission",
  "pk": 49,
  "fields": {
    "name": "Can delete Cliente",
    "content_type": 16,
    "codename": "delete_client"
  }
},
{
  "model": "auth.permission",
  "pk": 50,
  "fields": {
    "name": "Can view Cliente",
    "content_type": 16,
    "codename": "view_client"
  }
},
{
  "model": "auth.permission",
  "pk": 51,
  "fields": {
    "name": "Can view Empresa",
    "content_type": 17,
    "codename": "view_company"
  }
},
{
  "model": "auth.permission",
  "pk": 52,
  "fields": {
    "name": "Can add Empleado",
    "content_type": 18,
    "codename": "add_employee"
  }
},
{
  "model": "auth.permission",
  "pk": 53,
  "fields": {
    "name": "Can change Empleado",
    "content_type": 18,
    "codename": "change_employee"
  }
},
{
  "model": "auth.permission",
  "pk": 54,
  "fields": {
    "name": "Can delete Empleado",
    "content_type": 18,
    "codename": "delete_employee"
  }
},
{
  "model": "auth.permission",
  "pk": 55,
  "fields": {
    "name": "Can view Empleado",
    "content_type": 18,
    "codename": "view_employee"
  }
},
{
  "model": "auth.permission",
  "pk": 56,
  "fields": {
    "name": "Can add Rubro",
    "content_type": 19,
    "codename": "add_headings"
  }
},
{
  "model": "auth.permission",
  "pk": 57,
  "fields": {
    "name": "Can change Rubro",
    "content_type": 19,
    "codename": "change_headings"
  }
},
{
  "model": "auth.permission",
  "pk": 58,
  "fields": {
    "name": "Can delete Rubro",
    "content_type": 19,
    "codename": "delete_headings"
  }
},
{
  "model": "auth.permission",
  "pk": 59,
  "fields": {
    "name": "Can view Rubro",
    "content_type": 19,
    "codename": "view_headings"
  }
},
{
  "model": "auth.permission",
  "pk": 60,
  "fields": {
    "name": "Can add Lote",
    "content_type": 20,
    "codename": "add_lot"
  }
},
{
  "model": "auth.permission",
  "pk": 61,
  "fields": {
    "name": "Can change Lote",
    "content_type": 20,
    "codename": "change_lot"
  }
},
{
  "model": "auth.permission",
  "pk": 62,
  "fields": {
    "name": "Can delete Lote",
    "content_type": 20,
    "codename": "delete_lot"
  }
},
{
  "model": "auth.permission",
  "pk": 63,
  "fields": {
    "name": "Can view Lote",
    "content_type": 20,
    "codename": "view_lot"
  }
},
{
  "model": "auth.permission",
  "pk": 64,
  "fields": {
    "name": "Can add Producto",
    "content_type": 21,
    "codename": "add_product"
  }
},
{
  "model": "auth.permission",
  "pk": 65,
  "fields": {
    "name": "Can change Producto",
    "content_type": 21,
    "codename": "change_product"
  }
},
{
  "model": "auth.permission",
  "pk": 66,
  "fields": {
    "name": "Can delete Producto",
    "content_type": 21,
    "codename": "delete_product"
  }
},
{
  "model": "auth.permission",
  "pk": 67,
  "fields": {
    "name": "Can view Producto",
    "content_type": 21,
    "codename": "view_product"
  }
},
{
  "model": "auth.permission",
  "pk": 68,
  "fields": {
    "name": "Can view Producción",
    "content_type": 22,
    "codename": "view_production"
  }
},
{
  "model": "auth.permission",
  "pk": 69,
  "fields": {
    "name": "Can add Producción",
    "content_type": 22,
    "codename": "add_production"
  }
},
{
  "model": "auth.permission",
  "pk": 70,
  "fields": {
    "name": "Can delete Producción",
    "content_type": 22,
    "codename": "delete_production"
  }
},
{
  "model": "auth.permission",
  "pk": 71,
  "fields": {
    "name": "Can add Promoción",
    "content_type": 24,
    "codename": "add_promotions"
  }
},
{
  "model": "auth.permission",
  "pk": 72,
  "fields": {
    "name": "Can change Promoción",
    "content_type": 24,
    "codename": "change_promotions"
  }
},
{
  "model": "auth.permission",
  "pk": 73,
  "fields": {
    "name": "Can delete Promoción",
    "content_type": 24,
    "codename": "delete_promotions"
  }
},
{
  "model": "auth.permission",
  "pk": 74,
  "fields": {
    "name": "Can view Promoción",
    "content_type": 24,
    "codename": "view_promotions"
  }
},
{
  "model": "auth.permission",
  "pk": 75,
  "fields": {
    "name": "Can add Proveedor",
    "content_type": 25,
    "codename": "add_provider"
  }
},
{
  "model": "auth.permission",
  "pk": 76,
  "fields": {
    "name": "Can change Proveedor",
    "content_type": 25,
    "codename": "change_provider"
  }
},
{
  "model": "auth.permission",
  "pk": 77,
  "fields": {
    "name": "Can delete Proveedor",
    "content_type": 25,
    "codename": "delete_provider"
  }
},
{
  "model": "auth.permission",
  "pk": 78,
  "fields": {
    "name": "Can view Proveedor",
    "content_type": 25,
    "codename": "view_provider"
  }
},
{
  "model": "auth.permission",
  "pk": 79,
  "fields": {
    "name": "Can view Compra",
    "content_type": 26,
    "codename": "view_purchase"
  }
},
{
  "model": "auth.permission",
  "pk": 80,
  "fields": {
    "name": "Can add Compra",
    "content_type": 26,
    "codename": "add_purchase"
  }
},
{
  "model": "auth.permission",
  "pk": 81,
  "fields": {
    "name": "Can delete Compra",
    "content_type": 26,
    "codename": "delete_purchase"
  }
},
{
  "model": "auth.permission",
  "pk": 82,
  "fields": {
    "name": "Can add Salario",
    "content_type": 27,
    "codename": "add_salary"
  }
},
{
  "model": "auth.permission",
  "pk": 83,
  "fields": {
    "name": "Can change Salario",
    "content_type": 27,
    "codename": "change_salary"
  }
},
{
  "model": "auth.permission",
  "pk": 84,
  "fields": {
    "name": "Can delete Salario",
    "content_type": 27,
    "codename": "delete_salary"
  }
},
{
  "model": "auth.permission",
  "pk": 85,
  "fields": {
    "name": "Can view Salario",
    "content_type": 27,
    "codename": "view_salary"
  }
},
{
  "model": "auth.permission",
  "pk": 86,
  "fields": {
    "name": "Can view Venta",
    "content_type": 28,
    "codename": "view_sale"
  }
},
{
  "model": "auth.permission",
  "pk": 87,
  "fields": {
    "name": "Can add Venta",
    "content_type": 28,
    "codename": "add_sale"
  }
},
{
  "model": "auth.permission",
  "pk": 88,
  "fields": {
    "name": "Can delete Venta",
    "content_type": 28,
    "codename": "delete_sale"
  }
},
{
  "model": "auth.permission",
  "pk": 89,
  "fields": {
    "name": "Can add Etapa de Crecimiento",
    "content_type": 29,
    "codename": "add_stage"
  }
},
{
  "model": "auth.permission",
  "pk": 90,
  "fields": {
    "name": "Can change Etapa de Crecimiento",
    "content_type": 29,
    "codename": "change_stage"
  }
},
{
  "model": "auth.permission",
  "pk": 91,
  "fields": {
    "name": "Can delete Etapa de Crecimiento",
    "content_type": 29,
    "codename": "delete_stage"
  }
},
{
  "model": "auth.permission",
  "pk": 92,
  "fields": {
    "name": "Can view Etapa de Crecimiento",
    "content_type": 29,
    "codename": "view_stage"
  }
},
{
  "model": "auth.permission",
  "pk": 93,
  "fields": {
    "name": "Can add Insumo",
    "content_type": 32,
    "codename": "add_resource"
  }
},
{
  "model": "auth.permission",
  "pk": 94,
  "fields": {
    "name": "Can change Insumo",
    "content_type": 32,
    "codename": "change_resource"
  }
},
{
  "model": "auth.permission",
  "pk": 95,
  "fields": {
    "name": "Can delete Insumo",
    "content_type": 32,
    "codename": "delete_resource"
  }
},
{
  "model": "auth.permission",
  "pk": 96,
  "fields": {
    "name": "Can view Insumo",
    "content_type": 32,
    "codename": "view_resource"
  }
},
{
  "model": "auth.permission",
  "pk": 97,
  "fields": {
    "name": "Can add Prestamo",
    "content_type": 37,
    "codename": "add_loans"
  }
},
{
  "model": "auth.permission",
  "pk": 98,
  "fields": {
    "name": "Can change Prestamo",
    "content_type": 37,
    "codename": "change_loans"
  }
},
{
  "model": "auth.permission",
  "pk": 99,
  "fields": {
    "name": "Can delete Prestamo",
    "content_type": 37,
    "codename": "delete_loans"
  }
},
{
  "model": "auth.permission",
  "pk": 100,
  "fields": {
    "name": "Can view Prestamo",
    "content_type": 37,
    "codename": "view_loans"
  }
},
{
  "model": "auth.permission",
  "pk": 101,
  "fields": {
    "name": "Can view Cosecha",
    "content_type": 39,
    "codename": "view_harvest"
  }
},
{
  "model": "auth.permission",
  "pk": 102,
  "fields": {
    "name": "Can add Cosecha",
    "content_type": 39,
    "codename": "add_harvest"
  }
},
{
  "model": "auth.permission",
  "pk": 103,
  "fields": {
    "name": "Can delete Cosecha",
    "content_type": 39,
    "codename": "delete"
  }
},
{
  "model": "auth.permission",
  "pk": 104,
  "fields": {
    "name": "Can view Pregunta y Respuesta",
    "content_type": 40,
    "codename": "view_frequent_questions"
  }
},
{
  "model": "auth.permission",
  "pk": 105,
  "fields": {
    "name": "Can add Pregunta y Respuesta",
    "content_type": 40,
    "codename": "add_frequent_questions"
  }
},
{
  "model": "auth.permission",
  "pk": 106,
  "fields": {
    "name": "Can change Pregunta y Respuesta",
    "content_type": 40,
    "codename": "change_frequent_questions"
  }
},
{
  "model": "auth.permission",
  "pk": 107,
  "fields": {
    "name": "Can delete Pregunta y Respuesta",
    "content_type": 40,
    "codename": "delete_frequent_questions"
  }
},
{
  "model": "auth.permission",
  "pk": 108,
  "fields": {
    "name": "Can add Servicio",
    "content_type": 41,
    "codename": "add_services"
  }
},
{
  "model": "auth.permission",
  "pk": 109,
  "fields": {
    "name": "Can change Servicio",
    "content_type": 41,
    "codename": "change_services"
  }
},
{
  "model": "auth.permission",
  "pk": 110,
  "fields": {
    "name": "Can delete Servicio",
    "content_type": 41,
    "codename": "delete_services"
  }
},
{
  "model": "auth.permission",
  "pk": 111,
  "fields": {
    "name": "Can view Servicio",
    "content_type": 41,
    "codename": "view_services"
  }
},
{
  "model": "auth.permission",
  "pk": 112,
  "fields": {
    "name": "Can view Red Social",
    "content_type": 42,
    "codename": "view_social_networks"
  }
},
{
  "model": "auth.permission",
  "pk": 113,
  "fields": {
    "name": "Can add Red Social",
    "content_type": 42,
    "codename": "add_social_networks"
  }
},
{
  "model": "auth.permission",
  "pk": 114,
  "fields": {
    "name": "Can change Red Social",
    "content_type": 42,
    "codename": "change_social_networks"
  }
},
{
  "model": "auth.permission",
  "pk": 115,
  "fields": {
    "name": "Can delete Red Social",
    "content_type": 42,
    "codename": "delete_social_networks"
  }
},
{
  "model": "auth.permission",
  "pk": 116,
  "fields": {
    "name": "Can add Testimonios",
    "content_type": 43,
    "codename": "add_testimonials"
  }
},
{
  "model": "auth.permission",
  "pk": 117,
  "fields": {
    "name": "Can change Testimonios",
    "content_type": 43,
    "codename": "change_testimonials"
  }
},
{
  "model": "auth.permission",
  "pk": 118,
  "fields": {
    "name": "Can delete Testimonios",
    "content_type": 43,
    "codename": "delete_testimonials"
  }
},
{
  "model": "auth.permission",
  "pk": 119,
  "fields": {
    "name": "Can view Testimonios",
    "content_type": 43,
    "codename": "view_testimonials"
  }
},
{
  "model": "auth.permission",
  "pk": 120,
  "fields": {
    "name": "Can view Etapa de Crecimiento de la Producción",
    "content_type": 35,
    "codename": "view_production_stages"
  }
},
{
  "model": "auth.permission",
  "pk": 121,
  "fields": {
    "name": "Can view Cosecha",
    "content_type": 22,
    "codename": "view_harvest"
  }
},
{
  "model": "auth.permission",
  "pk": 122,
  "fields": {
    "name": "Can view Venta | Cliente",
    "content_type": 28,
    "codename": "view_sale_client"
  }
},
{
  "model": "auth.permission",
  "pk": 123,
  "fields": {
    "name": "Can add Venta | Cliente",
    "content_type": 28,
    "codename": "add_sale_client"
  }
},
{
  "model": "auth.permission",
  "pk": 124,
  "fields": {
    "name": "Can add Token",
    "content_type": 45,
    "codename": "add_token"
  }
},
{
  "model": "auth.permission",
  "pk": 125,
  "fields": {
    "name": "Can change Token",
    "content_type": 45,
    "codename": "change_token"
  }
},
{
  "model": "auth.permission",
  "pk": 126,
  "fields": {
    "name": "Can delete Token",
    "content_type": 45,
    "codename": "delete_token"
  }
},
{
  "model": "auth.permission",
  "pk": 127,
  "fields": {
    "name": "Can view Token",
    "content_type": 45,
    "codename": "view_token"
  }
},
{
  "model": "auth.permission",
  "pk": 128,
  "fields": {
    "name": "Can add token",
    "content_type": 46,
    "codename": "add_tokenproxy"
  }
},
{
  "model": "auth.permission",
  "pk": 129,
  "fields": {
    "name": "Can change token",
    "content_type": 46,
    "codename": "change_tokenproxy"
  }
},
{
  "model": "auth.permission",
  "pk": 130,
  "fields": {
    "name": "Can delete token",
    "content_type": 46,
    "codename": "delete_tokenproxy"
  }
},
{
  "model": "auth.permission",
  "pk": 131,
  "fields": {
    "name": "Can view token",
    "content_type": 46,
    "codename": "view_tokenproxy"
  }
},
{
  "model": "auth.group",
  "pk": 1,
  "fields": {
    "name": "Administrador",
    "permissions": [
      9,
      10,
      11,
      12,
      39,
      40,
      41,
      42,
      43,
      44,
      45,
      46,
      47,
      48,
      49,
      50,
      51,
      52,
      53,
      54,
      55,
      56,
      57,
      58,
      59,
      97,
      98,
      99,
      100,
      60,
      61,
      62,
      63,
      64,
      65,
      66,
      67,
      69,
      70,
      121,
      68,
      120,
      71,
      72,
      73,
      74,
      75,
      76,
      77,
      78,
      80,
      81,
      79,
      93,
      94,
      95,
      96,
      82,
      83,
      84,
      85,
      87,
      88,
      86,
      89,
      90,
      91,
      92,
      105,
      106,
      107,
      104,
      108,
      109,
      110,
      111,
      113,
      114,
      115,
      112,
      116,
      117,
      118,
      119,
      22,
      21,
      25,
      26,
      24,
      31,
      32,
      33,
      34,
      28,
      29,
      30,
      27,
      35,
      36,
      37,
      38
    ]
  }
},
{
  "model": "auth.group",
  "pk": 2,
  "fields": {
    "name": "Cliente",
    "permissions": [
      123,
      122
    ]
  }
},
{
  "model": "contenttypes.contenttype",
  "pk": 1,
  "fields": {
    "app_label": "admin",
    "model": "logentry"
  }
},
{
  "model": "contenttypes.contenttype",
  "pk": 2,
  "fields": {
    "app_label": "auth",
    "model": "permission"
  }
},
{
  "model": "contenttypes.contenttype",
  "pk": 3,
  "fields": {
    "app_label": "auth",
    "model": "group"
  }
},
{
  "model": "contenttypes.contenttype",
  "pk": 4,
  "fields": {
    "app_label": "contenttypes",
    "model": "contenttype"
  }
},
{
  "model": "contenttypes.contenttype",
  "pk": 5,
  "fields": {
    "app_label": "sessions",
    "model": "session"
  }
},
{
  "model": "contenttypes.contenttype",
  "pk": 6,
  "fields": {
    "app_label": "security",
    "model": "accessusers"
  }
},
{
  "model": "contenttypes.contenttype",
  "pk": 7,
  "fields": {
    "app_label": "security",
    "model": "dashboard"
  }
},
{
  "model": "contenttypes.contenttype",
  "pk": 8,
  "fields": {
    "app_label": "security",
    "model": "databasebackups"
  }
},
{
  "model": "contenttypes.contenttype",
  "pk": 9,
  "fields": {
    "app_label": "security",
    "model": "moduletype"
  }
},
{
  "model": "contenttypes.contenttype",
  "pk": 10,
  "fields": {
    "app_label": "security",
    "model": "module"
  }
},
{
  "model": "contenttypes.contenttype",
  "pk": 11,
  "fields": {
    "app_label": "security",
    "model": "grouppermission"
  }
},
{
  "model": "contenttypes.contenttype",
  "pk": 12,
  "fields": {
    "app_label": "security",
    "model": "groupmodule"
  }
},
{
  "model": "contenttypes.contenttype",
  "pk": 13,
  "fields": {
    "app_label": "user",
    "model": "user"
  }
},
{
  "model": "contenttypes.contenttype",
  "pk": 14,
  "fields": {
    "app_label": "erp",
    "model": "assistance"
  }
},
{
  "model": "contenttypes.contenttype",
  "pk": 15,
  "fields": {
    "app_label": "erp",
    "model": "category"
  }
},
{
  "model": "contenttypes.contenttype",
  "pk": 16,
  "fields": {
    "app_label": "erp",
    "model": "client"
  }
},
{
  "model": "contenttypes.contenttype",
  "pk": 17,
  "fields": {
    "app_label": "erp",
    "model": "company"
  }
},
{
  "model": "contenttypes.contenttype",
  "pk": 18,
  "fields": {
    "app_label": "erp",
    "model": "employee"
  }
},
{
  "model": "contenttypes.contenttype",
  "pk": 19,
  "fields": {
    "app_label": "erp",
    "model": "headings"
  }
},
{
  "model": "contenttypes.contenttype",
  "pk": 20,
  "fields": {
    "app_label": "erp",
    "model": "lot"
  }
},
{
  "model": "contenttypes.contenttype",
  "pk": 21,
  "fields": {
    "app_label": "erp",
    "model": "product"
  }
},
{
  "model": "contenttypes.contenttype",
  "pk": 22,
  "fields": {
    "app_label": "erp",
    "model": "production"
  }
},
{
  "model": "contenttypes.contenttype",
  "pk": 23,
  "fields": {
    "app_label": "erp",
    "model": "productionproducts"
  }
},
{
  "model": "contenttypes.contenttype",
  "pk": 24,
  "fields": {
    "app_label": "erp",
    "model": "promotions"
  }
},
{
  "model": "contenttypes.contenttype",
  "pk": 25,
  "fields": {
    "app_label": "erp",
    "model": "provider"
  }
},
{
  "model": "contenttypes.contenttype",
  "pk": 26,
  "fields": {
    "app_label": "erp",
    "model": "purchase"
  }
},
{
  "model": "contenttypes.contenttype",
  "pk": 27,
  "fields": {
    "app_label": "erp",
    "model": "salary"
  }
},
{
  "model": "contenttypes.contenttype",
  "pk": 28,
  "fields": {
    "app_label": "erp",
    "model": "sale"
  }
},
{
  "model": "contenttypes.contenttype",
  "pk": 29,
  "fields": {
    "app_label": "erp",
    "model": "stage"
  }
},
{
  "model": "contenttypes.contenttype",
  "pk": 30,
  "fields": {
    "app_label": "erp",
    "model": "saledetail"
  }
},
{
  "model": "contenttypes.contenttype",
  "pk": 31,
  "fields": {
    "app_label": "erp",
    "model": "salarydetail"
  }
},
{
  "model": "contenttypes.contenttype",
  "pk": 32,
  "fields": {
    "app_label": "erp",
    "model": "resource"
  }
},
{
  "model": "contenttypes.contenttype",
  "pk": 33,
  "fields": {
    "app_label": "erp",
    "model": "purchasedetail"
  }
},
{
  "model": "contenttypes.contenttype",
  "pk": 34,
  "fields": {
    "app_label": "erp",
    "model": "promotionsdetail"
  }
},
{
  "model": "contenttypes.contenttype",
  "pk": 35,
  "fields": {
    "app_label": "erp",
    "model": "productionstages"
  }
},
{
  "model": "contenttypes.contenttype",
  "pk": 36,
  "fields": {
    "app_label": "erp",
    "model": "productionresources"
  }
},
{
  "model": "contenttypes.contenttype",
  "pk": 37,
  "fields": {
    "app_label": "erp",
    "model": "loans"
  }
},
{
  "model": "contenttypes.contenttype",
  "pk": 38,
  "fields": {
    "app_label": "erp",
    "model": "loanpayments"
  }
},
{
  "model": "contenttypes.contenttype",
  "pk": 39,
  "fields": {
    "app_label": "erp",
    "model": "harvest"
  }
},
{
  "model": "contenttypes.contenttype",
  "pk": 40,
  "fields": {
    "app_label": "homepage",
    "model": "frequentquestions"
  }
},
{
  "model": "contenttypes.contenttype",
  "pk": 41,
  "fields": {
    "app_label": "homepage",
    "model": "services"
  }
},
{
  "model": "contenttypes.contenttype",
  "pk": 42,
  "fields": {
    "app_label": "homepage",
    "model": "socialnetworks"
  }
},
{
  "model": "contenttypes.contenttype",
  "pk": 43,
  "fields": {
    "app_label": "homepage",
    "model": "testimonials"
  }
},
{
  "model": "contenttypes.contenttype",
  "pk": 44,
  "fields": {
    "app_label": "erp",
    "model": "harvestdetail"
  }
},
{
  "model": "contenttypes.contenttype",
  "pk": 45,
  "fields": {
    "app_label": "authtoken",
    "model": "token"
  }
},
{
  "model": "contenttypes.contenttype",
  "pk": 46,
  "fields": {
    "app_label": "authtoken",
    "model": "tokenproxy"
  }
},
{
  "model": "sessions.session",
  "pk": "1nuewwkrjouq9sq4nuyyg1qhn4ia5ldj",
  "fields": {
    "session_data": ".eJx1kltPFDEYhjktroug8YReqKMJiVwwu-yBGeIJTcQYAjGYeNt02s620p2ZtB0SLkj0QmWT3lH_kT_MrzMskoBzM_n6nZ6-b781fv-Znaq-Y_fcLiJcGo5KzRQS1NnpdWdvXzhLMDlgGSRW6VecDfOQ5JlRIgl9SXiW1eFuTpl8N6m9eWEAx5o7uxX30oh1evFm2l_vkqiLozjudaIejvsJ24zjTko3OoNoo8M2Ekr6BCaTqNcdkKif0IRGzjaGKi8LZ--dgdAkHPmtGig0c3apilCZFYIcSOZOnZ3zGND5oer86X64fecvPY-0wYY53rStivxzFZ661e91HlMqsqEb2xmaOHuNshSX0jh7IxVMUo0IJpxBaZnYGVBtZ9rOZXgEEItv6UhkQhuFaa68EjUtOmRKizwDmH7YCbu-cx6ASwDlLdvUjJRKmCNn53fr0yto79R4_OGx4_fHfJk_mOwP7GyppLO32kwVbY0la2MP0nYTsKUvLDNYtz8xKmiua7lgDzJHBfPO7zTtAmWaKFGYChRK1UgYFuDzK6lAYh0cVpMCygKZ66BQMIcYP3JOEN94N4Vsitc0z4sCZFwjWIF2DTHCQyB5dMm_WlT4SebBPvq6bX-2LeQ_V3hop0AeAksZBWtaiOQjADQQndgG8u1uzzZFBnJlBPRasY1qtLPL_9np7AKSOaaorjt1_Cl_xge_QHmQdkFo75sRBEtYcR1CTIw4ZBC0fE5okUgfPZ7YTCTDWVmgXImhyLA8fyl8wOPJPfgL_nLMX53w13v8DV_hW_x9mejLb4U_AYgmGItAdnOVu2X4F0B_dcg:1p1sWw:WtV-vE8KkVA5A0NGVLD9NMtH0GMsKxN70yIWVMvRJdg",
    "expire_date": "2022-12-18T17:11:54.644Z"
  }
},
{
  "model": "sessions.session",
  "pk": "62vsnxpvk9wx3f29r6uxnpqgr2vcec2u",
  "fields": {
    "session_data": ".eJx1kltPFDEYhjktrouowSB6gY4mJHLB7LIHZognNBFDCITgD2g6bWdb6M5M2g4JFyR6oULSO-ov8w_5dYZFEnRvZr9-p6fv26-NX7-nJ6rfmXtl5xEuDUelZgoJ6uzkurMLN84STI5ZBolVeoSzYR6SPDNKJKEvCa-yOtzLKZMfx7UPbgzgWHNnt-JeGrFOL95M--tdEnVxFMe9TtTDcT9hm3HcSelGZxBtdNhGQkmfwGQS9boDEvUTmtDI2cZQ5WXh7OIVCE3Ckd-qgUIzZ-9XESqzQpBjydylszMeAzo_V50_3Hd36PylZ5E22DDHm7ZVkX-pwku3-q3OY0pFNnQXdoomzt6hLMWlNM7eSwWTVCOCCWdQWiZ2ClTbnbQzGR4BxPwHOhKZ0EZhmiuvRE2LTpjSIs8Aph92wq7vnAXgEkB5yzY1I6US5tTZ2b369B-0j2o8_vTM8ccXfIk_Ge9fttOlks4-bDNVtAsFI4iBdW03Bls4ZMMwOIBMeyc7YsrkupYMdiFzWjDv_m7DzlGmiRKFqWA3D5gaCcMCfH0tFUisg3oFgSKmAxAwIKCPOMnhfwDi4BwWC-JHLKZQnuI1giW8DazWQDlyDDqIER4C2PItO2uN4SOZZ9zxddv-bFvIvybx0E6AWkTmmlFwqoVIPgJWA9G5bSDf7vZtU2SgXkZAvhXbqEY7u_Sfnc7OIZljiuq6S8df8Jd88BOMAKXnhPY2GgFXgRV3IcSg8gmDoOVzQotE-ujZ2HUiGc7KAuVKDEWG5fXD4QMej-_BX_M3F_ztOX-3z9_zFb7FP5WJvv10-HOAaILPCBww_zK7DP8Av-h7jg:1p0rPw:6WIKtPbMLrwmAKTbuIFgEuu1osFfmJaAJqmFwFvHXQY",
    "expire_date": "2022-12-15T21:48:28.509Z"
  }
},
{
  "model": "sessions.session",
  "pk": "mjya51hlb1ch98q5lr9x1qvfv543kej5",
  "fields": {
    "session_data": ".eJx1kltPFDEYhjnsrusiajyhF-poQiIXzC57YIZ4QhMxhkCMJt42nbazrXRnJm2HhAsSvVAh6R313_jj_DrDIgk4N5Ov3-np-_Zb8_ef-ZnqO3TP7CLCpeGo1EwhQZ2dXXP21rmzBJM9lkFihX7F2TgPSZ4ZJZLQl4SnWR3u5JTJt9PaG-cGcKy5s5vxII1YbxBvpMO1Pon6OIrjQS8a4HiYsI047qV0vTeK1ntsPaFkSGAyiQb9EYmGCU1o5GxzrPKycPbuKQhNwonfqoFCM2evVxEqs0KQPcncibMNjwGd76vOn-6H--T8pVtIG2yY423bqcg_V-GJW_le5zGlIhu7YztHE2evUJbiUhpnr6WCSaoRwYQzKC0TOweqbc_aRoYnALH4hk5EJrRRmObKK1HTon2mtMgzgBmGvbDvO1sAXAIo79i2ZqRUwhw429qpTy-hvV3j8QeHjt875kv8_nR_YOdLJZ292WWq6GosWRd7kK6bgrW-sMxgXcsE85E5KJh3fLthFyjTRInCVIDdj0xNhGEBPruKCiTWwX41IaAskLkOCgVziMlhZEMQ33gnhWyKVzXPiwLkWyVYgWZNMcFjIHh4wbdaTPhJ5sE--Lotf7Yl5D83eGhngJ_AUkbBkg4i-QQADURHtol8u9u1bZGBTBkBnZZtsxrt7NJ_djq7gGSOKarrThx_wp_y0S9QHCRdENr7ZQTBElZchRATI_YZBB2fE1ok0kePpvYSyXBWFihXYiwyLM9eCB_xeHoP_py_OOYvj_irXf6aL_NN_q5M9MU3wh8DRBsMRSC7uczVMvwLutlyvQ:1ozn43:8gciR1bUotLNEj9PAghIF0s7apl9RwvzRrSpXGrfYGw",
    "expire_date": "2022-12-12T22:57:27.946Z"
  }
},
{
  "model": "sessions.session",
  "pk": "plfcijkeik18d7o7ducmwb02yg90r181",
  "fields": {
    "session_data": ".eJx1kt1OFDEUx_nadV1EE0XQC3U1IZELhmU_mCGiookYQyBEH6DptJ1tZXZm7AcJFyR6oULSu60P4jP4JL6JpzMskgBzMc3p-fqd8-_X2q-_0xPld-ye2zmEjebIKCaRoM5Orjl798JdjMkBy8CxTD_jbJAHJM-0FHHgQ4Izrwp2c8rSt-PYOxcKcKy4s1tRNwlZuxttJL21Dgk7OIyibjvs4qgXs40oaid0vd0P19tsPaakR6AyCbudPgl7MY1p6GxtIHNTOHv_DITGwdB3VUChmLO3SwuZrBDkIGVu5OyMx4DM92XmD_fdfXR-6DpSGmvmeMM2S_JPpTlyy98qP6ZUZAN3aqdo7OwNyhJsUu3srUSwlCpEMOEMQk1sp2BrO5N2JsNDgJh7Q4ciE0pLTHPpN1HRokMmlcgzgOkF7aDjM-sAbACUN21DMWKk0EfO1ner2yto71V4_OGx4wunfJE_GPdfsNNGps7OryaSfTEs06vwVxo6qlU3hpvfl2xgMo1VC8KID2OqWhx0RPqoYP4N7NTtLGWKSFHoEnlzn8mh0KyFz4eTrRSqFFfUa1EGvhbJhwX-81tg6C6Ir7KQ-Di8MgZbIUISGNTWxBAP4Hx0Sdhq23CkJecHH7ft77ZF-l8uHtgJ2BtJc8UoaNZE0Bx4NVgntoZ8utuzDZHBHjMCi1yytbK0s4vX9HR2FqU5pqiKGzn-lD_j_Z8gCex8VigvqBYEp9DiJpiYaHHIwGh6n1AiTr31eKw_TIozU6BcioHIcHr-hHifR-M5-Au-ecpfnvBXe_w1X-Jb_J2J1eVHxJ8ARAMUR6CCvk52E_wDWM-DWw:1p044o:6lFZgwf_mklvb5xhAl4WPnxEdkyswe3Jy29DdDQcfgA",
    "expire_date": "2022-12-13T17:07:22.832Z"
  }
},
{
  "model": "sessions.session",
  "pk": "w2eulhpbuf92t3ladfc6hwxhv7xkcv0c",
  "fields": {
    "session_data": ".eJx1kltPFDEYhjktroug8YReqKMJiVwwu-yBGeIJTcQYAjGYeNt02s620p2ZtB0SLkj0QmWT3lH_kT_MrzMskoBzM_n6nZ6-b781fv-Znaq-Y_fcLiJcGo5KzRQS1NnpdWdvXzhLMDlgGSRW6VecDfOQ5JlRIgl9SXiW1eFuTpl8N6m9eWEAx5o7uxX30oh1evFm2l_vkqiLozjudaIejvsJ24zjTko3OoNoo8M2Ekr6BCaTqNcdkKif0IRGzjaGKi8LZ--dgdAkHPmtGig0c3apilCZFYIcSOZOnZ3zGND5oer86X64fecvPY-0wYY53rStivxzFZ661e91HlMqsqEb2xmaOHuNshSX0jh7IxVMUo0IJpxBaZnYGVBtZ9rOZXgEEItv6UhkQhuFaa68EjUtOmRKizwDmH7YCbu-cx6ASwDlLdvUjJRKmCNn53fr0yto79R4_OGx4_fHfJk_mOwP7GyppLO32kwVbY0la2MP0nYTsKUvLDNYtz8xKmiua7lgDzJHBfPO7zTtAmWaKFGYChRK1UgYFuDzK6lAYh0cVpMCygKZ66BQMIcYP3JOEN94N4Vsitc0z4sCZFwjWIF2DTHCQyB5dMm_WlT4SebBPvq6bX-2LeQ_V3hop0AeAksZBWtaiOQjADQQndgG8u1uzzZFBnJlBPRasY1qtLPL_9np7AKSOaaorjt1_Cl_xge_QHmQdkFo75sRBEtYcR1CTIw4ZBC0fE5okUgfPZ7YTCTDWVmgXImhyLA8fyl8wOPJPfgL_nLMX53w13v8DV_hW_x9mejLb4U_AYgmGItAdnOVu2X4F0B_dcg:1p1vQw:XJ9CyYXhLo1_r4xnEzrDX-Y_FB4wSaavUE2smATEOX0",
    "expire_date": "2022-12-18T20:17:54.545Z"
  }
},
{
  "model": "security.dashboard",
  "pk": 1,
  "fields": {
    "name": "Leon Roses",
    "image": "dashboard/2022/12/01/37607_green_organic_plant_wallet_icon.png",
    "icon": "fa-brands fa-pagelines",
    "layout": 1,
    "card": " ",
    "navbar": "navbar-dark navbar-success",
    "brand_logo": " ",
    "sidebar": "sidebar-dark-success"
  }
},
{
  "model": "security.moduletype",
  "pk": 1,
  "fields": {
    "name": "Seguridad",
    "icon": "fas fa-lock",
    "is_active": true
  }
},
{
  "model": "security.moduletype",
  "pk": 2,
  "fields": {
    "name": "Talento Humano",
    "icon": "fas fa-user-clock",
    "is_active": true
  }
},
{
  "model": "security.moduletype",
  "pk": 3,
  "fields": {
    "name": "Inventario",
    "icon": "fas fa-boxes",
    "is_active": true
  }
},
{
  "model": "security.moduletype",
  "pk": 4,
  "fields": {
    "name": "Fact. y Marketing",
    "icon": "fas fa-cart-arrow-down",
    "is_active": true
  }
},
{
  "model": "security.moduletype",
  "pk": 5,
  "fields": {
    "name": "Producción",
    "icon": "far fa-calendar-check",
    "is_active": true
  }
},
{
  "model": "security.moduletype",
  "pk": 6,
  "fields": {
    "name": "Página Principal",
    "icon": "fab fa-buffer",
    "is_active": true
  }
},
{
  "model": "security.moduletype",
  "pk": 7,
  "fields": {
    "name": "Informes",
    "icon": "fas fa-chart-pie",
    "is_active": true
  }
},
{
  "model": "security.moduletype",
  "pk": 8,
  "fields": {
    "name": "Ventas",
    "icon": "fas fa-cash-register",
    "is_active": true
  }
},
{
  "model": "security.moduletype",
  "pk": 9,
  "fields": {
    "name": "BI",
    "icon": "far fa-chart-bar",
    "is_active": true
  }
},
{
  "model": "security.module",
  "pk": 1,
  "fields": {
    "url": "/security/module/type/",
    "name": "Tipos de Módulos",
    "module_type": 1,
    "description": "Permite administrar los tipos de módulos del sistema",
    "icon": "fas fa-door-open",
    "image": "",
    "is_vertical": true,
    "is_active": true,
    "is_visible": true,
    "permits": [
      28,
      29,
      30,
      27
    ]
  }
},
{
  "model": "security.module",
  "pk": 2,
  "fields": {
    "url": "/security/module/",
    "name": "Módulos",
    "module_type": 1,
    "description": "Permite administrar los módulos del sistema",
    "icon": "fas fa-th-large",
    "image": "",
    "is_vertical": true,
    "is_active": true,
    "is_visible": true,
    "permits": [
      31,
      32,
      33,
      34
    ]
  }
},
{
  "model": "security.module",
  "pk": 3,
  "fields": {
    "url": "/security/group/",
    "name": "Perfiles de Usuarios",
    "module_type": 1,
    "description": "Permite administrar los grupos de usuarios del sistema",
    "icon": "fas fa-users",
    "image": "",
    "is_vertical": true,
    "is_active": true,
    "is_visible": true,
    "permits": [
      9,
      10,
      11,
      12
    ]
  }
},
{
  "model": "security.module",
  "pk": 4,
  "fields": {
    "url": "/security/database/backups/",
    "name": "Respaldos",
    "module_type": 1,
    "description": "Permite administrar los respaldos de base de datos",
    "icon": "fas fa-database",
    "image": "",
    "is_vertical": true,
    "is_active": true,
    "is_visible": true,
    "permits": [
      25,
      26,
      24
    ]
  }
},
{
  "model": "security.module",
  "pk": 5,
  "fields": {
    "url": "/security/dashboard/update/",
    "name": "Conf. Dashboard",
    "module_type": 1,
    "description": "Permite configurar los datos de la plantilla",
    "icon": "fas fa-tools",
    "image": "",
    "is_vertical": true,
    "is_active": true,
    "is_visible": true,
    "permits": []
  }
},
{
  "model": "security.module",
  "pk": 6,
  "fields": {
    "url": "/security/access/users/",
    "name": "Seg. del Sistema",
    "module_type": 1,
    "description": "Permite administrar los accesos de los usuarios",
    "icon": "fas fa-user-secret",
    "image": "",
    "is_vertical": true,
    "is_active": true,
    "is_visible": true,
    "permits": [
      22,
      21
    ]
  }
},
{
  "model": "security.module",
  "pk": 7,
  "fields": {
    "url": "/user/",
    "name": "Reg. de Usuarios",
    "module_type": 1,
    "description": "Permite administrar a los usuarios del sistema",
    "icon": "fas fa-user",
    "image": "",
    "is_vertical": true,
    "is_active": true,
    "is_visible": true,
    "permits": [
      35,
      36,
      37,
      38
    ]
  }
},
{
  "model": "security.module",
  "pk": 8,
  "fields": {
    "url": "/erp/headings/",
    "name": "Rubros de Rol de pago",
    "module_type": 2,
    "description": "Permite administrar los rubros de los empleados",
    "icon": "fas fa-file-invoice-dollar",
    "image": "",
    "is_vertical": true,
    "is_active": true,
    "is_visible": true,
    "permits": [
      56,
      57,
      58,
      59
    ]
  }
},
{
  "model": "security.module",
  "pk": 9,
  "fields": {
    "url": "/erp/assistance/",
    "name": "Asistencias",
    "module_type": 2,
    "description": "Permite administrar las asistencias de los empleados",
    "icon": "fas fa-calendar-check",
    "image": "",
    "is_vertical": true,
    "is_active": true,
    "is_visible": true,
    "permits": [
      39,
      40,
      41,
      42
    ]
  }
},
{
  "model": "security.module",
  "pk": 10,
  "fields": {
    "url": "/erp/employee/",
    "name": "Empleados",
    "module_type": 2,
    "description": "Permite administrar los empleados del sistema",
    "icon": "fas fa-user-tie",
    "image": "",
    "is_vertical": true,
    "is_active": true,
    "is_visible": true,
    "permits": [
      52,
      53,
      54,
      55
    ]
  }
},
{
  "model": "security.module",
  "pk": 11,
  "fields": {
    "url": "/erp/salary/",
    "name": "Roles de Pago",
    "module_type": 2,
    "description": "Permite administrar los roles de pago de los empleados",
    "icon": "fas fa-dollar-sign",
    "image": "",
    "is_vertical": true,
    "is_active": true,
    "is_visible": true,
    "permits": [
      82,
      83,
      84,
      85
    ]
  }
},
{
  "model": "security.module",
  "pk": 12,
  "fields": {
    "url": "/erp/provider/",
    "name": "Proveedores",
    "module_type": 3,
    "description": "Permite administrar a los proveedores de las compras",
    "icon": "fas fa-truck",
    "image": "",
    "is_vertical": true,
    "is_active": true,
    "is_visible": true,
    "permits": [
      75,
      76,
      77,
      78
    ]
  }
},
{
  "model": "security.module",
  "pk": 13,
  "fields": {
    "url": "/erp/category/",
    "name": "Categorías",
    "module_type": 3,
    "description": "Permite administrar las categorías de los productos",
    "icon": "fas fa-truck-loading",
    "image": "",
    "is_vertical": true,
    "is_active": true,
    "is_visible": true,
    "permits": [
      43,
      44,
      45,
      46
    ]
  }
},
{
  "model": "security.module",
  "pk": 14,
  "fields": {
    "url": "/erp/resource/",
    "name": "Registro de Materiales",
    "module_type": 3,
    "description": "Permite administrar los insumos del sistema",
    "icon": "fas fa-box",
    "image": "",
    "is_vertical": true,
    "is_active": true,
    "is_visible": true,
    "permits": [
      93,
      94,
      95,
      96
    ]
  }
},
{
  "model": "security.module",
  "pk": 15,
  "fields": {
    "url": "/erp/purchase/",
    "name": "Compras",
    "module_type": 3,
    "description": "Permite administrar las compras de los productos",
    "icon": "fas fa-dolly-flatbed",
    "image": "",
    "is_vertical": true,
    "is_active": true,
    "is_visible": true,
    "permits": [
      80,
      81,
      79
    ]
  }
},
{
  "model": "security.module",
  "pk": 16,
  "fields": {
    "url": "/erp/company/update/",
    "name": "Compañia",
    "module_type": 4,
    "description": "Permite administrar la información de la compañia",
    "icon": "fas fa-building",
    "image": "",
    "is_vertical": true,
    "is_active": true,
    "is_visible": true,
    "permits": [
      51
    ]
  }
},
{
  "model": "security.module",
  "pk": 17,
  "fields": {
    "url": "/erp/client/",
    "name": "Clientes",
    "module_type": 8,
    "description": "Permite administrar los clientes de la empresa",
    "icon": "fas fa-user-check",
    "image": "",
    "is_vertical": true,
    "is_active": true,
    "is_visible": true,
    "permits": [
      47,
      48,
      49,
      50
    ]
  }
},
{
  "model": "security.module",
  "pk": 18,
  "fields": {
    "url": "/erp/promotions/",
    "name": "Promociones",
    "module_type": 4,
    "description": "Permite administrar las promociones de los productos",
    "icon": "far fa-calendar-check",
    "image": "",
    "is_vertical": true,
    "is_active": true,
    "is_visible": true,
    "permits": [
      71,
      72,
      73,
      74
    ]
  }
},
{
  "model": "security.module",
  "pk": 19,
  "fields": {
    "url": "/erp/product/",
    "name": "Cat.Productos/Precios",
    "module_type": 4,
    "description": "Permite administrar los productos del sistema",
    "icon": "fa-brands fa-pagelines",
    "image": "",
    "is_vertical": true,
    "is_active": true,
    "is_visible": true,
    "permits": [
      64,
      65,
      66,
      67
    ]
  }
},
{
  "model": "security.module",
  "pk": 20,
  "fields": {
    "url": "/erp/stage/",
    "name": "Etapas de Crecimiento",
    "module_type": 5,
    "description": "Permite administrar las etapas de cosecha del cacao",
    "icon": "fas fa-stopwatch",
    "image": "",
    "is_vertical": true,
    "is_active": true,
    "is_visible": true,
    "permits": [
      89,
      90,
      91,
      92
    ]
  }
},
{
  "model": "security.module",
  "pk": 21,
  "fields": {
    "url": "/services/",
    "name": "Servicios",
    "module_type": 6,
    "description": "Permite administrar los servicios de la compañia",
    "icon": "fas fa-broom",
    "image": "",
    "is_vertical": true,
    "is_active": true,
    "is_visible": true,
    "permits": [
      108,
      109,
      110,
      111
    ]
  }
},
{
  "model": "security.module",
  "pk": 22,
  "fields": {
    "url": "/frequent/questions/",
    "name": "Preguntas frecuentes",
    "module_type": 6,
    "description": "Permite administrar las preguntas frecuentes de la compañia",
    "icon": "fas fa-question-circle",
    "image": "",
    "is_vertical": true,
    "is_active": true,
    "is_visible": true,
    "permits": [
      105,
      106,
      107,
      104
    ]
  }
},
{
  "model": "security.module",
  "pk": 23,
  "fields": {
    "url": "/social/networks/",
    "name": "Redes Sociales",
    "module_type": 6,
    "description": "Permite administrar las redes sociales de la compañia",
    "icon": "fas fa-network-wired",
    "image": "",
    "is_vertical": true,
    "is_active": true,
    "is_visible": true,
    "permits": [
      113,
      114,
      115,
      112
    ]
  }
},
{
  "model": "security.module",
  "pk": 24,
  "fields": {
    "url": "/testimonials/",
    "name": "Testimonios",
    "module_type": 6,
    "description": "Permite administrar los testimonios de la compañia",
    "icon": "fas fa-comment-alt",
    "image": "",
    "is_vertical": true,
    "is_active": true,
    "is_visible": true,
    "permits": [
      116,
      117,
      118,
      119
    ]
  }
},
{
  "model": "security.module",
  "pk": 25,
  "fields": {
    "url": "/user/update/password/",
    "name": "Cambiar password",
    "module_type": null,
    "description": "Permite cambiar tu password de tu cuenta",
    "icon": "fas fa-key",
    "image": "",
    "is_vertical": false,
    "is_active": true,
    "is_visible": true,
    "permits": []
  }
},
{
  "model": "security.module",
  "pk": 26,
  "fields": {
    "url": "/user/update/profile/",
    "name": "Editar perfil",
    "module_type": null,
    "description": "Permite cambiar la información de tu cuenta",
    "icon": "fas fa-user",
    "image": "",
    "is_vertical": false,
    "is_active": true,
    "is_visible": true,
    "permits": []
  }
},
{
  "model": "security.module",
  "pk": 27,
  "fields": {
    "url": "/erp/loans/",
    "name": "Prestamos",
    "module_type": 2,
    "description": "Permite administrar los prestamos de los empleados",
    "icon": "fa-solid fa-sack-dollar",
    "image": "",
    "is_vertical": true,
    "is_active": true,
    "is_visible": true,
    "permits": [
      97,
      98,
      99,
      100
    ]
  }
},
{
  "model": "security.module",
  "pk": 28,
  "fields": {
    "url": "/erp/lot/",
    "name": "Lotes",
    "module_type": 5,
    "description": "Permite administrar los lotes para las producciones",
    "icon": "fa-solid fa-earth-americas",
    "image": "",
    "is_vertical": true,
    "is_active": true,
    "is_visible": true,
    "permits": [
      60,
      61,
      62,
      63
    ]
  }
},
{
  "model": "security.module",
  "pk": 29,
  "fields": {
    "url": "/erp/production/",
    "name": "Reg. Prod/Injertos",
    "module_type": 5,
    "description": "Permite administrar las producciones del cultivo de cacao",
    "icon": "fas fa-calendar-check",
    "image": "",
    "is_vertical": true,
    "is_active": true,
    "is_visible": true,
    "permits": [
      69,
      70,
      68
    ]
  }
},
{
  "model": "security.module",
  "pk": 30,
  "fields": {
    "url": "/erp/production/stages/",
    "name": "Reg. Crec/Plantas",
    "module_type": 5,
    "description": "Permite administrar el registro de crecimiento de las etapas de las plantas",
    "icon": "fa-solid fa-book-bookmark",
    "image": "",
    "is_vertical": true,
    "is_active": true,
    "is_visible": true,
    "permits": [
      120
    ]
  }
},
{
  "model": "security.module",
  "pk": 31,
  "fields": {
    "url": "/erp/harvest/",
    "name": "Ingresos e Egresos",
    "module_type": 5,
    "description": "Permite administrar las cosechas de las plantas",
    "icon": "fa-solid fa-plate-wheat",
    "image": "",
    "is_vertical": true,
    "is_active": true,
    "is_visible": true,
    "permits": [
      121
    ]
  }
},
{
  "model": "security.module",
  "pk": 32,
  "fields": {
    "url": "/erp/sale/admin/",
    "name": "Ventas/Pedidos",
    "module_type": 8,
    "description": "Permite administrar las ventas de los productos",
    "icon": "fas fa-shopping-cart",
    "image": "",
    "is_vertical": true,
    "is_active": true,
    "is_visible": true,
    "permits": [
      87,
      88,
      86
    ]
  }
},
{
  "model": "security.module",
  "pk": 33,
  "fields": {
    "url": "/erp/sale/client/",
    "name": "Ventas",
    "module_type": null,
    "description": "Permite administrar las ventas de los productos",
    "icon": "fas fa-shopping-cart",
    "image": "",
    "is_vertical": false,
    "is_active": true,
    "is_visible": true,
    "permits": [
      123,
      122
    ]
  }
},
{
  "model": "security.module",
  "pk": 34,
  "fields": {
    "url": "/reports/provider/",
    "name": "Proveedores",
    "module_type": 7,
    "description": "Permite ver los reportes de los proveedores",
    "icon": "fas fa-chart-bar",
    "image": "",
    "is_vertical": true,
    "is_active": true,
    "is_visible": true,
    "permits": []
  }
},
{
  "model": "security.module",
  "pk": 35,
  "fields": {
    "url": "/reports/salary/",
    "name": "Salarios",
    "module_type": 7,
    "description": "Permite ver los reportes de los salarios de los empleados",
    "icon": "fas fa-chart-bar",
    "image": "",
    "is_vertical": true,
    "is_active": true,
    "is_visible": true,
    "permits": []
  }
},
{
  "model": "security.module",
  "pk": 36,
  "fields": {
    "url": "/reports/sale/",
    "name": "Ventas",
    "module_type": 7,
    "description": "Permite ver los reportes de las ventas",
    "icon": "fas fa-chart-bar",
    "image": "",
    "is_vertical": true,
    "is_active": true,
    "is_visible": true,
    "permits": []
  }
},
{
  "model": "security.module",
  "pk": 37,
  "fields": {
    "url": "/reports/results/",
    "name": "Resultados",
    "module_type": 7,
    "description": "Permite ver los reportes de perdidas y ganancias de la empresa",
    "icon": "fas fa-chart-bar",
    "image": "",
    "is_vertical": true,
    "is_active": true,
    "is_visible": true,
    "permits": []
  }
},
{
  "model": "security.module",
  "pk": 38,
  "fields": {
    "url": "/reports/product/",
    "name": "Productos",
    "module_type": 7,
    "description": "Permite ver los reportes de los productos",
    "icon": "fas fa-chart-bar",
    "image": "",
    "is_vertical": true,
    "is_active": true,
    "is_visible": true,
    "permits": []
  }
},
{
  "model": "security.module",
  "pk": 39,
  "fields": {
    "url": "/reports/production/",
    "name": "Producciones",
    "module_type": 7,
    "description": "Permite ver los reportes de las producciones",
    "icon": "fas fa-chart-bar",
    "image": "",
    "is_vertical": true,
    "is_active": true,
    "is_visible": true,
    "permits": []
  }
},
{
  "model": "security.module",
  "pk": 40,
  "fields": {
    "url": "/reports/inventory/",
    "name": "Ingresos/Egresos",
    "module_type": 7,
    "description": "Permite ver los reportes de los ingresos y egresos de las producciones de plantas",
    "icon": "fas fa-chart-bar",
    "image": "",
    "is_vertical": true,
    "is_active": true,
    "is_visible": true,
    "permits": []
  }
},
{
  "model": "security.module",
  "pk": 41,
  "fields": {
    "url": "/erp/product/",
    "name": "Cont./Productos",
    "module_type": 8,
    "description": "Permite administrar los productos del sistema",
    "icon": "fas fa-box",
    "image": "",
    "is_vertical": true,
    "is_active": true,
    "is_visible": true,
    "permits": [
      64,
      65,
      66,
      67
    ]
  }
},
{
  "model": "security.module",
  "pk": 42,
  "fields": {
    "url": "/erp/product/",
    "name": "Productos",
    "module_type": 3,
    "description": "Permite administrar los productos del sistema",
    "icon": "fas fa-box",
    "image": "",
    "is_vertical": true,
    "is_active": true,
    "is_visible": true,
    "permits": [
      64,
      65,
      66,
      67
    ]
  }
},
{
  "model": "security.module",
  "pk": 43,
  "fields": {
    "url": "/bi/sales/control/",
    "name": "D.Control de Ventas",
    "module_type": 9,
    "description": "Permite ver los reportes de bi de las ventas",
    "icon": "fas fa-chart-bar",
    "image": "",
    "is_vertical": true,
    "is_active": true,
    "is_visible": true,
    "permits": []
  }
},
{
  "model": "security.module",
  "pk": 44,
  "fields": {
    "url": "/bi/sales/per/customer/",
    "name": "D.Ventas por Cliente",
    "module_type": 9,
    "description": "Permite ver los reportes el dashboard de bi de ventas por cliente",
    "icon": "fas fa-chart-bar",
    "image": "",
    "is_vertical": true,
    "is_active": true,
    "is_visible": true,
    "permits": []
  }
},
{
  "model": "security.module",
  "pk": 45,
  "fields": {
    "url": "/bi/product/inquiries/",
    "name": "D.Productos",
    "module_type": 9,
    "description": "Permite ver los reportes el dashboard de bi de productos",
    "icon": "fas fa-chart-bar",
    "image": "",
    "is_vertical": true,
    "is_active": true,
    "is_visible": true,
    "permits": []
  }
},
{
  "model": "security.module",
  "pk": 46,
  "fields": {
    "url": "/bi/customer/registered/",
    "name": "D.Clientes",
    "module_type": 9,
    "description": "Permite ver los reportes el dashboard de bi de clientes",
    "icon": "fas fa-chart-bar",
    "image": "",
    "is_vertical": true,
    "is_active": true,
    "is_visible": true,
    "permits": []
  }
},
{
  "model": "security.module",
  "pk": 47,
  "fields": {
    "url": "/bi/products/inventory/",
    "name": "D.Ingreso/Salida Prod.",
    "module_type": 9,
    "description": "Permite ver los reportes el dashboard de bi de ingreso y salida de productos",
    "icon": "fas fa-chart-bar",
    "image": "",
    "is_vertical": true,
    "is_active": true,
    "is_visible": true,
    "permits": []
  }
},
{
  "model": "security.module",
  "pk": 48,
  "fields": {
    "url": "/bi/products/prices/",
    "name": "D.Precios de Prod.",
    "module_type": 9,
    "description": "Permite ver los reportes el dashboard de bi de preecios de productos",
    "icon": "fas fa-chart-bar",
    "image": "",
    "is_vertical": true,
    "is_active": true,
    "is_visible": true,
    "permits": []
  }
},
{
  "model": "security.groupmodule",
  "pk": 238,
  "fields": {
    "group": 2,
    "module": 25
  }
},
{
  "model": "security.groupmodule",
  "pk": 239,
  "fields": {
    "group": 2,
    "module": 26
  }
},
{
  "model": "security.groupmodule",
  "pk": 240,
  "fields": {
    "group": 2,
    "module": 33
  }
},
{
  "model": "security.groupmodule",
  "pk": 794,
  "fields": {
    "group": 1,
    "module": 1
  }
},
{
  "model": "security.groupmodule",
  "pk": 795,
  "fields": {
    "group": 1,
    "module": 2
  }
},
{
  "model": "security.groupmodule",
  "pk": 796,
  "fields": {
    "group": 1,
    "module": 3
  }
},
{
  "model": "security.groupmodule",
  "pk": 797,
  "fields": {
    "group": 1,
    "module": 4
  }
},
{
  "model": "security.groupmodule",
  "pk": 798,
  "fields": {
    "group": 1,
    "module": 5
  }
},
{
  "model": "security.groupmodule",
  "pk": 799,
  "fields": {
    "group": 1,
    "module": 6
  }
},
{
  "model": "security.groupmodule",
  "pk": 800,
  "fields": {
    "group": 1,
    "module": 7
  }
},
{
  "model": "security.groupmodule",
  "pk": 801,
  "fields": {
    "group": 1,
    "module": 8
  }
},
{
  "model": "security.groupmodule",
  "pk": 802,
  "fields": {
    "group": 1,
    "module": 9
  }
},
{
  "model": "security.groupmodule",
  "pk": 803,
  "fields": {
    "group": 1,
    "module": 10
  }
},
{
  "model": "security.groupmodule",
  "pk": 804,
  "fields": {
    "group": 1,
    "module": 11
  }
},
{
  "model": "security.groupmodule",
  "pk": 805,
  "fields": {
    "group": 1,
    "module": 12
  }
},
{
  "model": "security.groupmodule",
  "pk": 806,
  "fields": {
    "group": 1,
    "module": 13
  }
},
{
  "model": "security.groupmodule",
  "pk": 807,
  "fields": {
    "group": 1,
    "module": 14
  }
},
{
  "model": "security.groupmodule",
  "pk": 808,
  "fields": {
    "group": 1,
    "module": 15
  }
},
{
  "model": "security.groupmodule",
  "pk": 809,
  "fields": {
    "group": 1,
    "module": 16
  }
},
{
  "model": "security.groupmodule",
  "pk": 810,
  "fields": {
    "group": 1,
    "module": 17
  }
},
{
  "model": "security.groupmodule",
  "pk": 811,
  "fields": {
    "group": 1,
    "module": 18
  }
},
{
  "model": "security.groupmodule",
  "pk": 812,
  "fields": {
    "group": 1,
    "module": 19
  }
},
{
  "model": "security.groupmodule",
  "pk": 813,
  "fields": {
    "group": 1,
    "module": 20
  }
},
{
  "model": "security.groupmodule",
  "pk": 814,
  "fields": {
    "group": 1,
    "module": 21
  }
},
{
  "model": "security.groupmodule",
  "pk": 815,
  "fields": {
    "group": 1,
    "module": 22
  }
},
{
  "model": "security.groupmodule",
  "pk": 816,
  "fields": {
    "group": 1,
    "module": 23
  }
},
{
  "model": "security.groupmodule",
  "pk": 817,
  "fields": {
    "group": 1,
    "module": 24
  }
},
{
  "model": "security.groupmodule",
  "pk": 818,
  "fields": {
    "group": 1,
    "module": 25
  }
},
{
  "model": "security.groupmodule",
  "pk": 819,
  "fields": {
    "group": 1,
    "module": 26
  }
},
{
  "model": "security.groupmodule",
  "pk": 820,
  "fields": {
    "group": 1,
    "module": 27
  }
},
{
  "model": "security.groupmodule",
  "pk": 821,
  "fields": {
    "group": 1,
    "module": 28
  }
},
{
  "model": "security.groupmodule",
  "pk": 822,
  "fields": {
    "group": 1,
    "module": 29
  }
},
{
  "model": "security.groupmodule",
  "pk": 823,
  "fields": {
    "group": 1,
    "module": 30
  }
},
{
  "model": "security.groupmodule",
  "pk": 824,
  "fields": {
    "group": 1,
    "module": 31
  }
},
{
  "model": "security.groupmodule",
  "pk": 825,
  "fields": {
    "group": 1,
    "module": 32
  }
},
{
  "model": "security.groupmodule",
  "pk": 826,
  "fields": {
    "group": 1,
    "module": 34
  }
},
{
  "model": "security.groupmodule",
  "pk": 827,
  "fields": {
    "group": 1,
    "module": 35
  }
},
{
  "model": "security.groupmodule",
  "pk": 828,
  "fields": {
    "group": 1,
    "module": 36
  }
},
{
  "model": "security.groupmodule",
  "pk": 829,
  "fields": {
    "group": 1,
    "module": 37
  }
},
{
  "model": "security.groupmodule",
  "pk": 830,
  "fields": {
    "group": 1,
    "module": 38
  }
},
{
  "model": "security.groupmodule",
  "pk": 831,
  "fields": {
    "group": 1,
    "module": 39
  }
},
{
  "model": "security.groupmodule",
  "pk": 832,
  "fields": {
    "group": 1,
    "module": 40
  }
},
{
  "model": "security.groupmodule",
  "pk": 833,
  "fields": {
    "group": 1,
    "module": 41
  }
},
{
  "model": "security.groupmodule",
  "pk": 834,
  "fields": {
    "group": 1,
    "module": 42
  }
},
{
  "model": "security.groupmodule",
  "pk": 835,
  "fields": {
    "group": 1,
    "module": 43
  }
},
{
  "model": "security.groupmodule",
  "pk": 836,
  "fields": {
    "group": 1,
    "module": 44
  }
},
{
  "model": "security.groupmodule",
  "pk": 837,
  "fields": {
    "group": 1,
    "module": 45
  }
},
{
  "model": "security.groupmodule",
  "pk": 838,
  "fields": {
    "group": 1,
    "module": 46
  }
},
{
  "model": "security.groupmodule",
  "pk": 839,
  "fields": {
    "group": 1,
    "module": 47
  }
},
{
  "model": "security.groupmodule",
  "pk": 840,
  "fields": {
    "group": 1,
    "module": 48
  }
},
{
  "model": "security.grouppermission",
  "pk": 761,
  "fields": {
    "group": 2,
    "permission": 123,
    "module": 33
  }
},
{
  "model": "security.grouppermission",
  "pk": 762,
  "fields": {
    "group": 2,
    "permission": 122,
    "module": 33
  }
},
{
  "model": "security.grouppermission",
  "pk": 2229,
  "fields": {
    "group": 1,
    "permission": 28,
    "module": 1
  }
},
{
  "model": "security.grouppermission",
  "pk": 2230,
  "fields": {
    "group": 1,
    "permission": 29,
    "module": 1
  }
},
{
  "model": "security.grouppermission",
  "pk": 2231,
  "fields": {
    "group": 1,
    "permission": 30,
    "module": 1
  }
},
{
  "model": "security.grouppermission",
  "pk": 2232,
  "fields": {
    "group": 1,
    "permission": 27,
    "module": 1
  }
},
{
  "model": "security.grouppermission",
  "pk": 2233,
  "fields": {
    "group": 1,
    "permission": 31,
    "module": 2
  }
},
{
  "model": "security.grouppermission",
  "pk": 2234,
  "fields": {
    "group": 1,
    "permission": 32,
    "module": 2
  }
},
{
  "model": "security.grouppermission",
  "pk": 2235,
  "fields": {
    "group": 1,
    "permission": 33,
    "module": 2
  }
},
{
  "model": "security.grouppermission",
  "pk": 2236,
  "fields": {
    "group": 1,
    "permission": 34,
    "module": 2
  }
},
{
  "model": "security.grouppermission",
  "pk": 2237,
  "fields": {
    "group": 1,
    "permission": 9,
    "module": 3
  }
},
{
  "model": "security.grouppermission",
  "pk": 2238,
  "fields": {
    "group": 1,
    "permission": 10,
    "module": 3
  }
},
{
  "model": "security.grouppermission",
  "pk": 2239,
  "fields": {
    "group": 1,
    "permission": 11,
    "module": 3
  }
},
{
  "model": "security.grouppermission",
  "pk": 2240,
  "fields": {
    "group": 1,
    "permission": 12,
    "module": 3
  }
},
{
  "model": "security.grouppermission",
  "pk": 2241,
  "fields": {
    "group": 1,
    "permission": 25,
    "module": 4
  }
},
{
  "model": "security.grouppermission",
  "pk": 2242,
  "fields": {
    "group": 1,
    "permission": 26,
    "module": 4
  }
},
{
  "model": "security.grouppermission",
  "pk": 2243,
  "fields": {
    "group": 1,
    "permission": 24,
    "module": 4
  }
},
{
  "model": "security.grouppermission",
  "pk": 2244,
  "fields": {
    "group": 1,
    "permission": 22,
    "module": 6
  }
},
{
  "model": "security.grouppermission",
  "pk": 2245,
  "fields": {
    "group": 1,
    "permission": 21,
    "module": 6
  }
},
{
  "model": "security.grouppermission",
  "pk": 2246,
  "fields": {
    "group": 1,
    "permission": 35,
    "module": 7
  }
},
{
  "model": "security.grouppermission",
  "pk": 2247,
  "fields": {
    "group": 1,
    "permission": 36,
    "module": 7
  }
},
{
  "model": "security.grouppermission",
  "pk": 2248,
  "fields": {
    "group": 1,
    "permission": 37,
    "module": 7
  }
},
{
  "model": "security.grouppermission",
  "pk": 2249,
  "fields": {
    "group": 1,
    "permission": 38,
    "module": 7
  }
},
{
  "model": "security.grouppermission",
  "pk": 2250,
  "fields": {
    "group": 1,
    "permission": 56,
    "module": 8
  }
},
{
  "model": "security.grouppermission",
  "pk": 2251,
  "fields": {
    "group": 1,
    "permission": 57,
    "module": 8
  }
},
{
  "model": "security.grouppermission",
  "pk": 2252,
  "fields": {
    "group": 1,
    "permission": 58,
    "module": 8
  }
},
{
  "model": "security.grouppermission",
  "pk": 2253,
  "fields": {
    "group": 1,
    "permission": 59,
    "module": 8
  }
},
{
  "model": "security.grouppermission",
  "pk": 2254,
  "fields": {
    "group": 1,
    "permission": 39,
    "module": 9
  }
},
{
  "model": "security.grouppermission",
  "pk": 2255,
  "fields": {
    "group": 1,
    "permission": 40,
    "module": 9
  }
},
{
  "model": "security.grouppermission",
  "pk": 2256,
  "fields": {
    "group": 1,
    "permission": 41,
    "module": 9
  }
},
{
  "model": "security.grouppermission",
  "pk": 2257,
  "fields": {
    "group": 1,
    "permission": 42,
    "module": 9
  }
},
{
  "model": "security.grouppermission",
  "pk": 2258,
  "fields": {
    "group": 1,
    "permission": 52,
    "module": 10
  }
},
{
  "model": "security.grouppermission",
  "pk": 2259,
  "fields": {
    "group": 1,
    "permission": 53,
    "module": 10
  }
},
{
  "model": "security.grouppermission",
  "pk": 2260,
  "fields": {
    "group": 1,
    "permission": 54,
    "module": 10
  }
},
{
  "model": "security.grouppermission",
  "pk": 2261,
  "fields": {
    "group": 1,
    "permission": 55,
    "module": 10
  }
},
{
  "model": "security.grouppermission",
  "pk": 2262,
  "fields": {
    "group": 1,
    "permission": 82,
    "module": 11
  }
},
{
  "model": "security.grouppermission",
  "pk": 2263,
  "fields": {
    "group": 1,
    "permission": 83,
    "module": 11
  }
},
{
  "model": "security.grouppermission",
  "pk": 2264,
  "fields": {
    "group": 1,
    "permission": 84,
    "module": 11
  }
},
{
  "model": "security.grouppermission",
  "pk": 2265,
  "fields": {
    "group": 1,
    "permission": 85,
    "module": 11
  }
},
{
  "model": "security.grouppermission",
  "pk": 2266,
  "fields": {
    "group": 1,
    "permission": 75,
    "module": 12
  }
},
{
  "model": "security.grouppermission",
  "pk": 2267,
  "fields": {
    "group": 1,
    "permission": 76,
    "module": 12
  }
},
{
  "model": "security.grouppermission",
  "pk": 2268,
  "fields": {
    "group": 1,
    "permission": 77,
    "module": 12
  }
},
{
  "model": "security.grouppermission",
  "pk": 2269,
  "fields": {
    "group": 1,
    "permission": 78,
    "module": 12
  }
},
{
  "model": "security.grouppermission",
  "pk": 2270,
  "fields": {
    "group": 1,
    "permission": 43,
    "module": 13
  }
},
{
  "model": "security.grouppermission",
  "pk": 2271,
  "fields": {
    "group": 1,
    "permission": 44,
    "module": 13
  }
},
{
  "model": "security.grouppermission",
  "pk": 2272,
  "fields": {
    "group": 1,
    "permission": 45,
    "module": 13
  }
},
{
  "model": "security.grouppermission",
  "pk": 2273,
  "fields": {
    "group": 1,
    "permission": 46,
    "module": 13
  }
},
{
  "model": "security.grouppermission",
  "pk": 2274,
  "fields": {
    "group": 1,
    "permission": 93,
    "module": 14
  }
},
{
  "model": "security.grouppermission",
  "pk": 2275,
  "fields": {
    "group": 1,
    "permission": 94,
    "module": 14
  }
},
{
  "model": "security.grouppermission",
  "pk": 2276,
  "fields": {
    "group": 1,
    "permission": 95,
    "module": 14
  }
},
{
  "model": "security.grouppermission",
  "pk": 2277,
  "fields": {
    "group": 1,
    "permission": 96,
    "module": 14
  }
},
{
  "model": "security.grouppermission",
  "pk": 2278,
  "fields": {
    "group": 1,
    "permission": 80,
    "module": 15
  }
},
{
  "model": "security.grouppermission",
  "pk": 2279,
  "fields": {
    "group": 1,
    "permission": 81,
    "module": 15
  }
},
{
  "model": "security.grouppermission",
  "pk": 2280,
  "fields": {
    "group": 1,
    "permission": 79,
    "module": 15
  }
},
{
  "model": "security.grouppermission",
  "pk": 2281,
  "fields": {
    "group": 1,
    "permission": 51,
    "module": 16
  }
},
{
  "model": "security.grouppermission",
  "pk": 2282,
  "fields": {
    "group": 1,
    "permission": 47,
    "module": 17
  }
},
{
  "model": "security.grouppermission",
  "pk": 2283,
  "fields": {
    "group": 1,
    "permission": 48,
    "module": 17
  }
},
{
  "model": "security.grouppermission",
  "pk": 2284,
  "fields": {
    "group": 1,
    "permission": 49,
    "module": 17
  }
},
{
  "model": "security.grouppermission",
  "pk": 2285,
  "fields": {
    "group": 1,
    "permission": 50,
    "module": 17
  }
},
{
  "model": "security.grouppermission",
  "pk": 2286,
  "fields": {
    "group": 1,
    "permission": 71,
    "module": 18
  }
},
{
  "model": "security.grouppermission",
  "pk": 2287,
  "fields": {
    "group": 1,
    "permission": 72,
    "module": 18
  }
},
{
  "model": "security.grouppermission",
  "pk": 2288,
  "fields": {
    "group": 1,
    "permission": 73,
    "module": 18
  }
},
{
  "model": "security.grouppermission",
  "pk": 2289,
  "fields": {
    "group": 1,
    "permission": 74,
    "module": 18
  }
},
{
  "model": "security.grouppermission",
  "pk": 2290,
  "fields": {
    "group": 1,
    "permission": 64,
    "module": 19
  }
},
{
  "model": "security.grouppermission",
  "pk": 2291,
  "fields": {
    "group": 1,
    "permission": 65,
    "module": 19
  }
},
{
  "model": "security.grouppermission",
  "pk": 2292,
  "fields": {
    "group": 1,
    "permission": 66,
    "module": 19
  }
},
{
  "model": "security.grouppermission",
  "pk": 2293,
  "fields": {
    "group": 1,
    "permission": 67,
    "module": 19
  }
},
{
  "model": "security.grouppermission",
  "pk": 2294,
  "fields": {
    "group": 1,
    "permission": 89,
    "module": 20
  }
},
{
  "model": "security.grouppermission",
  "pk": 2295,
  "fields": {
    "group": 1,
    "permission": 90,
    "module": 20
  }
},
{
  "model": "security.grouppermission",
  "pk": 2296,
  "fields": {
    "group": 1,
    "permission": 91,
    "module": 20
  }
},
{
  "model": "security.grouppermission",
  "pk": 2297,
  "fields": {
    "group": 1,
    "permission": 92,
    "module": 20
  }
},
{
  "model": "security.grouppermission",
  "pk": 2298,
  "fields": {
    "group": 1,
    "permission": 108,
    "module": 21
  }
},
{
  "model": "security.grouppermission",
  "pk": 2299,
  "fields": {
    "group": 1,
    "permission": 109,
    "module": 21
  }
},
{
  "model": "security.grouppermission",
  "pk": 2300,
  "fields": {
    "group": 1,
    "permission": 110,
    "module": 21
  }
},
{
  "model": "security.grouppermission",
  "pk": 2301,
  "fields": {
    "group": 1,
    "permission": 111,
    "module": 21
  }
},
{
  "model": "security.grouppermission",
  "pk": 2302,
  "fields": {
    "group": 1,
    "permission": 105,
    "module": 22
  }
},
{
  "model": "security.grouppermission",
  "pk": 2303,
  "fields": {
    "group": 1,
    "permission": 106,
    "module": 22
  }
},
{
  "model": "security.grouppermission",
  "pk": 2304,
  "fields": {
    "group": 1,
    "permission": 107,
    "module": 22
  }
},
{
  "model": "security.grouppermission",
  "pk": 2305,
  "fields": {
    "group": 1,
    "permission": 104,
    "module": 22
  }
},
{
  "model": "security.grouppermission",
  "pk": 2306,
  "fields": {
    "group": 1,
    "permission": 113,
    "module": 23
  }
},
{
  "model": "security.grouppermission",
  "pk": 2307,
  "fields": {
    "group": 1,
    "permission": 114,
    "module": 23
  }
},
{
  "model": "security.grouppermission",
  "pk": 2308,
  "fields": {
    "group": 1,
    "permission": 115,
    "module": 23
  }
},
{
  "model": "security.grouppermission",
  "pk": 2309,
  "fields": {
    "group": 1,
    "permission": 112,
    "module": 23
  }
},
{
  "model": "security.grouppermission",
  "pk": 2310,
  "fields": {
    "group": 1,
    "permission": 116,
    "module": 24
  }
},
{
  "model": "security.grouppermission",
  "pk": 2311,
  "fields": {
    "group": 1,
    "permission": 117,
    "module": 24
  }
},
{
  "model": "security.grouppermission",
  "pk": 2312,
  "fields": {
    "group": 1,
    "permission": 118,
    "module": 24
  }
},
{
  "model": "security.grouppermission",
  "pk": 2313,
  "fields": {
    "group": 1,
    "permission": 119,
    "module": 24
  }
},
{
  "model": "security.grouppermission",
  "pk": 2314,
  "fields": {
    "group": 1,
    "permission": 97,
    "module": 27
  }
},
{
  "model": "security.grouppermission",
  "pk": 2315,
  "fields": {
    "group": 1,
    "permission": 98,
    "module": 27
  }
},
{
  "model": "security.grouppermission",
  "pk": 2316,
  "fields": {
    "group": 1,
    "permission": 99,
    "module": 27
  }
},
{
  "model": "security.grouppermission",
  "pk": 2317,
  "fields": {
    "group": 1,
    "permission": 100,
    "module": 27
  }
},
{
  "model": "security.grouppermission",
  "pk": 2318,
  "fields": {
    "group": 1,
    "permission": 60,
    "module": 28
  }
},
{
  "model": "security.grouppermission",
  "pk": 2319,
  "fields": {
    "group": 1,
    "permission": 61,
    "module": 28
  }
},
{
  "model": "security.grouppermission",
  "pk": 2320,
  "fields": {
    "group": 1,
    "permission": 62,
    "module": 28
  }
},
{
  "model": "security.grouppermission",
  "pk": 2321,
  "fields": {
    "group": 1,
    "permission": 63,
    "module": 28
  }
},
{
  "model": "security.grouppermission",
  "pk": 2322,
  "fields": {
    "group": 1,
    "permission": 69,
    "module": 29
  }
},
{
  "model": "security.grouppermission",
  "pk": 2323,
  "fields": {
    "group": 1,
    "permission": 70,
    "module": 29
  }
},
{
  "model": "security.grouppermission",
  "pk": 2324,
  "fields": {
    "group": 1,
    "permission": 68,
    "module": 29
  }
},
{
  "model": "security.grouppermission",
  "pk": 2325,
  "fields": {
    "group": 1,
    "permission": 120,
    "module": 30
  }
},
{
  "model": "security.grouppermission",
  "pk": 2326,
  "fields": {
    "group": 1,
    "permission": 121,
    "module": 31
  }
},
{
  "model": "security.grouppermission",
  "pk": 2327,
  "fields": {
    "group": 1,
    "permission": 87,
    "module": 32
  }
},
{
  "model": "security.grouppermission",
  "pk": 2328,
  "fields": {
    "group": 1,
    "permission": 88,
    "module": 32
  }
},
{
  "model": "security.grouppermission",
  "pk": 2329,
  "fields": {
    "group": 1,
    "permission": 86,
    "module": 32
  }
},
{
  "model": "security.grouppermission",
  "pk": 2330,
  "fields": {
    "group": 1,
    "permission": 64,
    "module": 41
  }
},
{
  "model": "security.grouppermission",
  "pk": 2331,
  "fields": {
    "group": 1,
    "permission": 65,
    "module": 41
  }
},
{
  "model": "security.grouppermission",
  "pk": 2332,
  "fields": {
    "group": 1,
    "permission": 66,
    "module": 41
  }
},
{
  "model": "security.grouppermission",
  "pk": 2333,
  "fields": {
    "group": 1,
    "permission": 67,
    "module": 41
  }
},
{
  "model": "security.grouppermission",
  "pk": 2334,
  "fields": {
    "group": 1,
    "permission": 64,
    "module": 42
  }
},
{
  "model": "security.grouppermission",
  "pk": 2335,
  "fields": {
    "group": 1,
    "permission": 65,
    "module": 42
  }
},
{
  "model": "security.grouppermission",
  "pk": 2336,
  "fields": {
    "group": 1,
    "permission": 66,
    "module": 42
  }
},
{
  "model": "security.grouppermission",
  "pk": 2337,
  "fields": {
    "group": 1,
    "permission": 67,
    "module": 42
  }
},
{
  "model": "security.accessusers",
  "pk": 1,
  "fields": {
    "user": 1,
    "date_joined": "2022-11-26",
    "hour": "17:09:46.812",
    "remote_addr": "127.0.0.1",
    "http_user_agent": "PC / Windows 10 / Chrome 107.0.0"
  }
},
{
  "model": "security.accessusers",
  "pk": 2,
  "fields": {
    "user": 1,
    "date_joined": "2022-11-28",
    "hour": "17:30:30.801",
    "remote_addr": "127.0.0.1",
    "http_user_agent": "PC / Windows 10 / Firefox 107.0"
  }
},
{
  "model": "security.accessusers",
  "pk": 3,
  "fields": {
    "user": 1,
    "date_joined": "2022-11-29",
    "hour": "14:07:57.678",
    "remote_addr": "127.0.0.1",
    "http_user_agent": "PC / Windows 10 / Chrome 107.0.0"
  }
},
{
  "model": "security.accessusers",
  "pk": 4,
  "fields": {
    "user": 1,
    "date_joined": "2022-11-29",
    "hour": "15:52:13.064",
    "remote_addr": "127.0.0.1",
    "http_user_agent": "PC / Windows 10 / Chrome 107.0.0"
  }
},
{
  "model": "security.accessusers",
  "pk": 5,
  "fields": {
    "user": 1,
    "date_joined": "2022-11-29",
    "hour": "17:16:16.311",
    "remote_addr": "127.0.0.1",
    "http_user_agent": "PC / Windows 10 / Chrome 107.0.0"
  }
},
{
  "model": "security.accessusers",
  "pk": 6,
  "fields": {
    "user": 1,
    "date_joined": "2022-11-29",
    "hour": "17:53:51.533",
    "remote_addr": "127.0.0.1",
    "http_user_agent": "PC / Windows 10 / Chrome 107.0.0"
  }
},
{
  "model": "security.accessusers",
  "pk": 7,
  "fields": {
    "user": 1,
    "date_joined": "2022-11-29",
    "hour": "17:56:25.191",
    "remote_addr": "127.0.0.1",
    "http_user_agent": "PC / Windows 10 / Chrome 107.0.0"
  }
},
{
  "model": "security.accessusers",
  "pk": 8,
  "fields": {
    "user": 1,
    "date_joined": "2022-12-01",
    "hour": "07:15:36.936",
    "remote_addr": "127.0.0.1",
    "http_user_agent": "PC / Linux / Chrome 107.0.0"
  }
},
{
  "model": "security.accessusers",
  "pk": 9,
  "fields": {
    "user": 7,
    "date_joined": "2022-12-01",
    "hour": "07:16:32.537",
    "remote_addr": "127.0.0.1",
    "http_user_agent": "PC / Linux / Chrome 107.0.0"
  }
},
{
  "model": "security.accessusers",
  "pk": 10,
  "fields": {
    "user": 1,
    "date_joined": "2022-12-01",
    "hour": "07:24:45.691",
    "remote_addr": "127.0.0.1",
    "http_user_agent": "PC / Linux / Chrome 107.0.0"
  }
},
{
  "model": "security.accessusers",
  "pk": 11,
  "fields": {
    "user": 7,
    "date_joined": "2022-12-01",
    "hour": "07:25:29.923",
    "remote_addr": "127.0.0.1",
    "http_user_agent": "PC / Linux / Chrome 107.0.0"
  }
},
{
  "model": "security.accessusers",
  "pk": 12,
  "fields": {
    "user": 1,
    "date_joined": "2022-12-01",
    "hour": "07:33:25.892",
    "remote_addr": "127.0.0.1",
    "http_user_agent": "PC / Linux / Chrome 107.0.0"
  }
},
{
  "model": "security.accessusers",
  "pk": 13,
  "fields": {
    "user": 1,
    "date_joined": "2022-12-01",
    "hour": "07:33:42.156",
    "remote_addr": "127.0.0.1",
    "http_user_agent": "PC / Linux / Chrome 107.0.0"
  }
},
{
  "model": "security.accessusers",
  "pk": 14,
  "fields": {
    "user": 7,
    "date_joined": "2022-12-01",
    "hour": "07:34:06.110",
    "remote_addr": "127.0.0.1",
    "http_user_agent": "PC / Linux / Chrome 107.0.0"
  }
},
{
  "model": "security.accessusers",
  "pk": 15,
  "fields": {
    "user": 1,
    "date_joined": "2022-12-01",
    "hour": "07:34:21.104",
    "remote_addr": "127.0.0.1",
    "http_user_agent": "PC / Linux / Chrome 107.0.0"
  }
},
{
  "model": "security.accessusers",
  "pk": 16,
  "fields": {
    "user": 1,
    "date_joined": "2022-12-01",
    "hour": "07:34:56.872",
    "remote_addr": "127.0.0.1",
    "http_user_agent": "PC / Linux / Chrome 107.0.0"
  }
},
{
  "model": "security.accessusers",
  "pk": 17,
  "fields": {
    "user": 7,
    "date_joined": "2022-12-01",
    "hour": "07:35:00.973",
    "remote_addr": "127.0.0.1",
    "http_user_agent": "PC / Linux / Chrome 107.0.0"
  }
},
{
  "model": "security.accessusers",
  "pk": 18,
  "fields": {
    "user": 1,
    "date_joined": "2022-12-01",
    "hour": "08:34:15.450",
    "remote_addr": "127.0.0.1",
    "http_user_agent": "PC / Linux / Chrome 107.0.0"
  }
},
{
  "model": "security.accessusers",
  "pk": 19,
  "fields": {
    "user": 1,
    "date_joined": "2022-12-01",
    "hour": "08:34:38.808",
    "remote_addr": "127.0.0.1",
    "http_user_agent": "PC / Linux / Chrome 107.0.0"
  }
},
{
  "model": "security.accessusers",
  "pk": 20,
  "fields": {
    "user": 7,
    "date_joined": "2022-12-01",
    "hour": "08:34:53.793",
    "remote_addr": "127.0.0.1",
    "http_user_agent": "PC / Linux / Chrome 107.0.0"
  }
},
{
  "model": "security.accessusers",
  "pk": 21,
  "fields": {
    "user": 1,
    "date_joined": "2022-12-01",
    "hour": "08:42:47.292",
    "remote_addr": "127.0.0.1",
    "http_user_agent": "PC / Linux / Chrome 107.0.0"
  }
},
{
  "model": "security.accessusers",
  "pk": 22,
  "fields": {
    "user": 1,
    "date_joined": "2022-12-01",
    "hour": "10:17:10.833",
    "remote_addr": "127.0.0.1",
    "http_user_agent": "PC / Linux / Chrome 107.0.0"
  }
},
{
  "model": "security.accessusers",
  "pk": 23,
  "fields": {
    "user": 1,
    "date_joined": "2022-12-01",
    "hour": "20:16:42.385",
    "remote_addr": "127.0.0.1",
    "http_user_agent": "PC / Windows 10 / Chrome 108.0.0"
  }
},
{
  "model": "security.accessusers",
  "pk": 24,
  "fields": {
    "user": 1,
    "date_joined": "2022-12-01",
    "hour": "23:20:26.856",
    "remote_addr": "127.0.0.1",
    "http_user_agent": "PC / Windows 10 / Chrome 108.0.0"
  }
},
{
  "model": "security.accessusers",
  "pk": 25,
  "fields": {
    "user": 1,
    "date_joined": "2022-12-04",
    "hour": "11:46:13.796",
    "remote_addr": "127.0.0.1",
    "http_user_agent": "PC / Windows 10 / Chrome 108.0.0"
  }
},
{
  "model": "security.accessusers",
  "pk": 26,
  "fields": {
    "user": 1,
    "date_joined": "2022-12-04",
    "hour": "12:34:06.720",
    "remote_addr": "192.168.0.103",
    "http_user_agent": "PC / Windows 10 / Chrome 108.0.0"
  }
},
{
  "model": "security.accessusers",
  "pk": 27,
  "fields": {
    "user": 1,
    "date_joined": "2022-12-05",
    "hour": "05:37:55.070",
    "remote_addr": "127.0.0.1",
    "http_user_agent": "PC / Linux / Chrome 108.0.0"
  }
},
{
  "model": "user.user",
  "pk": 1,
  "fields": {
    "password": "pbkdf2_sha256$320000$t0wSvHfWQDGlkX7IouWozT$DaW1Ag0Cx8KjTXZoDwu9wVJGwGDKgU8HF8EbkP0A33M=",
    "last_login": "2022-12-05T13:37:54.998Z",
    "is_superuser": true,
    "names": "William Jair Dávila Vargas",
    "username": "admin",
    "dni": "5650297526",
    "image": "",
    "email": "davilawilliam93@gmail.com",
    "is_active": true,
    "is_staff": true,
    "date_joined": "2022-11-26T22:09:27.972Z",
    "is_change_password": false,
    "email_reset_token": null,
    "groups": [
      1
    ],
    "user_permissions": []
  }
},
{
  "model": "user.user",
  "pk": 2,
  "fields": {
    "password": "pbkdf2_sha256$320000$4TcFZJvfxk7EY75J3D7hk4$lN+/Zfk32/IcInVvt2FaOq/RhmQ+tEaXfIJW4wpTlDI=",
    "last_login": null,
    "is_superuser": false,
    "names": "Torrey Veum",
    "username": "0865698200",
    "dni": "0865698200",
    "image": "",
    "email": "isidro_von@hotmail.com",
    "is_active": true,
    "is_staff": false,
    "date_joined": "2022-11-26T22:09:30.305Z",
    "is_change_password": false,
    "email_reset_token": null,
    "groups": [
      2
    ],
    "user_permissions": []
  }
},
{
  "model": "user.user",
  "pk": 3,
  "fields": {
    "password": "pbkdf2_sha256$320000$aaCFc2co0XOI6sX664XpR8$prBUad52tZ90Aorjmz7uzdPwB96kSkljyB1vwmYdRNs=",
    "last_login": null,
    "is_superuser": false,
    "names": "Micah Sanford",
    "username": "0294268471",
    "dni": "0294268471",
    "image": "",
    "email": "frederique19@gmail.com",
    "is_active": true,
    "is_staff": false,
    "date_joined": "2022-11-26T22:09:30.399Z",
    "is_change_password": false,
    "email_reset_token": null,
    "groups": [
      2
    ],
    "user_permissions": []
  }
},
{
  "model": "user.user",
  "pk": 4,
  "fields": {
    "password": "pbkdf2_sha256$320000$FBCSspgPWIc3IO8yQyShFW$8Ug2tREhei7If1NnM0I+iCwrIRhmDqz15dBDxm6QYso=",
    "last_login": null,
    "is_superuser": false,
    "names": "Hollis Swift",
    "username": "0382924488",
    "dni": "0382924488",
    "image": "",
    "email": "fredy54@gmail.com",
    "is_active": true,
    "is_staff": false,
    "date_joined": "2022-11-26T22:09:30.486Z",
    "is_change_password": false,
    "email_reset_token": null,
    "groups": [
      2
    ],
    "user_permissions": []
  }
},
{
  "model": "user.user",
  "pk": 5,
  "fields": {
    "password": "pbkdf2_sha256$320000$5p8cLFiQOyBMI3fBnty8GO$tWeAelEyWT5fm9rZeKUv1MzMCK1NrDqIQAZcUD4+swg=",
    "last_login": null,
    "is_superuser": false,
    "names": "Perry Leffler",
    "username": "0906765616",
    "dni": "0906765616",
    "image": "",
    "email": "braxton29@hotmail.com",
    "is_active": true,
    "is_staff": false,
    "date_joined": "2022-11-26T22:09:30.572Z",
    "is_change_password": false,
    "email_reset_token": null,
    "groups": [
      2
    ],
    "user_permissions": []
  }
},
{
  "model": "user.user",
  "pk": 6,
  "fields": {
    "password": "pbkdf2_sha256$320000$cH8xgi9m8eCjAFBqhgelQw$hsAazhFpwvKXETzetfphdiW09qnkxZMbwZ8JvnN5aFU=",
    "last_login": null,
    "is_superuser": false,
    "names": "Janelle Hagenes",
    "username": "0057825555",
    "dni": "0057825555",
    "image": "",
    "email": "turner59@gmail.com",
    "is_active": true,
    "is_staff": false,
    "date_joined": "2022-11-26T22:09:30.659Z",
    "is_change_password": false,
    "email_reset_token": null,
    "groups": [
      2
    ],
    "user_permissions": []
  }
},
{
  "model": "user.user",
  "pk": 7,
  "fields": {
    "password": "pbkdf2_sha256$320000$e63qgx4DvC5iBnrHqjo88l$AJcXiboTUamPBSQN2pFYmz8kdEoCI0J56Le4tC5T+H8=",
    "last_login": "2022-12-01T16:34:53.690Z",
    "is_superuser": false,
    "names": "Charity Bradtke",
    "username": "0391654148",
    "dni": "0391654148",
    "image": "",
    "email": "halie47@yahoo.com",
    "is_active": true,
    "is_staff": false,
    "date_joined": "2022-11-26T22:09:30.745Z",
    "is_change_password": false,
    "email_reset_token": null,
    "groups": [
      2
    ],
    "user_permissions": []
  }
},
{
  "model": "user.user",
  "pk": 8,
  "fields": {
    "password": "pbkdf2_sha256$320000$imgSziaSHU0KKuLVoaysTN$h3XrDGdyKYfvgZVip32Yut1BjWFbOSFvQsxX4iA/xUw=",
    "last_login": null,
    "is_superuser": false,
    "names": "Dejah Kshlerin",
    "username": "0443165240",
    "dni": "0443165240",
    "image": "",
    "email": "loren_yundt@gmail.com",
    "is_active": true,
    "is_staff": false,
    "date_joined": "2022-11-26T22:09:30.831Z",
    "is_change_password": false,
    "email_reset_token": null,
    "groups": [
      2
    ],
    "user_permissions": []
  }
},
{
  "model": "user.user",
  "pk": 9,
  "fields": {
    "password": "pbkdf2_sha256$320000$mdLpvIUUwpxcHvsX4cDB62$f6ulTzdFP9d8b3HnSx8wNx4u/tsGMJWKRGNsHlUp8ec=",
    "last_login": null,
    "is_superuser": false,
    "names": "Ellen Schaefer",
    "username": "0685828990",
    "dni": "0685828990",
    "image": "",
    "email": "kenton_macejkovic80@hotmail.com",
    "is_active": true,
    "is_staff": false,
    "date_joined": "2022-11-26T22:09:30.917Z",
    "is_change_password": false,
    "email_reset_token": null,
    "groups": [
      2
    ],
    "user_permissions": []
  }
},
{
  "model": "user.user",
  "pk": 10,
  "fields": {
    "password": "pbkdf2_sha256$320000$YyJLq3RC1d4JVW7yBQcDbu$dImKVFw43r/ORIcuzPOa1Im5GzVIHdsX7B2lEsgor3I=",
    "last_login": null,
    "is_superuser": false,
    "names": "Sven Funk",
    "username": "0441316893",
    "dni": "0441316893",
    "image": "",
    "email": "pascale5@yahoo.com",
    "is_active": true,
    "is_staff": false,
    "date_joined": "2022-11-26T22:09:31.003Z",
    "is_change_password": false,
    "email_reset_token": null,
    "groups": [
      2
    ],
    "user_permissions": []
  }
},
{
  "model": "user.user",
  "pk": 11,
  "fields": {
    "password": "pbkdf2_sha256$320000$gIHh15JUQ3uME7bkSzDoqM$zkW5ooj/fp/9w8rBj4vO1eXrrqZNVfKqqbjGSy/F/xQ=",
    "last_login": null,
    "is_superuser": false,
    "names": "Ryleigh Cole",
    "username": "0569632017",
    "dni": "0569632017",
    "image": "",
    "email": "frank34@yahoo.com",
    "is_active": true,
    "is_staff": false,
    "date_joined": "2022-11-26T22:09:31.127Z",
    "is_change_password": false,
    "email_reset_token": null,
    "groups": [
      2
    ],
    "user_permissions": []
  }
},
{
  "model": "user.user",
  "pk": 13,
  "fields": {
    "password": "pbkdf2_sha256$320000$0kmqF61F06GWphyt1R5G2K$BebeRPSYFOOwARzCQhqTDgK229jXI43ViSQFLfDHVO0=",
    "last_login": null,
    "is_superuser": false,
    "names": "William Jair Dávila Vargas",
    "username": "0928363993",
    "dni": "0928363993",
    "image": "",
    "email": "williamjairdavilavargas@gmail.com",
    "is_active": true,
    "is_staff": false,
    "date_joined": "2022-11-29T22:53:13.348Z",
    "is_change_password": false,
    "email_reset_token": null,
    "groups": [
      2
    ],
    "user_permissions": []
  }
},
{
  "model": "user.user",
  "pk": 14,
  "fields": {
    "password": "pbkdf2_sha256$320000$Dzp1y9e176sSfCDwWOPSfR$4sdjjqfWVVLUlxj87vp8cz9MjaEoSjEeJIAhIvTbVpM=",
    "last_login": null,
    "is_superuser": false,
    "names": "Kali Bailey",
    "username": "0388438391",
    "dni": "0388438391",
    "image": "",
    "email": "mireille.conroy96@hotmail.com",
    "is_active": true,
    "is_staff": false,
    "date_joined": "2022-12-05T19:06:40.320Z",
    "is_change_password": false,
    "email_reset_token": null,
    "groups": [
      2
    ],
    "user_permissions": []
  }
},
{
  "model": "user.user",
  "pk": 15,
  "fields": {
    "password": "pbkdf2_sha256$320000$EkErI7M10y3dppxIVLktz5$FMmIyHBj9Ct20uEflIMWvSjzyStsMAW4XEPrigh8/pQ=",
    "last_login": null,
    "is_superuser": false,
    "names": "Kristy Quigley",
    "username": "0411573907",
    "dni": "0411573907",
    "image": "",
    "email": "candido.cormier89@gmail.com",
    "is_active": true,
    "is_staff": false,
    "date_joined": "2022-12-05T19:06:40.674Z",
    "is_change_password": false,
    "email_reset_token": null,
    "groups": [
      2
    ],
    "user_permissions": []
  }
},
{
  "model": "user.user",
  "pk": 16,
  "fields": {
    "password": "pbkdf2_sha256$320000$lNmkQs3TvMOIVTKZ1bF3wz$CLGAzzmrd6ppsDmOz3rEN4NVM0PusWDSAXVInOzDIfA=",
    "last_login": null,
    "is_superuser": false,
    "names": "Leanna Dach",
    "username": "0459614546",
    "dni": "0459614546",
    "image": "",
    "email": "lola_altenwerth82@yahoo.com",
    "is_active": true,
    "is_staff": false,
    "date_joined": "2022-12-05T19:06:40.961Z",
    "is_change_password": false,
    "email_reset_token": null,
    "groups": [
      2
    ],
    "user_permissions": []
  }
},
{
  "model": "user.user",
  "pk": 17,
  "fields": {
    "password": "pbkdf2_sha256$320000$l14kn2IOjHkAa7swAZqixj$arZfNANcgfZjrPZFkQiazz7LTY5HRfOTrtDyLFcPEiw=",
    "last_login": null,
    "is_superuser": false,
    "names": "Hannah O'Keefe",
    "username": "0086052686",
    "dni": "0086052686",
    "image": "",
    "email": "willie36@hotmail.com",
    "is_active": true,
    "is_staff": false,
    "date_joined": "2022-12-05T19:06:41.262Z",
    "is_change_password": false,
    "email_reset_token": null,
    "groups": [
      2
    ],
    "user_permissions": []
  }
},
{
  "model": "user.user",
  "pk": 18,
  "fields": {
    "password": "pbkdf2_sha256$320000$6i6cHPuajtwbwRdv0Rdy7B$tWMygaCUd01jAaGmikwoGM6WNI1Rg/3dw76Kk09W3yE=",
    "last_login": null,
    "is_superuser": false,
    "names": "Melyna Carroll",
    "username": "0868034964",
    "dni": "0868034964",
    "image": "",
    "email": "minerva10@gmail.com",
    "is_active": true,
    "is_staff": false,
    "date_joined": "2022-12-05T19:06:41.640Z",
    "is_change_password": false,
    "email_reset_token": null,
    "groups": [
      2
    ],
    "user_permissions": []
  }
},
{
  "model": "user.user",
  "pk": 19,
  "fields": {
    "password": "pbkdf2_sha256$320000$kIZjVnRw0O6LufJ7CbKrSs$Z5j3prfBeOP6VnqNtPsTmRbQF6aYgeei2facs132/Ag=",
    "last_login": null,
    "is_superuser": false,
    "names": "Rashawn Mayer",
    "username": "0781897521",
    "dni": "0781897521",
    "image": "",
    "email": "peyton_mante@yahoo.com",
    "is_active": true,
    "is_staff": false,
    "date_joined": "2022-12-05T19:06:41.967Z",
    "is_change_password": false,
    "email_reset_token": null,
    "groups": [
      2
    ],
    "user_permissions": []
  }
},
{
  "model": "user.user",
  "pk": 20,
  "fields": {
    "password": "pbkdf2_sha256$320000$CECSuOKiSxY5zAeplIGj7a$MUxkoLMjNvDUqogqi5ngBxq11HnTBljFS4X0ntbfqto=",
    "last_login": null,
    "is_superuser": false,
    "names": "Rodrigo Huel",
    "username": "0121677293",
    "dni": "0121677293",
    "image": "",
    "email": "trinity_fay@yahoo.com",
    "is_active": true,
    "is_staff": false,
    "date_joined": "2022-12-05T19:06:42.294Z",
    "is_change_password": false,
    "email_reset_token": null,
    "groups": [
      2
    ],
    "user_permissions": []
  }
},
{
  "model": "user.user",
  "pk": 21,
  "fields": {
    "password": "pbkdf2_sha256$320000$E9KvnVHnsbR0kZtNMkN4hH$BQ002wB+h282ERXoq8oRe69tCmOUo6oydPhDU3UPXDY=",
    "last_login": null,
    "is_superuser": false,
    "names": "Bud Raynor",
    "username": "0149488541",
    "dni": "0149488541",
    "image": "",
    "email": "reilly.kiehn6@hotmail.com",
    "is_active": true,
    "is_staff": false,
    "date_joined": "2022-12-05T19:06:43.393Z",
    "is_change_password": false,
    "email_reset_token": null,
    "groups": [
      2
    ],
    "user_permissions": []
  }
},
{
  "model": "user.user",
  "pk": 22,
  "fields": {
    "password": "pbkdf2_sha256$320000$B6jMSiSfz5Ib9oqBBLT9C8$C57KcQZsiGFZ2G9LXu6hO7pLWHCUvD44J4vA6RpQ1dg=",
    "last_login": null,
    "is_superuser": false,
    "names": "Estefania Parisian",
    "username": "0390569816",
    "dni": "0390569816",
    "image": "",
    "email": "shawna_walsh47@yahoo.com",
    "is_active": true,
    "is_staff": false,
    "date_joined": "2022-12-05T19:06:43.791Z",
    "is_change_password": false,
    "email_reset_token": null,
    "groups": [
      2
    ],
    "user_permissions": []
  }
},
{
  "model": "user.user",
  "pk": 23,
  "fields": {
    "password": "pbkdf2_sha256$320000$1EY6LwVcgkszgw06PoohpA$UGXi4E42JcpoMqTjXZZ0MuixRiOSZNv+InaLmH+Bc9g=",
    "last_login": null,
    "is_superuser": false,
    "names": "Crawford Paucek",
    "username": "0511254458",
    "dni": "0511254458",
    "image": "",
    "email": "retha28@hotmail.com",
    "is_active": true,
    "is_staff": false,
    "date_joined": "2022-12-05T19:06:44.275Z",
    "is_change_password": false,
    "email_reset_token": null,
    "groups": [
      2
    ],
    "user_permissions": []
  }
},
{
  "model": "user.user",
  "pk": 24,
  "fields": {
    "password": "pbkdf2_sha256$320000$t1rnIsSwdcal7shzpmqScX$qgr+N3oKLhtGlNzJGnhLuyZ44K7nRiPrwlUn5tRDLJc=",
    "last_login": null,
    "is_superuser": false,
    "names": "Cale Zieme",
    "username": "0619146770",
    "dni": "0619146770",
    "image": "",
    "email": "nathen_mckenzie60@gmail.com",
    "is_active": true,
    "is_staff": false,
    "date_joined": "2022-12-05T19:06:44.640Z",
    "is_change_password": false,
    "email_reset_token": null,
    "groups": [
      2
    ],
    "user_permissions": []
  }
},
{
  "model": "user.user",
  "pk": 25,
  "fields": {
    "password": "pbkdf2_sha256$320000$0Szd5J9EgDqX32IO40jgYz$563ridrp5NUhkqgSPkJKO0nngIyjXEN1MJ8UlJrECyE=",
    "last_login": null,
    "is_superuser": false,
    "names": "Ike Schimmel",
    "username": "0557965851",
    "dni": "0557965851",
    "image": "",
    "email": "mara75@hotmail.com",
    "is_active": true,
    "is_staff": false,
    "date_joined": "2022-12-05T19:06:45.016Z",
    "is_change_password": false,
    "email_reset_token": null,
    "groups": [
      2
    ],
    "user_permissions": []
  }
},
{
  "model": "user.user",
  "pk": 26,
  "fields": {
    "password": "pbkdf2_sha256$320000$4zgj2AMMmrZq2o2XRbqk00$7JNztuY3bgXn7iYeBZbXObQWbVOvaoH7DE9S6fyP8sQ=",
    "last_login": null,
    "is_superuser": false,
    "names": "Samara Labadie",
    "username": "0274640675",
    "dni": "0274640675",
    "image": "",
    "email": "adonis_ankunding@gmail.com",
    "is_active": true,
    "is_staff": false,
    "date_joined": "2022-12-05T19:06:46.204Z",
    "is_change_password": false,
    "email_reset_token": null,
    "groups": [
      2
    ],
    "user_permissions": []
  }
},
{
  "model": "user.user",
  "pk": 27,
  "fields": {
    "password": "pbkdf2_sha256$320000$UCyvXsUfOviP6KPWMsKtBW$h7CMx/XsV6OvUJUStukT9+kryyTMYabmtEOV97zpq4s=",
    "last_login": null,
    "is_superuser": false,
    "names": "Joel Volkman",
    "username": "0763470150",
    "dni": "0763470150",
    "image": "",
    "email": "newton.schultz@hotmail.com",
    "is_active": true,
    "is_staff": false,
    "date_joined": "2022-12-05T19:06:46.698Z",
    "is_change_password": false,
    "email_reset_token": null,
    "groups": [
      2
    ],
    "user_permissions": []
  }
},
{
  "model": "user.user",
  "pk": 28,
  "fields": {
    "password": "pbkdf2_sha256$320000$rXPf1mQ7xv66ndOyoE8YVd$QdUTXdzM4L3dCAgEQmUSLZHX0aqCK1X8tW9YNimL2Qg=",
    "last_login": null,
    "is_superuser": false,
    "names": "Cali Champlin",
    "username": "0991976001",
    "dni": "0991976001",
    "image": "",
    "email": "neva.pollich30@yahoo.com",
    "is_active": true,
    "is_staff": false,
    "date_joined": "2022-12-05T19:06:47.089Z",
    "is_change_password": false,
    "email_reset_token": null,
    "groups": [
      2
    ],
    "user_permissions": []
  }
},
{
  "model": "user.user",
  "pk": 29,
  "fields": {
    "password": "pbkdf2_sha256$320000$Ypwf7VtlxIL0puRhCEAEZe$OYj7Y6furqgLMu8Lmeh6lqYdHZ7USZ8TAvRN3y8mtRg=",
    "last_login": null,
    "is_superuser": false,
    "names": "Ahmed Klocko",
    "username": "0469640399",
    "dni": "0469640399",
    "image": "",
    "email": "lindsay.weber@yahoo.com",
    "is_active": true,
    "is_staff": false,
    "date_joined": "2022-12-05T19:06:47.637Z",
    "is_change_password": false,
    "email_reset_token": null,
    "groups": [
      2
    ],
    "user_permissions": []
  }
},
{
  "model": "user.user",
  "pk": 30,
  "fields": {
    "password": "pbkdf2_sha256$320000$BwYVbfLTDk5fctU4MXlm4L$9Cxht2wYYnzu8qMP2zNSwLLDd9sV2T7lA15vJJK8XOY=",
    "last_login": null,
    "is_superuser": false,
    "names": "Presley Wuckert",
    "username": "0183690219",
    "dni": "0183690219",
    "image": "",
    "email": "kira_feil@yahoo.com",
    "is_active": true,
    "is_staff": false,
    "date_joined": "2022-12-05T19:06:48.805Z",
    "is_change_password": false,
    "email_reset_token": null,
    "groups": [
      2
    ],
    "user_permissions": []
  }
},
{
  "model": "user.user",
  "pk": 31,
  "fields": {
    "password": "pbkdf2_sha256$320000$ghs9N7oeBb8dYa3B8PkfQz$1HYL8fIVMZDxOjnoACYw3qawZ4G9fzUBg392kqJ50QM=",
    "last_login": null,
    "is_superuser": false,
    "names": "Bell Sporer",
    "username": "0361727920",
    "dni": "0361727920",
    "image": "",
    "email": "lew.blick34@yahoo.com",
    "is_active": true,
    "is_staff": false,
    "date_joined": "2022-12-05T19:06:49.216Z",
    "is_change_password": false,
    "email_reset_token": null,
    "groups": [
      2
    ],
    "user_permissions": []
  }
},
{
  "model": "user.user",
  "pk": 32,
  "fields": {
    "password": "pbkdf2_sha256$320000$kANJkorEyO8RXbevlPMtOu$iFoq/MS0+Bo2nhIfqcwxhcJMRGufh+CI60rhaADeHD4=",
    "last_login": null,
    "is_superuser": false,
    "names": "Ola Cole",
    "username": "0359679091",
    "dni": "0359679091",
    "image": "",
    "email": "reva.lindgren84@yahoo.com",
    "is_active": true,
    "is_staff": false,
    "date_joined": "2022-12-05T19:06:49.638Z",
    "is_change_password": false,
    "email_reset_token": null,
    "groups": [
      2
    ],
    "user_permissions": []
  }
},
{
  "model": "user.user",
  "pk": 33,
  "fields": {
    "password": "pbkdf2_sha256$320000$yqRJJ3pkRvQPmhOm7xzGkF$AVNcrctf67gqa/5D/rg4LXK6RsZ0U7dDh4bH95K+Xj4=",
    "last_login": null,
    "is_superuser": false,
    "names": "Cleo Sanford",
    "username": "0390487825",
    "dni": "0390487825",
    "image": "",
    "email": "harley20@hotmail.com",
    "is_active": true,
    "is_staff": false,
    "date_joined": "2022-12-05T19:06:50.103Z",
    "is_change_password": false,
    "email_reset_token": null,
    "groups": [
      2
    ],
    "user_permissions": []
  }
},
{
  "model": "user.user",
  "pk": 34,
  "fields": {
    "password": "pbkdf2_sha256$320000$i1cgIZakwSIS0Hd7OAhjuM$jjjkS/fcXwIbXmAnXo5FSI9L6k0CVGkl9R8W3HsvwqM=",
    "last_login": null,
    "is_superuser": false,
    "names": "Bridgette Harris",
    "username": "0562509401",
    "dni": "0562509401",
    "image": "",
    "email": "ferne.rempel0@hotmail.com",
    "is_active": true,
    "is_staff": false,
    "date_joined": "2022-12-05T19:06:51.534Z",
    "is_change_password": false,
    "email_reset_token": null,
    "groups": [
      2
    ],
    "user_permissions": []
  }
},
{
  "model": "user.user",
  "pk": 35,
  "fields": {
    "password": "pbkdf2_sha256$320000$MuaSQhNr3ePoC2ikYbQ0sK$A7zWMhHHUhidDQ9bG2J4U4GUePVWlyphwSFPVtXYNbc=",
    "last_login": null,
    "is_superuser": false,
    "names": "Lavinia Schmitt",
    "username": "0228518027",
    "dni": "0228518027",
    "image": "",
    "email": "noemy.schumm13@hotmail.com",
    "is_active": true,
    "is_staff": false,
    "date_joined": "2022-12-05T19:06:51.925Z",
    "is_change_password": false,
    "email_reset_token": null,
    "groups": [
      2
    ],
    "user_permissions": []
  }
},
{
  "model": "user.user",
  "pk": 36,
  "fields": {
    "password": "pbkdf2_sha256$320000$sh5FmjTPUWDpeByHcisy7y$qRGqipKy+p9kOf5J7X6PgVpZLYegXjk3CT5Tjoo5vO8=",
    "last_login": null,
    "is_superuser": false,
    "names": "Lionel Johns",
    "username": "0934564196",
    "dni": "0934564196",
    "image": "",
    "email": "leilani.robel@yahoo.com",
    "is_active": true,
    "is_staff": false,
    "date_joined": "2022-12-05T19:06:52.299Z",
    "is_change_password": false,
    "email_reset_token": null,
    "groups": [
      2
    ],
    "user_permissions": []
  }
},
{
  "model": "user.user",
  "pk": 37,
  "fields": {
    "password": "pbkdf2_sha256$320000$Y8UVAivRvoxq9PPYNDosu6$8d/Wlj23RYcTQaodfY0iDO1TOXtPgLpHO29WLLPlCSw=",
    "last_login": null,
    "is_superuser": false,
    "names": "Olen King",
    "username": "0939731707",
    "dni": "0939731707",
    "image": "",
    "email": "russ.bogan28@hotmail.com",
    "is_active": true,
    "is_staff": false,
    "date_joined": "2022-12-05T19:06:52.761Z",
    "is_change_password": false,
    "email_reset_token": null,
    "groups": [
      2
    ],
    "user_permissions": []
  }
},
{
  "model": "user.user",
  "pk": 38,
  "fields": {
    "password": "pbkdf2_sha256$320000$YkQysYMzrRuY4wxdWRXxt2$ikSKYFe6zMIA6g4xv8kaW6vvguyX9ReCwUHQ1a9nuTA=",
    "last_login": null,
    "is_superuser": false,
    "names": "Icie Beahan",
    "username": "0586625458",
    "dni": "0586625458",
    "image": "",
    "email": "caitlyn.friesen@hotmail.com",
    "is_active": true,
    "is_staff": false,
    "date_joined": "2022-12-05T19:06:53.949Z",
    "is_change_password": false,
    "email_reset_token": null,
    "groups": [
      2
    ],
    "user_permissions": []
  }
},
{
  "model": "user.user",
  "pk": 39,
  "fields": {
    "password": "pbkdf2_sha256$320000$Az275yhDEEtFr6M7HekcYi$L4Ll7LJ1NMwfsfXkhFbvExhSUDi7A/vNTi/4zG+d8d0=",
    "last_login": null,
    "is_superuser": false,
    "names": "Cassandra Conn",
    "username": "0467532654",
    "dni": "0467532654",
    "image": "",
    "email": "jimmy_bradtke25@hotmail.com",
    "is_active": true,
    "is_staff": false,
    "date_joined": "2022-12-05T19:06:54.353Z",
    "is_change_password": false,
    "email_reset_token": null,
    "groups": [
      2
    ],
    "user_permissions": []
  }
},
{
  "model": "user.user",
  "pk": 40,
  "fields": {
    "password": "pbkdf2_sha256$320000$vkYb87aVsoeMeSfMOXxyYg$9p4EudB3pXpMjndbNrcnvOXcbHg8Z9EgL3YwAtjWosc=",
    "last_login": null,
    "is_superuser": false,
    "names": "Modesto Crist",
    "username": "0382812259",
    "dni": "0382812259",
    "image": "",
    "email": "fae6@yahoo.com",
    "is_active": true,
    "is_staff": false,
    "date_joined": "2022-12-05T19:06:54.763Z",
    "is_change_password": false,
    "email_reset_token": null,
    "groups": [
      2
    ],
    "user_permissions": []
  }
},
{
  "model": "user.user",
  "pk": 41,
  "fields": {
    "password": "pbkdf2_sha256$320000$qlUaK0j7Vjt59IjjtuhBnv$eSQEEvZ2V4cwnVdDOLMddzo2yphCR1dKBPdOPub6M/8=",
    "last_login": null,
    "is_superuser": false,
    "names": "Clementina Ziemann",
    "username": "0425362360",
    "dni": "0425362360",
    "image": "",
    "email": "yvette_jenkins@gmail.com",
    "is_active": true,
    "is_staff": false,
    "date_joined": "2022-12-05T19:06:55.180Z",
    "is_change_password": false,
    "email_reset_token": null,
    "groups": [
      2
    ],
    "user_permissions": []
  }
},
{
  "model": "user.user",
  "pk": 42,
  "fields": {
    "password": "pbkdf2_sha256$320000$l5Ez9Xs4SMgEOxuIBQul2k$bHNcZmOi9InClCXBfmjIKA26OvDQdGV3nweSUWCZChs=",
    "last_login": null,
    "is_superuser": false,
    "names": "Marjorie Lebsack",
    "username": "0918733369",
    "dni": "0918733369",
    "image": "",
    "email": "audrey_johnson67@yahoo.com",
    "is_active": true,
    "is_staff": false,
    "date_joined": "2022-12-05T19:06:57.133Z",
    "is_change_password": false,
    "email_reset_token": null,
    "groups": [
      2
    ],
    "user_permissions": []
  }
},
{
  "model": "user.user",
  "pk": 43,
  "fields": {
    "password": "pbkdf2_sha256$320000$9IuZzhnzqB3ffiFr7lq2l6$U8RSArA7qqcTrstepEYt7/7DgQ7npfqMnz7PqNq1gAg=",
    "last_login": null,
    "is_superuser": false,
    "names": "Camille Lubowitz",
    "username": "0229662781",
    "dni": "0229662781",
    "image": "",
    "email": "brandy_mclaughlin@hotmail.com",
    "is_active": true,
    "is_staff": false,
    "date_joined": "2022-12-05T19:06:57.498Z",
    "is_change_password": false,
    "email_reset_token": null,
    "groups": [
      2
    ],
    "user_permissions": []
  }
},
{
  "model": "user.user",
  "pk": 44,
  "fields": {
    "password": "pbkdf2_sha256$320000$J8uWCYgSjBNEBthQ7oRfBt$4MuvKZZF6iFJx6uSTFaLORdNJKTd1pmy1rSCJW+3n0g=",
    "last_login": null,
    "is_superuser": false,
    "names": "Arturo Rosenbaum",
    "username": "0418848751",
    "dni": "0418848751",
    "image": "",
    "email": "cindy.ruecker@hotmail.com",
    "is_active": true,
    "is_staff": false,
    "date_joined": "2022-12-05T19:06:57.863Z",
    "is_change_password": false,
    "email_reset_token": null,
    "groups": [
      2
    ],
    "user_permissions": []
  }
},
{
  "model": "user.user",
  "pk": 45,
  "fields": {
    "password": "pbkdf2_sha256$320000$fqdb2xGV0kck9Mhxrzdh0m$feYszZfhCnK2Q8Y4ERyDsKyWR6329uK8pxbQowW0m/k=",
    "last_login": null,
    "is_superuser": false,
    "names": "Jermain Pollich",
    "username": "0111258836",
    "dni": "0111258836",
    "image": "",
    "email": "manley_sauer66@gmail.com",
    "is_active": true,
    "is_staff": false,
    "date_joined": "2022-12-05T19:06:58.261Z",
    "is_change_password": false,
    "email_reset_token": null,
    "groups": [
      2
    ],
    "user_permissions": []
  }
},
{
  "model": "user.user",
  "pk": 46,
  "fields": {
    "password": "pbkdf2_sha256$320000$Gb9QwgxuhtkWYiLKF7K7Um$qc1+7Xgi++hI0o+h5VWBHpie9Pv9CaRhhN9ag/TbYtU=",
    "last_login": null,
    "is_superuser": false,
    "names": "Jordon Gottlieb",
    "username": "0965105680",
    "dni": "0965105680",
    "image": "",
    "email": "maureen_friesen@gmail.com",
    "is_active": true,
    "is_staff": false,
    "date_joined": "2022-12-05T19:06:59.811Z",
    "is_change_password": false,
    "email_reset_token": null,
    "groups": [
      2
    ],
    "user_permissions": []
  }
},
{
  "model": "user.user",
  "pk": 47,
  "fields": {
    "password": "pbkdf2_sha256$320000$D99l53imCTUnIiaW6jv2zE$P1MOkdrgUSN5qaq3nmPsIzEgZt9pPwx6DFX/9xlxECM=",
    "last_login": null,
    "is_superuser": false,
    "names": "Kole Jaskolski",
    "username": "0580636702",
    "dni": "0580636702",
    "image": "",
    "email": "reilly_swift@yahoo.com",
    "is_active": true,
    "is_staff": false,
    "date_joined": "2022-12-05T19:07:00.326Z",
    "is_change_password": false,
    "email_reset_token": null,
    "groups": [
      2
    ],
    "user_permissions": []
  }
},
{
  "model": "user.user",
  "pk": 48,
  "fields": {
    "password": "pbkdf2_sha256$320000$oDgvNdlyaMhQd4PlyLBrss$zUQdk/MfCvNhQgOtPj0w0FJJYlhLwAbMhOCrMVZ+45Q=",
    "last_login": null,
    "is_superuser": false,
    "names": "Brielle Kohler",
    "username": "0813369044",
    "dni": "0813369044",
    "image": "",
    "email": "vinnie_upton@hotmail.com",
    "is_active": true,
    "is_staff": false,
    "date_joined": "2022-12-05T19:07:00.741Z",
    "is_change_password": false,
    "email_reset_token": null,
    "groups": [
      2
    ],
    "user_permissions": []
  }
},
{
  "model": "user.user",
  "pk": 49,
  "fields": {
    "password": "pbkdf2_sha256$320000$xdbecPE7vFinXT7g38Mzuu$298v2OB9dHxE3vXRdiOgEvguJ9vS8C9KsZqmmfsZcCA=",
    "last_login": null,
    "is_superuser": false,
    "names": "Roy Gibson",
    "username": "0863383724",
    "dni": "0863383724",
    "image": "",
    "email": "christa84@hotmail.com",
    "is_active": true,
    "is_staff": false,
    "date_joined": "2022-12-05T19:07:01.135Z",
    "is_change_password": false,
    "email_reset_token": null,
    "groups": [
      2
    ],
    "user_permissions": []
  }
},
{
  "model": "user.user",
  "pk": 50,
  "fields": {
    "password": "pbkdf2_sha256$320000$h5oqnbD0d8YXInalPtFMd6$2a5shc/YO1QrfB3xEAZrkOiKxaliNdJfB8Sq+xMp6bk=",
    "last_login": null,
    "is_superuser": false,
    "names": "Ezra Larson",
    "username": "0882173513",
    "dni": "0882173513",
    "image": "",
    "email": "michelle_schmidt@yahoo.com",
    "is_active": true,
    "is_staff": false,
    "date_joined": "2022-12-05T19:07:02.588Z",
    "is_change_password": false,
    "email_reset_token": null,
    "groups": [
      2
    ],
    "user_permissions": []
  }
},
{
  "model": "user.user",
  "pk": 51,
  "fields": {
    "password": "pbkdf2_sha256$320000$PgiWdwassmJ3N2N0rYOy1U$hOLReu+GFDP7xy2LNdbwVnGWDIjE000ZeJW/jO29/+0=",
    "last_login": null,
    "is_superuser": false,
    "names": "George Gusikowski",
    "username": "0122236074",
    "dni": "0122236074",
    "image": "",
    "email": "frances_toy@yahoo.com",
    "is_active": true,
    "is_staff": false,
    "date_joined": "2022-12-05T19:07:02.965Z",
    "is_change_password": false,
    "email_reset_token": null,
    "groups": [
      2
    ],
    "user_permissions": []
  }
},
{
  "model": "user.user",
  "pk": 52,
  "fields": {
    "password": "pbkdf2_sha256$320000$KXIGUjNFOF9sgR9EuJixFO$++9Laa5SJ8hpIIMwJhiLuSdAe8eDvD+wzdWitvshoGY=",
    "last_login": null,
    "is_superuser": false,
    "names": "Sabrina Ruecker",
    "username": "0215169101",
    "dni": "0215169101",
    "image": "",
    "email": "alvena.batz@yahoo.com",
    "is_active": true,
    "is_staff": false,
    "date_joined": "2022-12-05T19:07:03.341Z",
    "is_change_password": false,
    "email_reset_token": null,
    "groups": [
      2
    ],
    "user_permissions": []
  }
},
{
  "model": "user.user",
  "pk": 53,
  "fields": {
    "password": "pbkdf2_sha256$320000$CH1sF9579CSkUhADvzFpFM$QTpSNlDEUskl/YoyqMh6l/MrUVew1U/LNeul+IIQwE8=",
    "last_login": null,
    "is_superuser": false,
    "names": "Floyd Brekke",
    "username": "0564303900",
    "dni": "0564303900",
    "image": "",
    "email": "dante.stehr64@gmail.com",
    "is_active": true,
    "is_staff": false,
    "date_joined": "2022-12-05T19:07:03.889Z",
    "is_change_password": false,
    "email_reset_token": null,
    "groups": [
      2
    ],
    "user_permissions": []
  }
},
{
  "model": "user.user",
  "pk": 54,
  "fields": {
    "password": "pbkdf2_sha256$320000$fvHaCPlH90deqC2X138A3w$MtA50fpGufp6iEKTrxmXCV70HolmziR32FbB3eKSWoM=",
    "last_login": null,
    "is_superuser": false,
    "names": "Leone Berge",
    "username": "0755346321",
    "dni": "0755346321",
    "image": "",
    "email": "britney.botsford0@yahoo.com",
    "is_active": true,
    "is_staff": false,
    "date_joined": "2022-12-05T19:07:05.219Z",
    "is_change_password": false,
    "email_reset_token": null,
    "groups": [
      2
    ],
    "user_permissions": []
  }
},
{
  "model": "user.user",
  "pk": 55,
  "fields": {
    "password": "pbkdf2_sha256$320000$5061rqupnfdrHEAIyUIDG0$d2nORMGZBDt1S+8LiF92rNrZuG70dIYOjgkH28DTzdA=",
    "last_login": null,
    "is_superuser": false,
    "names": "Charlene Rau",
    "username": "0685866008",
    "dni": "0685866008",
    "image": "",
    "email": "lew99@yahoo.com",
    "is_active": true,
    "is_staff": false,
    "date_joined": "2022-12-05T19:07:05.642Z",
    "is_change_password": false,
    "email_reset_token": null,
    "groups": [
      2
    ],
    "user_permissions": []
  }
},
{
  "model": "user.user",
  "pk": 56,
  "fields": {
    "password": "pbkdf2_sha256$320000$VMunbJqza7f8HKaGHuQyZj$WJBIkoy04YhESFnQbCm2o7E5CtAREECcMi5E8NjzC0c=",
    "last_login": null,
    "is_superuser": false,
    "names": "Roxanne Ritchie",
    "username": "0675176726",
    "dni": "0675176726",
    "image": "",
    "email": "gisselle.fay@yahoo.com",
    "is_active": true,
    "is_staff": false,
    "date_joined": "2022-12-05T19:07:06.159Z",
    "is_change_password": false,
    "email_reset_token": null,
    "groups": [
      2
    ],
    "user_permissions": []
  }
},
{
  "model": "user.user",
  "pk": 57,
  "fields": {
    "password": "pbkdf2_sha256$320000$GabDsn2eHXAYzZHakw88Un$5nbJmEPsy1sgBt2CwB8PXpmHknh34h1B+7OUVlzMSrI=",
    "last_login": null,
    "is_superuser": false,
    "names": "Blanca Klocko",
    "username": "0960012799",
    "dni": "0960012799",
    "image": "",
    "email": "aliyah9@gmail.com",
    "is_active": true,
    "is_staff": false,
    "date_joined": "2022-12-05T19:07:07.535Z",
    "is_change_password": false,
    "email_reset_token": null,
    "groups": [
      2
    ],
    "user_permissions": []
  }
},
{
  "model": "user.user",
  "pk": 58,
  "fields": {
    "password": "pbkdf2_sha256$320000$Z6M4KTDRPrhGw0avmkntgS$OQ8he8UQiisNhzazPaeBNbj7n6X1HHPCLEH8/LbsQpk=",
    "last_login": null,
    "is_superuser": false,
    "names": "Delta Blick",
    "username": "0257365137",
    "dni": "0257365137",
    "image": "",
    "email": "beaulah16@hotmail.com",
    "is_active": true,
    "is_staff": false,
    "date_joined": "2022-12-05T19:07:07.933Z",
    "is_change_password": false,
    "email_reset_token": null,
    "groups": [
      2
    ],
    "user_permissions": []
  }
},
{
  "model": "user.user",
  "pk": 59,
  "fields": {
    "password": "pbkdf2_sha256$320000$6RSHeNSkPiFhzk5SLuXfqp$z44ByCVijcRpTk75AN2GzvH8AwspBi8xHqzAiqjKgfo=",
    "last_login": null,
    "is_superuser": false,
    "names": "Kenton Rowe",
    "username": "0718361881",
    "dni": "0718361881",
    "image": "",
    "email": "russell_feest11@gmail.com",
    "is_active": true,
    "is_staff": false,
    "date_joined": "2022-12-05T19:07:08.297Z",
    "is_change_password": false,
    "email_reset_token": null,
    "groups": [
      2
    ],
    "user_permissions": []
  }
},
{
  "model": "user.user",
  "pk": 60,
  "fields": {
    "password": "pbkdf2_sha256$320000$tAYW2LPmta8Sh57InPEDYU$BSrltWJ7MPMSRiPPqk+EJzhwYbyv1Y/7d3No3A9x0Bw=",
    "last_login": null,
    "is_superuser": false,
    "names": "Korey Grant",
    "username": "0668499100",
    "dni": "0668499100",
    "image": "",
    "email": "garnett55@hotmail.com",
    "is_active": true,
    "is_staff": false,
    "date_joined": "2022-12-05T19:07:08.730Z",
    "is_change_password": false,
    "email_reset_token": null,
    "groups": [
      2
    ],
    "user_permissions": []
  }
},
{
  "model": "user.user",
  "pk": 61,
  "fields": {
    "password": "pbkdf2_sha256$320000$KAAxsMIeryumTHKXO2YVMw$Ml9bFT6CkAMzHn2JJ1e0pz0jJ6cMXX8Rt+BALTFkkb0=",
    "last_login": null,
    "is_superuser": false,
    "names": "Ignatius Reichel",
    "username": "0675658707",
    "dni": "0675658707",
    "image": "",
    "email": "amalia6@hotmail.com",
    "is_active": true,
    "is_staff": false,
    "date_joined": "2022-12-05T19:07:10.111Z",
    "is_change_password": false,
    "email_reset_token": null,
    "groups": [
      2
    ],
    "user_permissions": []
  }
},
{
  "model": "user.user",
  "pk": 62,
  "fields": {
    "password": "pbkdf2_sha256$320000$srzkQkk2ULo5BHhPYyxBfT$pbh74zJkR4wzcxpUxpVt/si5MWRxYMmxmc1FroKP0KA=",
    "last_login": null,
    "is_superuser": false,
    "names": "Lacey Swift",
    "username": "0486356977",
    "dni": "0486356977",
    "image": "",
    "email": "margie_mckenzie11@hotmail.com",
    "is_active": true,
    "is_staff": false,
    "date_joined": "2022-12-05T19:07:10.514Z",
    "is_change_password": false,
    "email_reset_token": null,
    "groups": [
      2
    ],
    "user_permissions": []
  }
},
{
  "model": "user.user",
  "pk": 63,
  "fields": {
    "password": "pbkdf2_sha256$320000$SIqZinpKPVcVmCyQINQz2l$pDgMtaOAVOjAOnNBxwCx2DlmpYZksAery5IHQ0zD5ow=",
    "last_login": null,
    "is_superuser": false,
    "names": "Rodger Kris",
    "username": "0703002206",
    "dni": "0703002206",
    "image": "",
    "email": "bella.bergstrom29@hotmail.com",
    "is_active": true,
    "is_staff": false,
    "date_joined": "2022-12-05T19:07:10.989Z",
    "is_change_password": false,
    "email_reset_token": null,
    "groups": [
      2
    ],
    "user_permissions": []
  }
},
{
  "model": "user.user",
  "pk": 64,
  "fields": {
    "password": "pbkdf2_sha256$320000$RdD0lRbLhHo6sELejeVzoD$i8taLmFtNogE7oaDTnWX6WF1eN51y+M58X/PIF4sXXs=",
    "last_login": null,
    "is_superuser": false,
    "names": "Alize Haag",
    "username": "0765981403",
    "dni": "0765981403",
    "image": "",
    "email": "margarett10@gmail.com",
    "is_active": true,
    "is_staff": false,
    "date_joined": "2022-12-05T19:07:12.383Z",
    "is_change_password": false,
    "email_reset_token": null,
    "groups": [
      2
    ],
    "user_permissions": []
  }
},
{
  "model": "user.user",
  "pk": 65,
  "fields": {
    "password": "pbkdf2_sha256$320000$kAn8E6vnyooqSChQWeVVml$DIYiW1MxzV4JaS0v0rXy9wfTUBBrIeN7t6DkOwsG5R0=",
    "last_login": null,
    "is_superuser": false,
    "names": "Steve Harvey",
    "username": "0673675810",
    "dni": "0673675810",
    "image": "",
    "email": "lue_mosciski74@yahoo.com",
    "is_active": true,
    "is_staff": false,
    "date_joined": "2022-12-05T19:07:12.932Z",
    "is_change_password": false,
    "email_reset_token": null,
    "groups": [
      2
    ],
    "user_permissions": []
  }
},
{
  "model": "user.user",
  "pk": 66,
  "fields": {
    "password": "pbkdf2_sha256$320000$ArHaeuyzMmv6zDVlVLdeUg$9lTdx1IEi2f2x12Bf2J1fBIP1KBxZdMoee3EYX0Yo6Q=",
    "last_login": null,
    "is_superuser": false,
    "names": "Odell Champlin",
    "username": "0867759826",
    "dni": "0867759826",
    "image": "",
    "email": "edd_hane@gmail.com",
    "is_active": true,
    "is_staff": false,
    "date_joined": "2022-12-05T19:07:13.380Z",
    "is_change_password": false,
    "email_reset_token": null,
    "groups": [
      2
    ],
    "user_permissions": []
  }
},
{
  "model": "user.user",
  "pk": 67,
  "fields": {
    "password": "pbkdf2_sha256$320000$OZkx6K9EiwHmVmKU9ehxOw$CLz4FT2Xbad8GNTO+PI88kQ2ZAjHWgmsMnrba/6nk0c=",
    "last_login": null,
    "is_superuser": false,
    "names": "Jamie Larson",
    "username": "0838268019",
    "dni": "0838268019",
    "image": "",
    "email": "austin_tremblay43@gmail.com",
    "is_active": true,
    "is_staff": false,
    "date_joined": "2022-12-05T19:07:13.748Z",
    "is_change_password": false,
    "email_reset_token": null,
    "groups": [
      2
    ],
    "user_permissions": []
  }
},
{
  "model": "user.user",
  "pk": 68,
  "fields": {
    "password": "pbkdf2_sha256$320000$2UoLaadRSYJAy7eYywN7rU$60UuuMQ4gwWlijmQTIb/jX7u0LiCdOmJJTnV/1TbAfc=",
    "last_login": null,
    "is_superuser": false,
    "names": "Krystina Mills",
    "username": "0502823795",
    "dni": "0502823795",
    "image": "",
    "email": "arlo.goldner24@gmail.com",
    "is_active": true,
    "is_staff": false,
    "date_joined": "2022-12-05T19:07:14.980Z",
    "is_change_password": false,
    "email_reset_token": null,
    "groups": [
      2
    ],
    "user_permissions": []
  }
},
{
  "model": "user.user",
  "pk": 69,
  "fields": {
    "password": "pbkdf2_sha256$320000$fktEb2IUGXAD7ggemhGbD1$s4KwKRZdXITWeqb76Nivz6QC4ck0lUIVXZsrlKlmtAc=",
    "last_login": null,
    "is_superuser": false,
    "names": "Rebecca Zemlak",
    "username": "0708530493",
    "dni": "0708530493",
    "image": "",
    "email": "trudie.nicolas@hotmail.com",
    "is_active": true,
    "is_staff": false,
    "date_joined": "2022-12-05T19:07:15.377Z",
    "is_change_password": false,
    "email_reset_token": null,
    "groups": [
      2
    ],
    "user_permissions": []
  }
},
{
  "model": "user.user",
  "pk": 70,
  "fields": {
    "password": "pbkdf2_sha256$320000$kCLA1t2thMC7Cgr6z8LTSB$BqW2QyDrWsBHu9CuRVglEmqLATZctX+SdIXqaEFxcH0=",
    "last_login": null,
    "is_superuser": false,
    "names": "Cleveland Trantow",
    "username": "0655144144",
    "dni": "0655144144",
    "image": "",
    "email": "gerry30@gmail.com",
    "is_active": true,
    "is_staff": false,
    "date_joined": "2022-12-05T19:07:15.962Z",
    "is_change_password": false,
    "email_reset_token": null,
    "groups": [
      2
    ],
    "user_permissions": []
  }
},
{
  "model": "user.user",
  "pk": 71,
  "fields": {
    "password": "pbkdf2_sha256$320000$mJEeJnXDT8V87ZCXhTmgti$RiQGGuvpH2pq/mktRk9X3tkDK/eiGlc8xtDe+QtiT7M=",
    "last_login": null,
    "is_superuser": false,
    "names": "Noemy Mayert",
    "username": "0125255247",
    "dni": "0125255247",
    "image": "",
    "email": "martin90@hotmail.com",
    "is_active": true,
    "is_staff": false,
    "date_joined": "2022-12-05T19:07:17.287Z",
    "is_change_password": false,
    "email_reset_token": null,
    "groups": [
      2
    ],
    "user_permissions": []
  }
},
{
  "model": "user.user",
  "pk": 72,
  "fields": {
    "password": "pbkdf2_sha256$320000$1HxnM31u19XS7CLWJeO0tz$QUcua61vmTDUSxtDsMagLpz827YqkEwsR5ylWAPTUsg=",
    "last_login": null,
    "is_superuser": false,
    "names": "Aliya Schuppe",
    "username": "0746778096",
    "dni": "0746778096",
    "image": "",
    "email": "brando.pfeffer@hotmail.com",
    "is_active": true,
    "is_staff": false,
    "date_joined": "2022-12-05T19:07:17.827Z",
    "is_change_password": false,
    "email_reset_token": null,
    "groups": [
      2
    ],
    "user_permissions": []
  }
},
{
  "model": "user.user",
  "pk": 73,
  "fields": {
    "password": "pbkdf2_sha256$320000$VuBn5feq7g5VhIhGFfjgul$fdYruR3kuaUhJYgouRqNv5KYbhajG74RFzLyCBvOAQU=",
    "last_login": null,
    "is_superuser": false,
    "names": "Savanah Zemlak",
    "username": "0935677455",
    "dni": "0935677455",
    "image": "",
    "email": "theresa.kertzmann@yahoo.com",
    "is_active": true,
    "is_staff": false,
    "date_joined": "2022-12-05T19:07:18.266Z",
    "is_change_password": false,
    "email_reset_token": null,
    "groups": [
      2
    ],
    "user_permissions": []
  }
},
{
  "model": "user.user",
  "pk": 74,
  "fields": {
    "password": "pbkdf2_sha256$320000$NazegQ2pRiXcCts3VgJcDP$SLhr/NzBhyrRjm9gN1bAf0dumNbhUXFZuip2FtIijVU=",
    "last_login": null,
    "is_superuser": false,
    "names": "Donna DuBuque",
    "username": "0288197027",
    "dni": "0288197027",
    "image": "",
    "email": "kristofer.streich98@gmail.com",
    "is_active": true,
    "is_staff": false,
    "date_joined": "2022-12-05T19:07:18.697Z",
    "is_change_password": false,
    "email_reset_token": null,
    "groups": [
      2
    ],
    "user_permissions": []
  }
},
{
  "model": "user.user",
  "pk": 75,
  "fields": {
    "password": "pbkdf2_sha256$320000$dou7kDtUl1RLDglCREFxah$L2QW4CrFrmbMaM+0SshRDGnIYrTxCLa3LtxqDyeTMRk=",
    "last_login": null,
    "is_superuser": false,
    "names": "Rogers Cronin",
    "username": "0069127057",
    "dni": "0069127057",
    "image": "",
    "email": "kailyn87@hotmail.com",
    "is_active": true,
    "is_staff": false,
    "date_joined": "2022-12-05T19:07:20.018Z",
    "is_change_password": false,
    "email_reset_token": null,
    "groups": [
      2
    ],
    "user_permissions": []
  }
},
{
  "model": "user.user",
  "pk": 76,
  "fields": {
    "password": "pbkdf2_sha256$320000$KxqIMLzg3mCvrwbRZGNK1p$AOYyKipV/Ms+BRlziT410A2N/TZwaF05j/MLuODkGPo=",
    "last_login": null,
    "is_superuser": false,
    "names": "Pete Hegmann",
    "username": "0257107138",
    "dni": "0257107138",
    "image": "",
    "email": "grover58@hotmail.com",
    "is_active": true,
    "is_staff": false,
    "date_joined": "2022-12-05T19:07:20.518Z",
    "is_change_password": false,
    "email_reset_token": null,
    "groups": [
      2
    ],
    "user_permissions": []
  }
},
{
  "model": "user.user",
  "pk": 77,
  "fields": {
    "password": "pbkdf2_sha256$320000$wFNWK5B91mkzH6DVUeR7qS$VnyP+YLFOcXzXVBQYciz5SZPObgX78y7bx8bQI3L7bU=",
    "last_login": null,
    "is_superuser": false,
    "names": "Kaia Schultz",
    "username": "0947827181",
    "dni": "0947827181",
    "image": "",
    "email": "pat_ward56@hotmail.com",
    "is_active": true,
    "is_staff": false,
    "date_joined": "2022-12-05T19:07:20.945Z",
    "is_change_password": false,
    "email_reset_token": null,
    "groups": [
      2
    ],
    "user_permissions": []
  }
},
{
  "model": "user.user",
  "pk": 78,
  "fields": {
    "password": "pbkdf2_sha256$320000$L34a3jPiOgEObcaGLhJ1vy$5CyE3krhPYjZwZjhF7914ScoNhxNs04JkvLffwggtNo=",
    "last_login": null,
    "is_superuser": false,
    "names": "Aracely McGlynn",
    "username": "0717640187",
    "dni": "0717640187",
    "image": "",
    "email": "raphael_zieme4@yahoo.com",
    "is_active": true,
    "is_staff": false,
    "date_joined": "2022-12-05T19:07:22.142Z",
    "is_change_password": false,
    "email_reset_token": null,
    "groups": [
      2
    ],
    "user_permissions": []
  }
},
{
  "model": "user.user",
  "pk": 79,
  "fields": {
    "password": "pbkdf2_sha256$320000$i5N5KU5RZQV5245oYxTMCa$o83Dr4UR/KSIVwEc3kLvCfAZivBrH820Ludltgrtv60=",
    "last_login": null,
    "is_superuser": false,
    "names": "Mia Witting",
    "username": "0757052919",
    "dni": "0757052919",
    "image": "",
    "email": "oran_botsford31@yahoo.com",
    "is_active": true,
    "is_staff": false,
    "date_joined": "2022-12-05T19:07:22.554Z",
    "is_change_password": false,
    "email_reset_token": null,
    "groups": [
      2
    ],
    "user_permissions": []
  }
},
{
  "model": "user.user",
  "pk": 80,
  "fields": {
    "password": "pbkdf2_sha256$320000$aHt1XolSBuqFjUpJs79eQP$H4OH5AjwGlesU+1q5FYycHgkL5YKsGNYk3zNigmDiec=",
    "last_login": null,
    "is_superuser": false,
    "names": "Danial Haag",
    "username": "0734094822",
    "dni": "0734094822",
    "image": "",
    "email": "cecile.pfannerstill49@yahoo.com",
    "is_active": true,
    "is_staff": false,
    "date_joined": "2022-12-05T19:07:23.483Z",
    "is_change_password": false,
    "email_reset_token": null,
    "groups": [
      2
    ],
    "user_permissions": []
  }
},
{
  "model": "user.user",
  "pk": 81,
  "fields": {
    "password": "pbkdf2_sha256$320000$qQE1yHY4WG4TPq0NryEh5j$3JxxbLFnQSlqYY/CXIPiAqPLbdQiFE0O3VLXVq8Fl0Q=",
    "last_login": null,
    "is_superuser": false,
    "names": "Bertram Auer",
    "username": "0279496802",
    "dni": "0279496802",
    "image": "",
    "email": "nathen.raynor73@yahoo.com",
    "is_active": true,
    "is_staff": false,
    "date_joined": "2022-12-05T19:07:24.821Z",
    "is_change_password": false,
    "email_reset_token": null,
    "groups": [
      2
    ],
    "user_permissions": []
  }
},
{
  "model": "user.user",
  "pk": 82,
  "fields": {
    "password": "pbkdf2_sha256$320000$EhijMo7yvYPDe3CAz49GYG$R6ahnLo+o2UvX8QrkHschY2X7uQL94sDF1B2Hhcnr+M=",
    "last_login": null,
    "is_superuser": false,
    "names": "Denis Fritsch",
    "username": "0998074876",
    "dni": "0998074876",
    "image": "",
    "email": "kenton_larson@yahoo.com",
    "is_active": true,
    "is_staff": false,
    "date_joined": "2022-12-05T19:07:25.284Z",
    "is_change_password": false,
    "email_reset_token": null,
    "groups": [
      2
    ],
    "user_permissions": []
  }
},
{
  "model": "user.user",
  "pk": 83,
  "fields": {
    "password": "pbkdf2_sha256$320000$6LF7QH73AOYyHMw6wQgRRy$9FQKb1rTjKlF+Af1fSHxuR0x91QJfteFjXtRw2BVCt4=",
    "last_login": null,
    "is_superuser": false,
    "names": "Maddison Russel",
    "username": "0879736340",
    "dni": "0879736340",
    "image": "",
    "email": "llewellyn.oconner74@gmail.com",
    "is_active": true,
    "is_staff": false,
    "date_joined": "2022-12-05T19:07:25.803Z",
    "is_change_password": false,
    "email_reset_token": null,
    "groups": [
      2
    ],
    "user_permissions": []
  }
},
{
  "model": "user.user",
  "pk": 84,
  "fields": {
    "password": "pbkdf2_sha256$320000$zGLfJb7FU9Wj7lwDPREIuM$Uv676ZHp2VgM+7P9SVE+t0Zp2gLyR3w8kOZkbMwaMp0=",
    "last_login": null,
    "is_superuser": false,
    "names": "Eliza Witting",
    "username": "0496593882",
    "dni": "0496593882",
    "image": "",
    "email": "shanelle_farrell@gmail.com",
    "is_active": true,
    "is_staff": false,
    "date_joined": "2022-12-05T19:07:27.264Z",
    "is_change_password": false,
    "email_reset_token": null,
    "groups": [
      2
    ],
    "user_permissions": []
  }
},
{
  "model": "user.user",
  "pk": 85,
  "fields": {
    "password": "pbkdf2_sha256$320000$Xrs4j91JeDoXn366jBVtrp$gqCH8JyqVXiDXR9M+LTCdIiA9BmDKkujCfelPqoU8Yk=",
    "last_login": null,
    "is_superuser": false,
    "names": "Suzanne Kub",
    "username": "0799113001",
    "dni": "0799113001",
    "image": "",
    "email": "zelma62@yahoo.com",
    "is_active": true,
    "is_staff": false,
    "date_joined": "2022-12-05T19:07:27.954Z",
    "is_change_password": false,
    "email_reset_token": null,
    "groups": [
      2
    ],
    "user_permissions": []
  }
},
{
  "model": "user.user",
  "pk": 86,
  "fields": {
    "password": "pbkdf2_sha256$320000$TRC9blS7TQYebKspbvicsv$KfXdxo1MIaXKRh8M/NTcPEJC9rMFiiEPCXb3nQTxmo0=",
    "last_login": null,
    "is_superuser": false,
    "names": "Marjorie Friesen",
    "username": "0448776266",
    "dni": "0448776266",
    "image": "",
    "email": "darryl.gorczany@hotmail.com",
    "is_active": true,
    "is_staff": false,
    "date_joined": "2022-12-05T19:07:30.240Z",
    "is_change_password": false,
    "email_reset_token": null,
    "groups": [
      2
    ],
    "user_permissions": []
  }
},
{
  "model": "user.user",
  "pk": 87,
  "fields": {
    "password": "pbkdf2_sha256$320000$n9ueiOu8DwW690xTA8NdyK$WD29uuc+F0Pkk2Ubc8hhi1Lm1w7HlQIIASPrmnrvD88=",
    "last_login": null,
    "is_superuser": false,
    "names": "Bert D'Amore",
    "username": "0218721438",
    "dni": "0218721438",
    "image": "",
    "email": "maye.leannon75@yahoo.com",
    "is_active": true,
    "is_staff": false,
    "date_joined": "2022-12-05T19:07:30.767Z",
    "is_change_password": false,
    "email_reset_token": null,
    "groups": [
      2
    ],
    "user_permissions": []
  }
},
{
  "model": "user.user",
  "pk": 88,
  "fields": {
    "password": "pbkdf2_sha256$320000$ME8Ke1G4GKWl03fh8gfXeu$t1AVeYbZQHMBhbIMN/OhfyEhtMvg2HZEzjt9ou4k6Ds=",
    "last_login": null,
    "is_superuser": false,
    "names": "Riley Rowe",
    "username": "0225143732",
    "dni": "0225143732",
    "image": "",
    "email": "stephany_champlin23@hotmail.com",
    "is_active": true,
    "is_staff": false,
    "date_joined": "2022-12-05T19:07:31.192Z",
    "is_change_password": false,
    "email_reset_token": null,
    "groups": [
      2
    ],
    "user_permissions": []
  }
},
{
  "model": "user.user",
  "pk": 89,
  "fields": {
    "password": "pbkdf2_sha256$320000$h04ziK0ou8Y3Y3SmgIzt9X$2hfCBsjC9CgwdDRafErfnVhNqNd3IcCJ4VLb4wslQsk=",
    "last_login": null,
    "is_superuser": false,
    "names": "Eda Kilback",
    "username": "0537617013",
    "dni": "0537617013",
    "image": "",
    "email": "otilia.dubuque29@yahoo.com",
    "is_active": true,
    "is_staff": false,
    "date_joined": "2022-12-05T19:07:32.719Z",
    "is_change_password": false,
    "email_reset_token": null,
    "groups": [
      2
    ],
    "user_permissions": []
  }
},
{
  "model": "user.user",
  "pk": 90,
  "fields": {
    "password": "pbkdf2_sha256$320000$E8Ly6ulqbMymMIugRko9gN$64nXYGGVGb6Jnc3WrPCMpQwIhQUe8VX7WKWlURtG+hI=",
    "last_login": null,
    "is_superuser": false,
    "names": "Isidro Schuppe",
    "username": "0448109996",
    "dni": "0448109996",
    "image": "",
    "email": "hubert.schmitt97@gmail.com",
    "is_active": true,
    "is_staff": false,
    "date_joined": "2022-12-05T19:07:33.115Z",
    "is_change_password": false,
    "email_reset_token": null,
    "groups": [
      2
    ],
    "user_permissions": []
  }
},
{
  "model": "user.user",
  "pk": 91,
  "fields": {
    "password": "pbkdf2_sha256$320000$cSkotv9Mu3awC4Jt6CkMem$xS0NG6KCwhNWPn8DCRLKGybgDxfutO8+1TN5o37vDDM=",
    "last_login": null,
    "is_superuser": false,
    "names": "Ryan O'Kon",
    "username": "0382989886",
    "dni": "0382989886",
    "image": "",
    "email": "estella.casper@gmail.com",
    "is_active": true,
    "is_staff": false,
    "date_joined": "2022-12-05T19:07:33.516Z",
    "is_change_password": false,
    "email_reset_token": null,
    "groups": [
      2
    ],
    "user_permissions": []
  }
},
{
  "model": "user.user",
  "pk": 92,
  "fields": {
    "password": "pbkdf2_sha256$320000$WvXSA7az7MtG2exvnaBZvy$l4esH4FQqeVUByutoFSiGOPdYTN+DMGl9foWW2cR/IA=",
    "last_login": null,
    "is_superuser": false,
    "names": "Finn Dietrich",
    "username": "0377172772",
    "dni": "0377172772",
    "image": "",
    "email": "winifred.cruickshank@yahoo.com",
    "is_active": true,
    "is_staff": false,
    "date_joined": "2022-12-05T19:07:33.931Z",
    "is_change_password": false,
    "email_reset_token": null,
    "groups": [
      2
    ],
    "user_permissions": []
  }
},
{
  "model": "user.user",
  "pk": 93,
  "fields": {
    "password": "pbkdf2_sha256$320000$nFWIcRmupbPRZuhu7qOwve$VAH6CTLaPBkFU5WQTdG/9GRwq6ML+fP4muWBknRPPJU=",
    "last_login": null,
    "is_superuser": false,
    "names": "Hubert Marquardt",
    "username": "0549627743",
    "dni": "0549627743",
    "image": "",
    "email": "lane23@gmail.com",
    "is_active": true,
    "is_staff": false,
    "date_joined": "2022-12-05T19:07:35.162Z",
    "is_change_password": false,
    "email_reset_token": null,
    "groups": [
      2
    ],
    "user_permissions": []
  }
},
{
  "model": "user.user",
  "pk": 94,
  "fields": {
    "password": "pbkdf2_sha256$320000$iCZj13ZbNkJwCK1I4v0Uax$Nj+qDkXuTTdbcp+YJnfaIsql94UOLTf4nJcwehqcXnk=",
    "last_login": null,
    "is_superuser": false,
    "names": "Dejah McGlynn",
    "username": "0732186141",
    "dni": "0732186141",
    "image": "",
    "email": "heath.miller@yahoo.com",
    "is_active": true,
    "is_staff": false,
    "date_joined": "2022-12-05T19:07:35.768Z",
    "is_change_password": false,
    "email_reset_token": null,
    "groups": [
      2
    ],
    "user_permissions": []
  }
},
{
  "model": "user.user",
  "pk": 95,
  "fields": {
    "password": "pbkdf2_sha256$320000$lDSFDL7bHi1HsrB2VAjxWn$9tMS6jMN7eiqs7+llcTMJRj2JRdX7isAwXGT0nZQWLQ=",
    "last_login": null,
    "is_superuser": false,
    "names": "Jacques Blick",
    "username": "0713476930",
    "dni": "0713476930",
    "image": "",
    "email": "gaetano29@gmail.com",
    "is_active": true,
    "is_staff": false,
    "date_joined": "2022-12-05T19:07:36.260Z",
    "is_change_password": false,
    "email_reset_token": null,
    "groups": [
      2
    ],
    "user_permissions": []
  }
},
{
  "model": "user.user",
  "pk": 96,
  "fields": {
    "password": "pbkdf2_sha256$320000$Xil51WetGrNPEyW9gjFF8f$PtC76QjsJGensRaQWFH40Scr6vBAmEs+txyaSVSFxVY=",
    "last_login": null,
    "is_superuser": false,
    "names": "Anjali Boehm",
    "username": "0361900488",
    "dni": "0361900488",
    "image": "",
    "email": "keyon7@gmail.com",
    "is_active": true,
    "is_staff": false,
    "date_joined": "2022-12-05T19:07:36.622Z",
    "is_change_password": false,
    "email_reset_token": null,
    "groups": [
      2
    ],
    "user_permissions": []
  }
},
{
  "model": "user.user",
  "pk": 97,
  "fields": {
    "password": "pbkdf2_sha256$320000$yCgpRpMTyUh9FR31FwUDuA$bPdS/0/4+ZY5msHwyZ9rYTir/7LXpr7vm8zuO2NdnZo=",
    "last_login": null,
    "is_superuser": false,
    "names": "Alfonzo Leannon",
    "username": "0247979699",
    "dni": "0247979699",
    "image": "",
    "email": "connor.lebsack@hotmail.com",
    "is_active": true,
    "is_staff": false,
    "date_joined": "2022-12-05T19:07:37.721Z",
    "is_change_password": false,
    "email_reset_token": null,
    "groups": [
      2
    ],
    "user_permissions": []
  }
},
{
  "model": "user.user",
  "pk": 98,
  "fields": {
    "password": "pbkdf2_sha256$320000$HypFTSx9jyKkw2FLKg2wQP$ajDWulwTZVbsjIAeft/6Qf020IrdFhK5LWninE2Htb8=",
    "last_login": null,
    "is_superuser": false,
    "names": "Sallie Donnelly",
    "username": "0906571505",
    "dni": "0906571505",
    "image": "",
    "email": "erika82@gmail.com",
    "is_active": true,
    "is_staff": false,
    "date_joined": "2022-12-05T19:07:38.106Z",
    "is_change_password": false,
    "email_reset_token": null,
    "groups": [
      2
    ],
    "user_permissions": []
  }
},
{
  "model": "user.user",
  "pk": 99,
  "fields": {
    "password": "pbkdf2_sha256$320000$LCObjYEOH6cR6ynxAvSqeN$UjJEkrciYJsnPUF+wpiXtnRd+s9v4xIoidl6haZt2Gc=",
    "last_login": null,
    "is_superuser": false,
    "names": "Khalil Kunde",
    "username": "0366612463",
    "dni": "0366612463",
    "image": "",
    "email": "jerry_collins@hotmail.com",
    "is_active": true,
    "is_staff": false,
    "date_joined": "2022-12-05T19:07:38.526Z",
    "is_change_password": false,
    "email_reset_token": null,
    "groups": [
      2
    ],
    "user_permissions": []
  }
},
{
  "model": "user.user",
  "pk": 100,
  "fields": {
    "password": "pbkdf2_sha256$320000$vcEAFwP9oYWUU13ee8efpH$Zba+HbmTFPxm1ZiFeHQ5f00quBtEh0/9N7C4bvibwvw=",
    "last_login": null,
    "is_superuser": false,
    "names": "Alexa Gaylord",
    "username": "0011486993",
    "dni": "0011486993",
    "image": "",
    "email": "amanda88@hotmail.com",
    "is_active": true,
    "is_staff": false,
    "date_joined": "2022-12-05T19:07:39.063Z",
    "is_change_password": false,
    "email_reset_token": null,
    "groups": [
      2
    ],
    "user_permissions": []
  }
},
{
  "model": "user.user",
  "pk": 101,
  "fields": {
    "password": "pbkdf2_sha256$320000$uaLEAWTTfaj5gkkoC5GZoD$L8wtX50gCAaxgCb4jAgrABm3WyzCkVk3hgqT4wkeE6c=",
    "last_login": null,
    "is_superuser": false,
    "names": "Kristopher Schinner",
    "username": "0016763612",
    "dni": "0016763612",
    "image": "",
    "email": "yazmin.donnelly46@gmail.com",
    "is_active": true,
    "is_staff": false,
    "date_joined": "2022-12-05T19:07:40.411Z",
    "is_change_password": false,
    "email_reset_token": null,
    "groups": [
      2
    ],
    "user_permissions": []
  }
},
{
  "model": "user.user",
  "pk": 102,
  "fields": {
    "password": "pbkdf2_sha256$320000$zdHUaIhPxwgf1D2LPlNLBT$pX03BXE6VjHoPCWF+VA7CEjYQvw6nhLMX7RZVvk1QJE=",
    "last_login": null,
    "is_superuser": false,
    "names": "Ivah Predovic",
    "username": "0583192020",
    "dni": "0583192020",
    "image": "",
    "email": "veda.prohaska@gmail.com",
    "is_active": true,
    "is_staff": false,
    "date_joined": "2022-12-05T19:07:40.913Z",
    "is_change_password": false,
    "email_reset_token": null,
    "groups": [
      2
    ],
    "user_permissions": []
  }
},
{
  "model": "user.user",
  "pk": 103,
  "fields": {
    "password": "pbkdf2_sha256$320000$y5d63zf73Kk2DWS7aumOtA$OD2xWUffUp1Vt3UnkaQydZnvZA+tnOYrCt028PShrPk=",
    "last_login": null,
    "is_superuser": false,
    "names": "Sigmund Smith",
    "username": "0130842402",
    "dni": "0130842402",
    "image": "",
    "email": "dalton_ratke@gmail.com",
    "is_active": true,
    "is_staff": false,
    "date_joined": "2022-12-05T19:07:41.396Z",
    "is_change_password": false,
    "email_reset_token": null,
    "groups": [
      2
    ],
    "user_permissions": []
  }
},
{
  "model": "user.user",
  "pk": 104,
  "fields": {
    "password": "pbkdf2_sha256$320000$mZnFe6exvrQSH5Sd3L6LYi$BzxHYT8pVXRnVo3f7iThYFasmL1JUFPIPkx0kREt/lg=",
    "last_login": null,
    "is_superuser": false,
    "names": "Veda Zulauf",
    "username": "0120885781",
    "dni": "0120885781",
    "image": "",
    "email": "tracey_hintz54@hotmail.com",
    "is_active": true,
    "is_staff": false,
    "date_joined": "2022-12-05T19:07:41.767Z",
    "is_change_password": false,
    "email_reset_token": null,
    "groups": [
      2
    ],
    "user_permissions": []
  }
},
{
  "model": "user.user",
  "pk": 105,
  "fields": {
    "password": "pbkdf2_sha256$320000$8ooJJZ35csokODhmGkttmp$whTMuWGvk/QuxW3GgpRVBPwpJ6OEj3CY6ec2PcVIcsg=",
    "last_login": null,
    "is_superuser": false,
    "names": "Rozella Robel",
    "username": "0915808544",
    "dni": "0915808544",
    "image": "",
    "email": "arvid58@gmail.com",
    "is_active": true,
    "is_staff": false,
    "date_joined": "2022-12-05T19:07:43.322Z",
    "is_change_password": false,
    "email_reset_token": null,
    "groups": [
      2
    ],
    "user_permissions": []
  }
},
{
  "model": "user.user",
  "pk": 106,
  "fields": {
    "password": "pbkdf2_sha256$320000$lZCxVTHP7tHWfGxCtkM1ny$Azb5S6UigHqMxJNHjyvtoh5jN6AJoFg3cZoYn379E2A=",
    "last_login": null,
    "is_superuser": false,
    "names": "Kenna Williamson",
    "username": "0948017748",
    "dni": "0948017748",
    "image": "",
    "email": "chanelle.schiller20@hotmail.com",
    "is_active": true,
    "is_staff": false,
    "date_joined": "2022-12-05T19:07:43.768Z",
    "is_change_password": false,
    "email_reset_token": null,
    "groups": [
      2
    ],
    "user_permissions": []
  }
},
{
  "model": "user.user",
  "pk": 107,
  "fields": {
    "password": "pbkdf2_sha256$320000$3JV4PUDOOD3zJF7QqqRtOL$DxNBH5vzxzLMB21j9r4jwX41dXmncemLMYofw5L8Eds=",
    "last_login": null,
    "is_superuser": false,
    "names": "Norma Shanahan",
    "username": "0614510611",
    "dni": "0614510611",
    "image": "",
    "email": "beverly.yost39@hotmail.com",
    "is_active": true,
    "is_staff": false,
    "date_joined": "2022-12-05T19:07:44.165Z",
    "is_change_password": false,
    "email_reset_token": null,
    "groups": [
      2
    ],
    "user_permissions": []
  }
},
{
  "model": "user.user",
  "pk": 108,
  "fields": {
    "password": "pbkdf2_sha256$320000$3ci2B40AzYNAPuCYfKchgO$3Jwbjg2oaHDR0vKu2kpuacAJCeJZqMsvpfAxCTxBjhI=",
    "last_login": null,
    "is_superuser": false,
    "names": "Carmel Dooley",
    "username": "0956243304",
    "dni": "0956243304",
    "image": "",
    "email": "willard_armstrong@yahoo.com",
    "is_active": true,
    "is_staff": false,
    "date_joined": "2022-12-05T19:07:44.721Z",
    "is_change_password": false,
    "email_reset_token": null,
    "groups": [
      2
    ],
    "user_permissions": []
  }
},
{
  "model": "user.user",
  "pk": 109,
  "fields": {
    "password": "pbkdf2_sha256$320000$3hVmIpjUjmVdhGJgx3MwVS$IvEOoL3hp74IbxvjoEtY+k2jY3T47D7lY7scfHG8mSM=",
    "last_login": null,
    "is_superuser": false,
    "names": "Grant Kertzmann",
    "username": "0651160848",
    "dni": "0651160848",
    "image": "",
    "email": "jensen_lakin48@gmail.com",
    "is_active": true,
    "is_staff": false,
    "date_joined": "2022-12-05T19:07:46.161Z",
    "is_change_password": false,
    "email_reset_token": null,
    "groups": [
      2
    ],
    "user_permissions": []
  }
},
{
  "model": "user.user",
  "pk": 110,
  "fields": {
    "password": "pbkdf2_sha256$320000$zmSYLuesbfuqPYnsTkeDQ5$zfUq0UjhTdXllQrbWuHqAdZvYau1YzHvoAXJdHZIcQg=",
    "last_login": null,
    "is_superuser": false,
    "names": "Chelsey DuBuque",
    "username": "0223063697",
    "dni": "0223063697",
    "image": "",
    "email": "alia_lind12@gmail.com",
    "is_active": true,
    "is_staff": false,
    "date_joined": "2022-12-05T19:07:46.977Z",
    "is_change_password": false,
    "email_reset_token": null,
    "groups": [
      2
    ],
    "user_permissions": []
  }
},
{
  "model": "user.user",
  "pk": 111,
  "fields": {
    "password": "pbkdf2_sha256$320000$YfEHpfhdUhlTLaJVdOWMk1$aY8hrZdsmB4oyQ9cnSLECdjGRbOxdHg6KW/7BftC5h4=",
    "last_login": null,
    "is_superuser": false,
    "names": "Novella Herzog",
    "username": "0956773314",
    "dni": "0956773314",
    "image": "",
    "email": "dawn_reichel@gmail.com",
    "is_active": true,
    "is_staff": false,
    "date_joined": "2022-12-05T19:07:48.218Z",
    "is_change_password": false,
    "email_reset_token": null,
    "groups": [
      2
    ],
    "user_permissions": []
  }
},
{
  "model": "user.user",
  "pk": 112,
  "fields": {
    "password": "pbkdf2_sha256$320000$95affKxSBXHxLHCD5VEutd$YA541HWEPqedcq+AuFEyNdo9//L02kRRaeLqvvDGq9E=",
    "last_login": null,
    "is_superuser": false,
    "names": "Jamar Koepp",
    "username": "0499277452",
    "dni": "0499277452",
    "image": "",
    "email": "noe60@yahoo.com",
    "is_active": true,
    "is_staff": false,
    "date_joined": "2022-12-05T19:07:48.770Z",
    "is_change_password": false,
    "email_reset_token": null,
    "groups": [
      2
    ],
    "user_permissions": []
  }
},
{
  "model": "user.user",
  "pk": 113,
  "fields": {
    "password": "pbkdf2_sha256$320000$IvyeqSUyswh0690pnkG7lC$gKsE7dOz0eacZ/BSnEpjELFPmI9Yr5IIn1D3RjIbXc8=",
    "last_login": null,
    "is_superuser": false,
    "names": "Vella Runte",
    "username": "0396657552",
    "dni": "0396657552",
    "image": "",
    "email": "marion.bahringer30@gmail.com",
    "is_active": true,
    "is_staff": false,
    "date_joined": "2022-12-05T19:07:50.511Z",
    "is_change_password": false,
    "email_reset_token": null,
    "groups": [
      2
    ],
    "user_permissions": []
  }
},
{
  "model": "user.user",
  "pk": 114,
  "fields": {
    "password": "pbkdf2_sha256$320000$hvezCqiIyW612ufqRoKy7Y$n2+yVekqmL4SCUlWYxUma/OOZTBQomOzQzsTkM06rYg=",
    "last_login": null,
    "is_superuser": false,
    "names": "Kailyn Gulgowski",
    "username": "0059739153",
    "dni": "0059739153",
    "image": "",
    "email": "laurianne54@gmail.com",
    "is_active": true,
    "is_staff": false,
    "date_joined": "2022-12-05T19:07:51.203Z",
    "is_change_password": false,
    "email_reset_token": null,
    "groups": [
      2
    ],
    "user_permissions": []
  }
},
{
  "model": "user.user",
  "pk": 115,
  "fields": {
    "password": "pbkdf2_sha256$320000$2CZzNOYQpQFjgVnzqPgovO$K0mHbNtaeclHQrs9EmbRI/Gs6oohb1bDKUpqXabECjE=",
    "last_login": null,
    "is_superuser": false,
    "names": "Brisa Abbott",
    "username": "0173660425",
    "dni": "0173660425",
    "image": "",
    "email": "jess.pfeffer@gmail.com",
    "is_active": true,
    "is_staff": false,
    "date_joined": "2022-12-05T19:07:51.972Z",
    "is_change_password": false,
    "email_reset_token": null,
    "groups": [
      2
    ],
    "user_permissions": []
  }
},
{
  "model": "user.user",
  "pk": 116,
  "fields": {
    "password": "pbkdf2_sha256$320000$SiXo8Mn6eC8NioPMyJvHdr$WxSF6GTSDYOaE74GjfPvCCX8RaAKBKWSxrADUlSZYQo=",
    "last_login": null,
    "is_superuser": false,
    "names": "Dean Hand",
    "username": "0962439011",
    "dni": "0962439011",
    "image": "",
    "email": "gene.lockman@hotmail.com",
    "is_active": true,
    "is_staff": false,
    "date_joined": "2022-12-05T19:07:53.980Z",
    "is_change_password": false,
    "email_reset_token": null,
    "groups": [
      2
    ],
    "user_permissions": []
  }
},
{
  "model": "user.user",
  "pk": 117,
  "fields": {
    "password": "pbkdf2_sha256$320000$bEGdPBecrxXLTwgy6toSU3$PDbSyUkE42KqXqophEu/mR86mwnL4EDjPbsCYuXVQ8g=",
    "last_login": null,
    "is_superuser": false,
    "names": "Kaelyn Hyatt",
    "username": "0044983526",
    "dni": "0044983526",
    "image": "",
    "email": "buddy.spinka@yahoo.com",
    "is_active": true,
    "is_staff": false,
    "date_joined": "2022-12-05T19:07:54.396Z",
    "is_change_password": false,
    "email_reset_token": null,
    "groups": [
      2
    ],
    "user_permissions": []
  }
},
{
  "model": "user.user",
  "pk": 118,
  "fields": {
    "password": "pbkdf2_sha256$320000$2SpKFcvGCKE7RR2N4IQDHI$BSx14sVpKLmcswIqQv9/0cV2FZ5SaUKIgWRZi9RB+aQ=",
    "last_login": null,
    "is_superuser": false,
    "names": "Koby Olson",
    "username": "0299247156",
    "dni": "0299247156",
    "image": "",
    "email": "jacques.deckow@yahoo.com",
    "is_active": true,
    "is_staff": false,
    "date_joined": "2022-12-05T19:07:57.126Z",
    "is_change_password": false,
    "email_reset_token": null,
    "groups": [
      2
    ],
    "user_permissions": []
  }
},
{
  "model": "user.user",
  "pk": 119,
  "fields": {
    "password": "pbkdf2_sha256$320000$GBb3ejQgGlApr06es5S4OW$ECW9+NOJR6uYsj8AYOe3TXIyy8F55mZAepOVXHy3ie4=",
    "last_login": null,
    "is_superuser": false,
    "names": "Delpha Gerlach",
    "username": "0294858296",
    "dni": "0294858296",
    "image": "",
    "email": "dortha81@gmail.com",
    "is_active": true,
    "is_staff": false,
    "date_joined": "2022-12-05T19:07:58.515Z",
    "is_change_password": false,
    "email_reset_token": null,
    "groups": [
      2
    ],
    "user_permissions": []
  }
},
{
  "model": "user.user",
  "pk": 120,
  "fields": {
    "password": "pbkdf2_sha256$320000$AZC0gpy7OKJUIPNUlnBKWP$a5+Oyxf6Brow1I0RVi4OITl00tHKOsk+c4zihy5jW8s=",
    "last_login": null,
    "is_superuser": false,
    "names": "Claude Roob",
    "username": "0610342626",
    "dni": "0610342626",
    "image": "",
    "email": "connor68@hotmail.com",
    "is_active": true,
    "is_staff": false,
    "date_joined": "2022-12-05T19:08:00.034Z",
    "is_change_password": false,
    "email_reset_token": null,
    "groups": [
      2
    ],
    "user_permissions": []
  }
},
{
  "model": "user.user",
  "pk": 121,
  "fields": {
    "password": "pbkdf2_sha256$320000$gOb8gxgCiFPOaKgGBbxQnN$YTMFHL/236GnzKdZgIZpMkjlC7vClcCHYOcgo2k8JbQ=",
    "last_login": null,
    "is_superuser": false,
    "names": "Cecilia Schmeler",
    "username": "0259366090",
    "dni": "0259366090",
    "image": "",
    "email": "dallas.mohr73@hotmail.com",
    "is_active": true,
    "is_staff": false,
    "date_joined": "2022-12-05T19:08:00.764Z",
    "is_change_password": false,
    "email_reset_token": null,
    "groups": [
      2
    ],
    "user_permissions": []
  }
},
{
  "model": "user.user",
  "pk": 122,
  "fields": {
    "password": "pbkdf2_sha256$320000$aC0I7lUbsB3m2pcbGWMfzE$NHfAQtGJqQjS1orUXLMl4l3jqw8asTW8N89FWWMSBDI=",
    "last_login": null,
    "is_superuser": false,
    "names": "Mervin Eichmann",
    "username": "0717780859",
    "dni": "0717780859",
    "image": "",
    "email": "verlie22@hotmail.com",
    "is_active": true,
    "is_staff": false,
    "date_joined": "2022-12-05T19:08:02.669Z",
    "is_change_password": false,
    "email_reset_token": null,
    "groups": [
      2
    ],
    "user_permissions": []
  }
},
{
  "model": "user.user",
  "pk": 123,
  "fields": {
    "password": "pbkdf2_sha256$320000$2gIoJw7Op2RApfsByPqy5H$NuI04YUbzElVlqvDAA8nth2I+RcyNJEQXYCyNj52/RM=",
    "last_login": null,
    "is_superuser": false,
    "names": "Chanelle Lueilwitz",
    "username": "0131847964",
    "dni": "0131847964",
    "image": "",
    "email": "aurelie42@hotmail.com",
    "is_active": true,
    "is_staff": false,
    "date_joined": "2022-12-05T19:08:03.766Z",
    "is_change_password": false,
    "email_reset_token": null,
    "groups": [
      2
    ],
    "user_permissions": []
  }
},
{
  "model": "user.user",
  "pk": 124,
  "fields": {
    "password": "pbkdf2_sha256$320000$gUR8JtFISaQ6heJgTMg38q$U2YPaIQocMMXtmSKok2UvMxu/fKnrZqbaT5hZTupl80=",
    "last_login": null,
    "is_superuser": false,
    "names": "Nash Cormier",
    "username": "0370481959",
    "dni": "0370481959",
    "image": "",
    "email": "margarete.blanda@yahoo.com",
    "is_active": true,
    "is_staff": false,
    "date_joined": "2022-12-05T19:08:05.226Z",
    "is_change_password": false,
    "email_reset_token": null,
    "groups": [
      2
    ],
    "user_permissions": []
  }
},
{
  "model": "user.user",
  "pk": 125,
  "fields": {
    "password": "pbkdf2_sha256$320000$WUUKjozxTLyUTscpgsHr0Q$1v16Mzq7+lk6Urk1N212Ny9Wp909MihtiWTz4kLQcR0=",
    "last_login": null,
    "is_superuser": false,
    "names": "Raymundo Tillman",
    "username": "0055343179",
    "dni": "0055343179",
    "image": "",
    "email": "emmie62@gmail.com",
    "is_active": true,
    "is_staff": false,
    "date_joined": "2022-12-05T19:08:06.867Z",
    "is_change_password": false,
    "email_reset_token": null,
    "groups": [
      2
    ],
    "user_permissions": []
  }
},
{
  "model": "user.user",
  "pk": 126,
  "fields": {
    "password": "pbkdf2_sha256$320000$Ojj5azMKB8siW45AnfQMud$DsfTf4SVWdMXNcsVishcutzkQM5QNoM1bIuLxyGxkzU=",
    "last_login": null,
    "is_superuser": false,
    "names": "Oliver McCullough",
    "username": "0561820399",
    "dni": "0561820399",
    "image": "",
    "email": "william25@hotmail.com",
    "is_active": true,
    "is_staff": false,
    "date_joined": "2022-12-05T19:08:08.872Z",
    "is_change_password": false,
    "email_reset_token": null,
    "groups": [
      2
    ],
    "user_permissions": []
  }
},
{
  "model": "user.user",
  "pk": 127,
  "fields": {
    "password": "pbkdf2_sha256$320000$7zdWvzv7qNE13fkyJ3cNF7$Bs3ItRxCCbl4IC44COqv3sM2A3ZJC8NH8C/Fm0wA5C8=",
    "last_login": null,
    "is_superuser": false,
    "names": "Katelynn Greenholt",
    "username": "0847698331",
    "dni": "0847698331",
    "image": "",
    "email": "rebecca_ritchie3@gmail.com",
    "is_active": true,
    "is_staff": false,
    "date_joined": "2022-12-05T19:08:09.914Z",
    "is_change_password": false,
    "email_reset_token": null,
    "groups": [
      2
    ],
    "user_permissions": []
  }
},
{
  "model": "user.user",
  "pk": 128,
  "fields": {
    "password": "pbkdf2_sha256$320000$GhkMhyuwU0n2Tw1V3nObba$poo0kQfDKKZvP8cFnlvutXYcv1nuVAAl6pXTzFIHxpc=",
    "last_login": null,
    "is_superuser": false,
    "names": "Ashtyn Upton",
    "username": "0122593128",
    "dni": "0122593128",
    "image": "",
    "email": "darron_smitham67@hotmail.com",
    "is_active": true,
    "is_staff": false,
    "date_joined": "2022-12-05T19:08:11.777Z",
    "is_change_password": false,
    "email_reset_token": null,
    "groups": [
      2
    ],
    "user_permissions": []
  }
},
{
  "model": "user.user",
  "pk": 129,
  "fields": {
    "password": "pbkdf2_sha256$320000$ovg99UMkhQQmfO52AciJFB$BNt4xMtvDOQBjeDxmyga6JIlvq3kK//WFFSE8DXt05k=",
    "last_login": null,
    "is_superuser": false,
    "names": "Gaylord Streich",
    "username": "0560276441",
    "dni": "0560276441",
    "image": "",
    "email": "bert.harvey@gmail.com",
    "is_active": true,
    "is_staff": false,
    "date_joined": "2022-12-05T19:08:13.188Z",
    "is_change_password": false,
    "email_reset_token": null,
    "groups": [
      2
    ],
    "user_permissions": []
  }
},
{
  "model": "user.user",
  "pk": 130,
  "fields": {
    "password": "pbkdf2_sha256$320000$XCE7tSMe9PIP3n2O46xFnF$ubkFG0m+4TUpmvJRuelwlIORLu7EMO+8sOtTqx7vBcA=",
    "last_login": null,
    "is_superuser": false,
    "names": "Eloise Bailey",
    "username": "0955162564",
    "dni": "0955162564",
    "image": "",
    "email": "cordia_waelchi@hotmail.com",
    "is_active": true,
    "is_staff": false,
    "date_joined": "2022-12-05T19:08:13.727Z",
    "is_change_password": false,
    "email_reset_token": null,
    "groups": [
      2
    ],
    "user_permissions": []
  }
},
{
  "model": "user.user",
  "pk": 131,
  "fields": {
    "password": "pbkdf2_sha256$320000$tdeW1npqict5mbOTY8W3cg$vHPKI9XQ3N+NvdE86fOUqyajV0frzW5iqmjb5XqTV3g=",
    "last_login": null,
    "is_superuser": false,
    "names": "Terrence Powlowski",
    "username": "0555095848",
    "dni": "0555095848",
    "image": "",
    "email": "monica_carter@yahoo.com",
    "is_active": true,
    "is_staff": false,
    "date_joined": "2022-12-05T19:08:14.474Z",
    "is_change_password": false,
    "email_reset_token": null,
    "groups": [
      2
    ],
    "user_permissions": []
  }
},
{
  "model": "user.user",
  "pk": 132,
  "fields": {
    "password": "pbkdf2_sha256$320000$fsTBK2aScsdT1obtBcnjhM$zQVvUPjAw3uOAOuQOCdbgIdHgYy9aA0UJscoV+yT7B4=",
    "last_login": null,
    "is_superuser": false,
    "names": "Sherman Frami",
    "username": "0164085291",
    "dni": "0164085291",
    "image": "",
    "email": "nicklaus67@gmail.com",
    "is_active": true,
    "is_staff": false,
    "date_joined": "2022-12-05T19:08:15.730Z",
    "is_change_password": false,
    "email_reset_token": null,
    "groups": [
      2
    ],
    "user_permissions": []
  }
},
{
  "model": "user.user",
  "pk": 133,
  "fields": {
    "password": "pbkdf2_sha256$320000$0ItSPvTcVDYvuJnIIVi5F3$8uZLv8hfKOxFiugf2gBCicxdj9yJkODhwrPwNTzkwvk=",
    "last_login": null,
    "is_superuser": false,
    "names": "Mara Gleichner",
    "username": "0743723901",
    "dni": "0743723901",
    "image": "",
    "email": "mona.wehner42@gmail.com",
    "is_active": true,
    "is_staff": false,
    "date_joined": "2022-12-05T19:08:16.262Z",
    "is_change_password": false,
    "email_reset_token": null,
    "groups": [
      2
    ],
    "user_permissions": []
  }
},
{
  "model": "user.user",
  "pk": 134,
  "fields": {
    "password": "pbkdf2_sha256$320000$hIcWn2AjcsArqYDrpabguI$178k/0IURmejQxt5CFGaKC936iUBzWx+swsBybhQ4XQ=",
    "last_login": null,
    "is_superuser": false,
    "names": "Maymie Lynch",
    "username": "0949744662",
    "dni": "0949744662",
    "image": "",
    "email": "florine_sanford@yahoo.com",
    "is_active": true,
    "is_staff": false,
    "date_joined": "2022-12-05T19:08:16.748Z",
    "is_change_password": false,
    "email_reset_token": null,
    "groups": [
      2
    ],
    "user_permissions": []
  }
},
{
  "model": "user.user",
  "pk": 135,
  "fields": {
    "password": "pbkdf2_sha256$320000$2kJatRNbPOhqYn0ODSMFEy$ClqkKYQtgjZGadC3GSGC01dmVfxi6M89OeD+reGI7hA=",
    "last_login": null,
    "is_superuser": false,
    "names": "Garrick Williamson",
    "username": "0351315423",
    "dni": "0351315423",
    "image": "",
    "email": "omer11@yahoo.com",
    "is_active": true,
    "is_staff": false,
    "date_joined": "2022-12-05T19:08:18.096Z",
    "is_change_password": false,
    "email_reset_token": null,
    "groups": [
      2
    ],
    "user_permissions": []
  }
},
{
  "model": "user.user",
  "pk": 136,
  "fields": {
    "password": "pbkdf2_sha256$320000$98FTnKa1EcFqeGh61wYv3S$aXI6zh6FuHQdI0yMZ12QlSC12z0aQmkDTJxgSL7EzUk=",
    "last_login": null,
    "is_superuser": false,
    "names": "Theodora Rau",
    "username": "0971664614",
    "dni": "0971664614",
    "image": "",
    "email": "heloise.wilderman41@hotmail.com",
    "is_active": true,
    "is_staff": false,
    "date_joined": "2022-12-05T19:08:18.891Z",
    "is_change_password": false,
    "email_reset_token": null,
    "groups": [
      2
    ],
    "user_permissions": []
  }
},
{
  "model": "user.user",
  "pk": 137,
  "fields": {
    "password": "pbkdf2_sha256$320000$8mGcA3Mmu25KhRqlHrDK1B$FtvGLKcHy5Saybyk4P3XItZfuXtx1qWwvxzNNXidfuE=",
    "last_login": null,
    "is_superuser": false,
    "names": "Lura Schneider",
    "username": "0801337915",
    "dni": "0801337915",
    "image": "",
    "email": "brendon_pagac35@gmail.com",
    "is_active": true,
    "is_staff": false,
    "date_joined": "2022-12-05T19:08:19.585Z",
    "is_change_password": false,
    "email_reset_token": null,
    "groups": [
      2
    ],
    "user_permissions": []
  }
},
{
  "model": "user.user",
  "pk": 138,
  "fields": {
    "password": "pbkdf2_sha256$320000$tmFxaUIVHA2dQ3WHPq9HpI$V7injCMkTB7jLE9YHY2wmQNz2w/LOlNWIEjFr4hQa7k=",
    "last_login": null,
    "is_superuser": false,
    "names": "Carmine Klein",
    "username": "0609576828",
    "dni": "0609576828",
    "image": "",
    "email": "leonel_kuphal@hotmail.com",
    "is_active": true,
    "is_staff": false,
    "date_joined": "2022-12-05T19:08:20.628Z",
    "is_change_password": false,
    "email_reset_token": null,
    "groups": [
      2
    ],
    "user_permissions": []
  }
},
{
  "model": "user.user",
  "pk": 139,
  "fields": {
    "password": "pbkdf2_sha256$320000$MDxv0k8hnaThvSbQQ1ghD6$15UfoXa/EhEsT/3kVufUX8bWjGvstwpvGsro/fslFNs=",
    "last_login": null,
    "is_superuser": false,
    "names": "Kelton Leuschke",
    "username": "0904850117",
    "dni": "0904850117",
    "image": "",
    "email": "margarete.borer@gmail.com",
    "is_active": true,
    "is_staff": false,
    "date_joined": "2022-12-05T19:08:21.077Z",
    "is_change_password": false,
    "email_reset_token": null,
    "groups": [
      2
    ],
    "user_permissions": []
  }
},
{
  "model": "user.user",
  "pk": 140,
  "fields": {
    "password": "pbkdf2_sha256$320000$T8z8qxInOxjwUZFJ7gBdfV$Im3c7vMcDRx5qmSdvc2UadAmZ20RuoW+kksNFIEPTRY=",
    "last_login": null,
    "is_superuser": false,
    "names": "Eula Parisian",
    "username": "0604597763",
    "dni": "0604597763",
    "image": "",
    "email": "reginald86@gmail.com",
    "is_active": true,
    "is_staff": false,
    "date_joined": "2022-12-05T19:08:21.439Z",
    "is_change_password": false,
    "email_reset_token": null,
    "groups": [
      2
    ],
    "user_permissions": []
  }
},
{
  "model": "user.user",
  "pk": 141,
  "fields": {
    "password": "pbkdf2_sha256$320000$v6JqpSESwpTRQaK20HqJ17$Q2I5+wxAip+LxuTnsaY+KRGCbIl8P8bzYFz3Ep9frm8=",
    "last_login": null,
    "is_superuser": false,
    "names": "Laney Feest",
    "username": "0701111851",
    "dni": "0701111851",
    "image": "",
    "email": "cullen34@hotmail.com",
    "is_active": true,
    "is_staff": false,
    "date_joined": "2022-12-05T19:08:21.935Z",
    "is_change_password": false,
    "email_reset_token": null,
    "groups": [
      2
    ],
    "user_permissions": []
  }
},
{
  "model": "user.user",
  "pk": 142,
  "fields": {
    "password": "pbkdf2_sha256$320000$w0m8Ob6D2I7AgUCcuNujJ7$zVa9Ifi1HL3quPSNKrLxhNm/q82uiPeMZss0awsIIPc=",
    "last_login": null,
    "is_superuser": false,
    "names": "Mittie Grady",
    "username": "0795105006",
    "dni": "0795105006",
    "image": "",
    "email": "jose.lang46@yahoo.com",
    "is_active": true,
    "is_staff": false,
    "date_joined": "2022-12-05T19:08:23.014Z",
    "is_change_password": false,
    "email_reset_token": null,
    "groups": [
      2
    ],
    "user_permissions": []
  }
},
{
  "model": "user.user",
  "pk": 143,
  "fields": {
    "password": "pbkdf2_sha256$320000$DRC2kbnb68ulX1Fq9ynMeU$MyQE+M/91CDHNo9epHEyHLfBawyoIdFThPpLoalNnWg=",
    "last_login": null,
    "is_superuser": false,
    "names": "Macy Krajcik",
    "username": "0695078762",
    "dni": "0695078762",
    "image": "",
    "email": "felipe.feil83@yahoo.com",
    "is_active": true,
    "is_staff": false,
    "date_joined": "2022-12-05T19:08:23.455Z",
    "is_change_password": false,
    "email_reset_token": null,
    "groups": [
      2
    ],
    "user_permissions": []
  }
},
{
  "model": "user.user",
  "pk": 144,
  "fields": {
    "password": "pbkdf2_sha256$320000$cY6zrc3xiRgcN1FwS8JZBY$4cyIuho836MQGomnwiW2wxPtXczhPvnBWNe0oSsOkJA=",
    "last_login": null,
    "is_superuser": false,
    "names": "Reyna Prosacco",
    "username": "0214476068",
    "dni": "0214476068",
    "image": "",
    "email": "bria_emard84@hotmail.com",
    "is_active": true,
    "is_staff": false,
    "date_joined": "2022-12-05T19:08:24.465Z",
    "is_change_password": false,
    "email_reset_token": null,
    "groups": [
      2
    ],
    "user_permissions": []
  }
},
{
  "model": "user.user",
  "pk": 145,
  "fields": {
    "password": "pbkdf2_sha256$320000$GsmmAxAy7UqOakLLa4kjLE$sL6l79Nahr3pAedMB+iWi1sHw/2W81sq2D/PlpNDLic=",
    "last_login": null,
    "is_superuser": false,
    "names": "Blaise Dach",
    "username": "0689778730",
    "dni": "0689778730",
    "image": "",
    "email": "brandt_torp@hotmail.com",
    "is_active": true,
    "is_staff": false,
    "date_joined": "2022-12-05T19:08:25.502Z",
    "is_change_password": false,
    "email_reset_token": null,
    "groups": [
      2
    ],
    "user_permissions": []
  }
},
{
  "model": "user.user",
  "pk": 146,
  "fields": {
    "password": "pbkdf2_sha256$320000$sobJVsXvsaRVvCCs5KL8h9$1SQlsH8Qn6DKMhyQ3YDHVhz++aK2rQ7Tq+aMJWc09BE=",
    "last_login": null,
    "is_superuser": false,
    "names": "Flossie Bogan",
    "username": "0076987485",
    "dni": "0076987485",
    "image": "",
    "email": "conrad_lueilwitz52@yahoo.com",
    "is_active": true,
    "is_staff": false,
    "date_joined": "2022-12-05T19:08:26.136Z",
    "is_change_password": false,
    "email_reset_token": null,
    "groups": [
      2
    ],
    "user_permissions": []
  }
},
{
  "model": "user.user",
  "pk": 147,
  "fields": {
    "password": "pbkdf2_sha256$320000$swOTfyjTKScgEJAivjlutU$14UoBBKmkOhlU1uKGPSn+BvU20XJEcydFz37vWJV2Dc=",
    "last_login": null,
    "is_superuser": false,
    "names": "Davonte Hintz",
    "username": "0274513870",
    "dni": "0274513870",
    "image": "",
    "email": "salma89@gmail.com",
    "is_active": true,
    "is_staff": false,
    "date_joined": "2022-12-05T19:08:27.548Z",
    "is_change_password": false,
    "email_reset_token": null,
    "groups": [
      2
    ],
    "user_permissions": []
  }
},
{
  "model": "user.user",
  "pk": 148,
  "fields": {
    "password": "pbkdf2_sha256$320000$dA4wWpNLvOLG7I4Bgu5zKb$pLWnNogfNCs+Va3BCMMK/bUe17UC8gaBczfkwxV2sw4=",
    "last_login": null,
    "is_superuser": false,
    "names": "Sallie Collier",
    "username": "0489019159",
    "dni": "0489019159",
    "image": "",
    "email": "gage.kirlin@yahoo.com",
    "is_active": true,
    "is_staff": false,
    "date_joined": "2022-12-05T19:08:28.130Z",
    "is_change_password": false,
    "email_reset_token": null,
    "groups": [
      2
    ],
    "user_permissions": []
  }
},
{
  "model": "user.user",
  "pk": 149,
  "fields": {
    "password": "pbkdf2_sha256$320000$SuM9yf9v9bZNLtgHbnMVPx$VfKTeMJHYg587uOv6t7gaT3we3VQ59w8AJYpm8g3r6o=",
    "last_login": null,
    "is_superuser": false,
    "names": "Erik Schinner",
    "username": "0373506231",
    "dni": "0373506231",
    "image": "",
    "email": "greg4@gmail.com",
    "is_active": true,
    "is_staff": false,
    "date_joined": "2022-12-05T19:08:28.739Z",
    "is_change_password": false,
    "email_reset_token": null,
    "groups": [
      2
    ],
    "user_permissions": []
  }
},
{
  "model": "user.user",
  "pk": 150,
  "fields": {
    "password": "pbkdf2_sha256$320000$bpMRj45mMNO2RkCgtyqV4C$alzEOrOTsFdcfBHLWBKNHMQPTo7oi6TB72FYjhd/WpY=",
    "last_login": null,
    "is_superuser": false,
    "names": "Reta Schimmel",
    "username": "0414998563",
    "dni": "0414998563",
    "image": "",
    "email": "ora_walsh@hotmail.com",
    "is_active": true,
    "is_staff": false,
    "date_joined": "2022-12-05T19:08:30.605Z",
    "is_change_password": false,
    "email_reset_token": null,
    "groups": [
      2
    ],
    "user_permissions": []
  }
},
{
  "model": "user.user",
  "pk": 151,
  "fields": {
    "password": "pbkdf2_sha256$320000$gl3SO140sFuqW3cxUeqGvA$xYqzvXQh+cBuQzBK6Vr7Q/nTIJwNsqtUFXN8urx3Hqc=",
    "last_login": null,
    "is_superuser": false,
    "names": "Arvid Botsford",
    "username": "0677852300",
    "dni": "0677852300",
    "image": "",
    "email": "zachariah60@hotmail.com",
    "is_active": true,
    "is_staff": false,
    "date_joined": "2022-12-05T19:08:30.892Z",
    "is_change_password": false,
    "email_reset_token": null,
    "groups": [
      2
    ],
    "user_permissions": []
  }
},
{
  "model": "user.user",
  "pk": 152,
  "fields": {
    "password": "pbkdf2_sha256$320000$GFRIeR8bcMaDOcfX9jppAJ$Uls0tvqljXdyuKDizJ0HsAk5ujjCv7+AtxUgnR55y00=",
    "last_login": null,
    "is_superuser": false,
    "names": "Cordell Spencer",
    "username": "0970208515",
    "dni": "0970208515",
    "image": "",
    "email": "glenda23@gmail.com",
    "is_active": true,
    "is_staff": false,
    "date_joined": "2022-12-05T19:08:31.199Z",
    "is_change_password": false,
    "email_reset_token": null,
    "groups": [
      2
    ],
    "user_permissions": []
  }
},
{
  "model": "user.user",
  "pk": 153,
  "fields": {
    "password": "pbkdf2_sha256$320000$ksmQRxF6TIOytJsUy0LKeZ$TgJmtFXrcShFEiH/2b/4jMCxxYkCG3K2VWUsxYfr2bo=",
    "last_login": null,
    "is_superuser": false,
    "names": "Claud Breitenberg",
    "username": "0778438969",
    "dni": "0778438969",
    "image": "",
    "email": "loy94@gmail.com",
    "is_active": true,
    "is_staff": false,
    "date_joined": "2022-12-05T19:08:31.536Z",
    "is_change_password": false,
    "email_reset_token": null,
    "groups": [
      2
    ],
    "user_permissions": []
  }
},
{
  "model": "user.user",
  "pk": 154,
  "fields": {
    "password": "pbkdf2_sha256$320000$6kjfmF478e1nBVZ0SD2ajl$keC5cR9WLwTkAIPB67ylo3i0Qysni2r1UwxPQv06pbI=",
    "last_login": null,
    "is_superuser": false,
    "names": "Hank Stroman",
    "username": "0783172021",
    "dni": "0783172021",
    "image": "",
    "email": "damon_schroeder85@yahoo.com",
    "is_active": true,
    "is_staff": false,
    "date_joined": "2022-12-05T19:08:31.874Z",
    "is_change_password": false,
    "email_reset_token": null,
    "groups": [
      2
    ],
    "user_permissions": []
  }
},
{
  "model": "user.user",
  "pk": 155,
  "fields": {
    "password": "pbkdf2_sha256$320000$lyiXzsBLTOyvVuoGorc0nn$EupqjJNebEnsEBwpTxGUGsvlCxfS8swCAb+V78i4L5Y=",
    "last_login": null,
    "is_superuser": false,
    "names": "Emilie Legros",
    "username": "0212677727",
    "dni": "0212677727",
    "image": "",
    "email": "lavina.greenfelder@hotmail.com",
    "is_active": true,
    "is_staff": false,
    "date_joined": "2022-12-05T19:08:32.275Z",
    "is_change_password": false,
    "email_reset_token": null,
    "groups": [
      2
    ],
    "user_permissions": []
  }
},
{
  "model": "user.user",
  "pk": 156,
  "fields": {
    "password": "pbkdf2_sha256$320000$LKSnK8iIOKh35fuMRleWyn$GtW8ILNK94tlDP7fzbMFHuBJZXDI76IBThcNGYJqJwI=",
    "last_login": null,
    "is_superuser": false,
    "names": "Austyn Lang",
    "username": "0381673778",
    "dni": "0381673778",
    "image": "",
    "email": "hilma_davis@gmail.com",
    "is_active": true,
    "is_staff": false,
    "date_joined": "2022-12-05T19:08:32.663Z",
    "is_change_password": false,
    "email_reset_token": null,
    "groups": [
      2
    ],
    "user_permissions": []
  }
},
{
  "model": "user.user",
  "pk": 157,
  "fields": {
    "password": "pbkdf2_sha256$320000$coNctwTsMIgUdXIO2ZFiqx$zfYEAjWuq0K1aJJrSHZHAkMpdQcLhAjj67TOoE6JDBE=",
    "last_login": null,
    "is_superuser": false,
    "names": "Stephon Kulas",
    "username": "0066250514",
    "dni": "0066250514",
    "image": "",
    "email": "deborah_beer82@yahoo.com",
    "is_active": true,
    "is_staff": false,
    "date_joined": "2022-12-05T19:08:33.898Z",
    "is_change_password": false,
    "email_reset_token": null,
    "groups": [
      2
    ],
    "user_permissions": []
  }
},
{
  "model": "user.user",
  "pk": 158,
  "fields": {
    "password": "pbkdf2_sha256$320000$AKPUvf5a8iSXGRdT5A3ZJG$rTU1UV8SrF4GzTBNNoWe1ni1rq25HRom+ADHSECpk08=",
    "last_login": null,
    "is_superuser": false,
    "names": "Vince Rau",
    "username": "0448108881",
    "dni": "0448108881",
    "image": "",
    "email": "ava_roberts@yahoo.com",
    "is_active": true,
    "is_staff": false,
    "date_joined": "2022-12-05T19:08:34.307Z",
    "is_change_password": false,
    "email_reset_token": null,
    "groups": [
      2
    ],
    "user_permissions": []
  }
},
{
  "model": "user.user",
  "pk": 159,
  "fields": {
    "password": "pbkdf2_sha256$320000$RSUyP2fBQBUygYk9iCVLpD$Ezj31Zhn8MqSHbBQJskpSJDS3KEUp04Nz8Q3im+jMPk=",
    "last_login": null,
    "is_superuser": false,
    "names": "Christ Davis",
    "username": "0285518293",
    "dni": "0285518293",
    "image": "",
    "email": "madisyn.weissnat96@gmail.com",
    "is_active": true,
    "is_staff": false,
    "date_joined": "2022-12-05T19:08:35.315Z",
    "is_change_password": false,
    "email_reset_token": null,
    "groups": [
      2
    ],
    "user_permissions": []
  }
},
{
  "model": "user.user",
  "pk": 160,
  "fields": {
    "password": "pbkdf2_sha256$320000$pQGmJZnsadiFUusX46uyR9$Dpb5EaPM1Tl8IHRLxWll2oUT24xCa3QcGkd5JRZFBUk=",
    "last_login": null,
    "is_superuser": false,
    "names": "Lizzie Barton",
    "username": "0608324877",
    "dni": "0608324877",
    "image": "",
    "email": "howard80@hotmail.com",
    "is_active": true,
    "is_staff": false,
    "date_joined": "2022-12-05T19:08:35.734Z",
    "is_change_password": false,
    "email_reset_token": null,
    "groups": [
      2
    ],
    "user_permissions": []
  }
},
{
  "model": "user.user",
  "pk": 161,
  "fields": {
    "password": "pbkdf2_sha256$320000$nlRqwc83MORrGJ33SyWKtB$SPDqdRhJuEGLuBWVNrGVpzJCe1haRVDNHV/TvE/FL6s=",
    "last_login": null,
    "is_superuser": false,
    "names": "Cara Leannon",
    "username": "0428524823",
    "dni": "0428524823",
    "image": "",
    "email": "jayden34@yahoo.com",
    "is_active": true,
    "is_staff": false,
    "date_joined": "2022-12-05T19:08:36.091Z",
    "is_change_password": false,
    "email_reset_token": null,
    "groups": [
      2
    ],
    "user_permissions": []
  }
},
{
  "model": "user.user",
  "pk": 162,
  "fields": {
    "password": "pbkdf2_sha256$320000$YdAHJHD5Kx3rrWpRZPZRkD$658KwmimbJswZleM/druu1zh6b5lvTO+6R6nqw+gewI=",
    "last_login": null,
    "is_superuser": false,
    "names": "Stanley Hoppe",
    "username": "0464295781",
    "dni": "0464295781",
    "image": "",
    "email": "angelica3@yahoo.com",
    "is_active": true,
    "is_staff": false,
    "date_joined": "2022-12-05T19:08:36.390Z",
    "is_change_password": false,
    "email_reset_token": null,
    "groups": [
      2
    ],
    "user_permissions": []
  }
},
{
  "model": "user.user",
  "pk": 163,
  "fields": {
    "password": "pbkdf2_sha256$320000$Trn28W86a5VqEf5APcc9u4$8mN8F7O0OqiTyZWe1WIM1yrhVK5gQjnQXLSTwU9/RyI=",
    "last_login": null,
    "is_superuser": false,
    "names": "Myrtis Okuneva",
    "username": "0842006913",
    "dni": "0842006913",
    "image": "",
    "email": "alexie.feil14@hotmail.com",
    "is_active": true,
    "is_staff": false,
    "date_joined": "2022-12-05T19:08:37.748Z",
    "is_change_password": false,
    "email_reset_token": null,
    "groups": [
      2
    ],
    "user_permissions": []
  }
},
{
  "model": "user.user",
  "pk": 164,
  "fields": {
    "password": "pbkdf2_sha256$320000$tgcEgH0OVyAnpIiFlg7uJK$lKAQ/e1f3g2gbiyAehAramR0lhNO9wuTqVLVPZ2Qd04=",
    "last_login": null,
    "is_superuser": false,
    "names": "Evelyn Bode",
    "username": "0219455834",
    "dni": "0219455834",
    "image": "",
    "email": "anahi_cole@gmail.com",
    "is_active": true,
    "is_staff": false,
    "date_joined": "2022-12-05T19:08:38.076Z",
    "is_change_password": false,
    "email_reset_token": null,
    "groups": [
      2
    ],
    "user_permissions": []
  }
},
{
  "model": "user.user",
  "pk": 165,
  "fields": {
    "password": "pbkdf2_sha256$320000$ARvykmiMNShiCNGBsDzxo6$RJX0v4sJ3R1pjGK5sNfJBeNSIdNqvdVsEwF8DrM6Bto=",
    "last_login": null,
    "is_superuser": false,
    "names": "Kameron Kassulke",
    "username": "0690765317",
    "dni": "0690765317",
    "image": "",
    "email": "amina.hettinger39@yahoo.com",
    "is_active": true,
    "is_staff": false,
    "date_joined": "2022-12-05T19:08:38.451Z",
    "is_change_password": false,
    "email_reset_token": null,
    "groups": [
      2
    ],
    "user_permissions": []
  }
},
{
  "model": "user.user",
  "pk": 166,
  "fields": {
    "password": "pbkdf2_sha256$320000$GUoery0zUJHaP0IouqlAS3$UdN55OC1qfMbvBi+rDZE2lnaHpP3hDzJrC+I//7OeTg=",
    "last_login": null,
    "is_superuser": false,
    "names": "Ebba Pfeffer",
    "username": "0639434011",
    "dni": "0639434011",
    "image": "",
    "email": "elva.sporer44@hotmail.com",
    "is_active": true,
    "is_staff": false,
    "date_joined": "2022-12-05T19:08:38.846Z",
    "is_change_password": false,
    "email_reset_token": null,
    "groups": [
      2
    ],
    "user_permissions": []
  }
},
{
  "model": "user.user",
  "pk": 167,
  "fields": {
    "password": "pbkdf2_sha256$320000$bcSSG4gKnfpCzC8TV7hWFs$icYcnXtp27u27j+yEozGQK6ySh7S1sngENlYAco74a8=",
    "last_login": null,
    "is_superuser": false,
    "names": "Shany Beier",
    "username": "0884868758",
    "dni": "0884868758",
    "image": "",
    "email": "jameson_feeney98@yahoo.com",
    "is_active": true,
    "is_staff": false,
    "date_joined": "2022-12-05T19:08:39.173Z",
    "is_change_password": false,
    "email_reset_token": null,
    "groups": [
      2
    ],
    "user_permissions": []
  }
},
{
  "model": "user.user",
  "pk": 168,
  "fields": {
    "password": "pbkdf2_sha256$320000$PmYbMp4mCRyQE6Lb88Y926$R+QKLHIKhdgB4baAp76Ns2ycMJNDSojVm8TX6+ub2Ic=",
    "last_login": null,
    "is_superuser": false,
    "names": "Berry Rowe",
    "username": "0271384515",
    "dni": "0271384515",
    "image": "",
    "email": "maurine.funk@yahoo.com",
    "is_active": true,
    "is_staff": false,
    "date_joined": "2022-12-05T19:08:39.554Z",
    "is_change_password": false,
    "email_reset_token": null,
    "groups": [
      2
    ],
    "user_permissions": []
  }
},
{
  "model": "user.user",
  "pk": 169,
  "fields": {
    "password": "pbkdf2_sha256$320000$ngcNO3sDwRJ86gxBZ81f2C$NiK+DIigjQsrINmiEjrxHiYYNHNt6gQ7SND9PkovOdc=",
    "last_login": null,
    "is_superuser": false,
    "names": "Osborne Feest",
    "username": "0408430817",
    "dni": "0408430817",
    "image": "",
    "email": "sister_emmerich69@hotmail.com",
    "is_active": true,
    "is_staff": false,
    "date_joined": "2022-12-05T19:08:40.969Z",
    "is_change_password": false,
    "email_reset_token": null,
    "groups": [
      2
    ],
    "user_permissions": []
  }
},
{
  "model": "user.user",
  "pk": 170,
  "fields": {
    "password": "pbkdf2_sha256$320000$ynA41Hfqp07IPC7MYRCPDG$xB25ZJF6ZDE25A8wNRbFJiT03D2aui48IioHlhNpocQ=",
    "last_login": null,
    "is_superuser": false,
    "names": "Wendy Armstrong",
    "username": "0712436256",
    "dni": "0712436256",
    "image": "",
    "email": "kris95@hotmail.com",
    "is_active": true,
    "is_staff": false,
    "date_joined": "2022-12-05T19:08:41.341Z",
    "is_change_password": false,
    "email_reset_token": null,
    "groups": [
      2
    ],
    "user_permissions": []
  }
},
{
  "model": "user.user",
  "pk": 171,
  "fields": {
    "password": "pbkdf2_sha256$320000$3q8F5AKtTopfkoj326a2wW$RyRFB2TB7uRZAXqV976CQMao3cSboj0+yIYJOiSMCoA=",
    "last_login": null,
    "is_superuser": false,
    "names": "Angelina Stiedemann",
    "username": "0703093813",
    "dni": "0703093813",
    "image": "",
    "email": "verdie12@hotmail.com",
    "is_active": true,
    "is_staff": false,
    "date_joined": "2022-12-05T19:08:42.025Z",
    "is_change_password": false,
    "email_reset_token": null,
    "groups": [
      2
    ],
    "user_permissions": []
  }
},
{
  "model": "user.user",
  "pk": 172,
  "fields": {
    "password": "pbkdf2_sha256$320000$nhoW1sOngVGc1iURUzO9k6$uFZH1Gmiiz1VmYy8KVqz2nevZqV8/2ykkcsOggZEwI0=",
    "last_login": null,
    "is_superuser": false,
    "names": "Nico Brekke",
    "username": "0408220066",
    "dni": "0408220066",
    "image": "",
    "email": "ward_stroman50@hotmail.com",
    "is_active": true,
    "is_staff": false,
    "date_joined": "2022-12-05T19:08:43.217Z",
    "is_change_password": false,
    "email_reset_token": null,
    "groups": [
      2
    ],
    "user_permissions": []
  }
},
{
  "model": "user.user",
  "pk": 173,
  "fields": {
    "password": "pbkdf2_sha256$320000$b6Cb9p41EimTBPoURjUtYs$xVaa5bpcCDTa1pRsuRJWfUTqjnHXPCUYE9GHp3h+buk=",
    "last_login": null,
    "is_superuser": false,
    "names": "Laron Lynch",
    "username": "0694856339",
    "dni": "0694856339",
    "image": "",
    "email": "clare.cassin@yahoo.com",
    "is_active": true,
    "is_staff": false,
    "date_joined": "2022-12-05T19:08:43.926Z",
    "is_change_password": false,
    "email_reset_token": null,
    "groups": [
      2
    ],
    "user_permissions": []
  }
},
{
  "model": "user.user",
  "pk": 174,
  "fields": {
    "password": "pbkdf2_sha256$320000$PWkWb8mj2VHpEmBgs0TJDF$KWBwMeTHctTC0i/TK/zgncG1KUmwnHTc4PrdGXRazTI=",
    "last_login": null,
    "is_superuser": false,
    "names": "Bo Sawayn",
    "username": "0307604725",
    "dni": "0307604725",
    "image": "",
    "email": "amparo.douglas33@gmail.com",
    "is_active": true,
    "is_staff": false,
    "date_joined": "2022-12-05T19:08:44.442Z",
    "is_change_password": false,
    "email_reset_token": null,
    "groups": [
      2
    ],
    "user_permissions": []
  }
},
{
  "model": "user.user",
  "pk": 175,
  "fields": {
    "password": "pbkdf2_sha256$320000$iU3giX6ml0EIm06zcXJZsx$En1OI+Sxoh/rekrj97HfDRGlf9dX6wgDlXQbbZ5sM0E=",
    "last_login": null,
    "is_superuser": false,
    "names": "Petra Raynor",
    "username": "0723177002",
    "dni": "0723177002",
    "image": "",
    "email": "jettie.barton@hotmail.com",
    "is_active": true,
    "is_staff": false,
    "date_joined": "2022-12-05T19:08:44.886Z",
    "is_change_password": false,
    "email_reset_token": null,
    "groups": [
      2
    ],
    "user_permissions": []
  }
},
{
  "model": "user.user",
  "pk": 176,
  "fields": {
    "password": "pbkdf2_sha256$320000$qvmJXZqd2Jrrg2TwcJT66O$eDOqHk9J/cSvWdsJV75N5AhpUoVvMBqBn6WDa8oaDiw=",
    "last_login": null,
    "is_superuser": false,
    "names": "Sherwood Kub",
    "username": "0490770861",
    "dni": "0490770861",
    "image": "",
    "email": "hilda_bednar@hotmail.com",
    "is_active": true,
    "is_staff": false,
    "date_joined": "2022-12-05T19:08:46.033Z",
    "is_change_password": false,
    "email_reset_token": null,
    "groups": [
      2
    ],
    "user_permissions": []
  }
},
{
  "model": "user.user",
  "pk": 177,
  "fields": {
    "password": "pbkdf2_sha256$320000$5cYaATMjdyla6tVGcDK4NI$5J1C3/NdiOp0WKdRNZKmuY6TrCcWuJvV8ztqV8nfN5g=",
    "last_login": null,
    "is_superuser": false,
    "names": "Gabriel Kling",
    "username": "0289425500",
    "dni": "0289425500",
    "image": "",
    "email": "zella.oconnell89@yahoo.com",
    "is_active": true,
    "is_staff": false,
    "date_joined": "2022-12-05T19:08:46.473Z",
    "is_change_password": false,
    "email_reset_token": null,
    "groups": [
      2
    ],
    "user_permissions": []
  }
},
{
  "model": "user.user",
  "pk": 178,
  "fields": {
    "password": "pbkdf2_sha256$320000$jbCCgokV5Z7Z4TXTKghftK$beOdgQZ6Pgrst6Za3iZWfS2kduqx8pA2qJFrDkOoaTY=",
    "last_login": null,
    "is_superuser": false,
    "names": "Emilia Senger",
    "username": "0932019122",
    "dni": "0932019122",
    "image": "",
    "email": "issac.runolfsson54@yahoo.com",
    "is_active": true,
    "is_staff": false,
    "date_joined": "2022-12-05T19:08:46.895Z",
    "is_change_password": false,
    "email_reset_token": null,
    "groups": [
      2
    ],
    "user_permissions": []
  }
},
{
  "model": "user.user",
  "pk": 179,
  "fields": {
    "password": "pbkdf2_sha256$320000$EwA6cQbPOlXmjV0hcIB4WH$FamAsWFHJJyGlo1asd3AcldPki9dBUQSWgWaTEm/U9E=",
    "last_login": null,
    "is_superuser": false,
    "names": "Rico Rolfson",
    "username": "0640594335",
    "dni": "0640594335",
    "image": "",
    "email": "casimir51@yahoo.com",
    "is_active": true,
    "is_staff": false,
    "date_joined": "2022-12-05T19:08:47.258Z",
    "is_change_password": false,
    "email_reset_token": null,
    "groups": [
      2
    ],
    "user_permissions": []
  }
},
{
  "model": "user.user",
  "pk": 180,
  "fields": {
    "password": "pbkdf2_sha256$320000$HWmf7OdxbNtlkZiJYbSBW9$jKwDvfP3RRLr3HtN87z0eLjydKvJiMjSIeI3P2qtL5k=",
    "last_login": null,
    "is_superuser": false,
    "names": "Citlalli Koepp",
    "username": "0285960996",
    "dni": "0285960996",
    "image": "",
    "email": "ayla.hermann@hotmail.com",
    "is_active": true,
    "is_staff": false,
    "date_joined": "2022-12-05T19:08:47.724Z",
    "is_change_password": false,
    "email_reset_token": null,
    "groups": [
      2
    ],
    "user_permissions": []
  }
},
{
  "model": "user.user",
  "pk": 181,
  "fields": {
    "password": "pbkdf2_sha256$320000$f6OaxtdmpnZEZdA3HSoPHB$J17TmdSdOwpAI/xwO4gaEH9C87oC7+eYw+5WA2+qLns=",
    "last_login": null,
    "is_superuser": false,
    "names": "Thurman Boehm",
    "username": "0626994078",
    "dni": "0626994078",
    "image": "",
    "email": "aubrey69@gmail.com",
    "is_active": true,
    "is_staff": false,
    "date_joined": "2022-12-05T19:08:49.264Z",
    "is_change_password": false,
    "email_reset_token": null,
    "groups": [
      2
    ],
    "user_permissions": []
  }
},
{
  "model": "user.user",
  "pk": 182,
  "fields": {
    "password": "pbkdf2_sha256$320000$84Ea5qv3KQ08Z9htnBG6EL$E/a27mKOrwfdc0KH4IfFz/T7z5pI9Y77aQ1qU2KBU0g=",
    "last_login": null,
    "is_superuser": false,
    "names": "Kelsi Robel",
    "username": "0950476149",
    "dni": "0950476149",
    "image": "",
    "email": "jonathon95@yahoo.com",
    "is_active": true,
    "is_staff": false,
    "date_joined": "2022-12-05T19:08:49.798Z",
    "is_change_password": false,
    "email_reset_token": null,
    "groups": [
      2
    ],
    "user_permissions": []
  }
},
{
  "model": "user.user",
  "pk": 183,
  "fields": {
    "password": "pbkdf2_sha256$320000$Kf3FICPFudmGDRp6bvR1UA$HV6XUYiA+Yo0DFGbOA4xE4X2qFugySpphtVAqe5dFw4=",
    "last_login": null,
    "is_superuser": false,
    "names": "Waino Rutherford",
    "username": "0808518851",
    "dni": "0808518851",
    "image": "",
    "email": "cecil_cremin@yahoo.com",
    "is_active": true,
    "is_staff": false,
    "date_joined": "2022-12-05T19:08:51.036Z",
    "is_change_password": false,
    "email_reset_token": null,
    "groups": [
      2
    ],
    "user_permissions": []
  }
},
{
  "model": "user.user",
  "pk": 184,
  "fields": {
    "password": "pbkdf2_sha256$320000$HF2fnowuMthuz0c7M9Mhdl$mOATaLLU48Ubx/G8BlnZjzQudA/WRh1Ip7hHyxhxOx4=",
    "last_login": null,
    "is_superuser": false,
    "names": "Herbert Lesch",
    "username": "0687432564",
    "dni": "0687432564",
    "image": "",
    "email": "zack_grady@yahoo.com",
    "is_active": true,
    "is_staff": false,
    "date_joined": "2022-12-05T19:08:51.661Z",
    "is_change_password": false,
    "email_reset_token": null,
    "groups": [
      2
    ],
    "user_permissions": []
  }
},
{
  "model": "user.user",
  "pk": 185,
  "fields": {
    "password": "pbkdf2_sha256$320000$1yR5pWlaevoG6kj9XQQRAM$ZBdRU4DYPbWweyNeecIg7gAjMQUBpFd7sTqoBWnIY3A=",
    "last_login": null,
    "is_superuser": false,
    "names": "Elissa Walsh",
    "username": "0335503153",
    "dni": "0335503153",
    "image": "",
    "email": "karlee_anderson34@hotmail.com",
    "is_active": true,
    "is_staff": false,
    "date_joined": "2022-12-05T19:08:52.110Z",
    "is_change_password": false,
    "email_reset_token": null,
    "groups": [
      2
    ],
    "user_permissions": []
  }
},
{
  "model": "user.user",
  "pk": 186,
  "fields": {
    "password": "pbkdf2_sha256$320000$dN5M00tkeuAfh6KlCWUvc5$X2SwkE4fYhNdzlImNwxB3WjJ7vffo5YEYHqrPZDUHQ8=",
    "last_login": null,
    "is_superuser": false,
    "names": "Kaya Langosh",
    "username": "0281366271",
    "dni": "0281366271",
    "image": "",
    "email": "erik.collins@yahoo.com",
    "is_active": true,
    "is_staff": false,
    "date_joined": "2022-12-05T19:08:53.429Z",
    "is_change_password": false,
    "email_reset_token": null,
    "groups": [
      2
    ],
    "user_permissions": []
  }
},
{
  "model": "user.user",
  "pk": 187,
  "fields": {
    "password": "pbkdf2_sha256$320000$r1OY8fS9tuF61MxvI5SFMq$tSw97CAwxL0ZL8T6Z7d08/+CPE3pYhoIoZBfNTvp1jE=",
    "last_login": null,
    "is_superuser": false,
    "names": "Neha Goodwin",
    "username": "0914440597",
    "dni": "0914440597",
    "image": "",
    "email": "tara15@yahoo.com",
    "is_active": true,
    "is_staff": false,
    "date_joined": "2022-12-05T19:08:53.814Z",
    "is_change_password": false,
    "email_reset_token": null,
    "groups": [
      2
    ],
    "user_permissions": []
  }
},
{
  "model": "user.user",
  "pk": 188,
  "fields": {
    "password": "pbkdf2_sha256$320000$fBpMHHp07cNqPNeKWQhter$VjMVUg+0FBD/HrGGoXJPLPdGeFzN/xmBHClYI0z6+Vc=",
    "last_login": null,
    "is_superuser": false,
    "names": "Emmett Abshire",
    "username": "0521184654",
    "dni": "0521184654",
    "image": "",
    "email": "kasandra95@yahoo.com",
    "is_active": true,
    "is_staff": false,
    "date_joined": "2022-12-05T19:08:54.211Z",
    "is_change_password": false,
    "email_reset_token": null,
    "groups": [
      2
    ],
    "user_permissions": []
  }
},
{
  "model": "user.user",
  "pk": 189,
  "fields": {
    "password": "pbkdf2_sha256$320000$BqIRuis6RwfFfsq30Dch6i$bQGNm/k2tisyfm5llzBd+SoETZlToDO3rICFm4HajL0=",
    "last_login": null,
    "is_superuser": false,
    "names": "Sister Rutherford",
    "username": "0676715506",
    "dni": "0676715506",
    "image": "",
    "email": "travis.veum71@gmail.com",
    "is_active": true,
    "is_staff": false,
    "date_joined": "2022-12-05T19:08:54.614Z",
    "is_change_password": false,
    "email_reset_token": null,
    "groups": [
      2
    ],
    "user_permissions": []
  }
},
{
  "model": "user.user",
  "pk": 190,
  "fields": {
    "password": "pbkdf2_sha256$320000$7FaVgRbwcNmmeBcmMUAty3$Zs1ZbzqN+PcRo/q4ZDVLR3RfzlJqahFIwoq/Gi6XjeI=",
    "last_login": null,
    "is_superuser": false,
    "names": "Kaleb D'Amore",
    "username": "0688438624",
    "dni": "0688438624",
    "image": "",
    "email": "cleveland33@gmail.com",
    "is_active": true,
    "is_staff": false,
    "date_joined": "2022-12-05T19:08:55.082Z",
    "is_change_password": false,
    "email_reset_token": null,
    "groups": [
      2
    ],
    "user_permissions": []
  }
},
{
  "model": "user.user",
  "pk": 191,
  "fields": {
    "password": "pbkdf2_sha256$320000$ovErP2u7NdD1tZLHJ2AScR$oDbBCOUIhta2ZPrT6y7Cqm6Ju2EztD1BCExgY1j3tK0=",
    "last_login": null,
    "is_superuser": false,
    "names": "Jordane Schinner",
    "username": "0968144617",
    "dni": "0968144617",
    "image": "",
    "email": "antoinette_spinka@hotmail.com",
    "is_active": true,
    "is_staff": false,
    "date_joined": "2022-12-05T19:08:56.178Z",
    "is_change_password": false,
    "email_reset_token": null,
    "groups": [
      2
    ],
    "user_permissions": []
  }
},
{
  "model": "user.user",
  "pk": 192,
  "fields": {
    "password": "pbkdf2_sha256$320000$t1GQrYlmTbHanaaPSNXyUa$NV+9v6JlrAMPPAfYCqfAJmNwJJGIhXRODMFyz1tucJA=",
    "last_login": null,
    "is_superuser": false,
    "names": "Daisy Frami",
    "username": "0414858094",
    "dni": "0414858094",
    "image": "",
    "email": "lucie.mcclure77@yahoo.com",
    "is_active": true,
    "is_staff": false,
    "date_joined": "2022-12-05T19:08:56.855Z",
    "is_change_password": false,
    "email_reset_token": null,
    "groups": [
      2
    ],
    "user_permissions": []
  }
},
{
  "model": "user.user",
  "pk": 193,
  "fields": {
    "password": "pbkdf2_sha256$320000$SpNBgZL9OL3eLXedV4R8Ci$R043rULRI/lhQCfqviXB1g/0oD/9ISWUYC9Oqqrmekc=",
    "last_login": null,
    "is_superuser": false,
    "names": "Clemmie Leuschke",
    "username": "0644416686",
    "dni": "0644416686",
    "image": "",
    "email": "merlin7@gmail.com",
    "is_active": true,
    "is_staff": false,
    "date_joined": "2022-12-05T19:08:57.266Z",
    "is_change_password": false,
    "email_reset_token": null,
    "groups": [
      2
    ],
    "user_permissions": []
  }
},
{
  "model": "user.user",
  "pk": 194,
  "fields": {
    "password": "pbkdf2_sha256$320000$iZvmq3mGefcRF9PH2CG7E4$rNP2dbn+hSf3AYIHX7m7IcaQI8RMOaFyStDzs9igSK0=",
    "last_login": null,
    "is_superuser": false,
    "names": "Jedediah Harvey",
    "username": "0225258575",
    "dni": "0225258575",
    "image": "",
    "email": "caitlyn68@yahoo.com",
    "is_active": true,
    "is_staff": false,
    "date_joined": "2022-12-05T19:08:58.349Z",
    "is_change_password": false,
    "email_reset_token": null,
    "groups": [
      2
    ],
    "user_permissions": []
  }
},
{
  "model": "user.user",
  "pk": 195,
  "fields": {
    "password": "pbkdf2_sha256$320000$Fnfiya4Zzq8NRddkaAd72N$y117yKmbw+6HUWMLPX4guQ5ZBX+ClDhLGLlDRi08m6M=",
    "last_login": null,
    "is_superuser": false,
    "names": "Amaya Swaniawski",
    "username": "0257388896",
    "dni": "0257388896",
    "image": "",
    "email": "simone26@hotmail.com",
    "is_active": true,
    "is_staff": false,
    "date_joined": "2022-12-05T19:08:58.745Z",
    "is_change_password": false,
    "email_reset_token": null,
    "groups": [
      2
    ],
    "user_permissions": []
  }
},
{
  "model": "user.user",
  "pk": 196,
  "fields": {
    "password": "pbkdf2_sha256$320000$myu3N3b4BDP8A3tZhgmarm$Bx9hbP8dXQlH1x0JAtksGX2tZGZensRwwrbwyfKSAr0=",
    "last_login": null,
    "is_superuser": false,
    "names": "Valentine Hodkiewicz",
    "username": "0283337879",
    "dni": "0283337879",
    "image": "",
    "email": "maria74@yahoo.com",
    "is_active": true,
    "is_staff": false,
    "date_joined": "2022-12-05T19:08:59.129Z",
    "is_change_password": false,
    "email_reset_token": null,
    "groups": [
      2
    ],
    "user_permissions": []
  }
},
{
  "model": "user.user",
  "pk": 197,
  "fields": {
    "password": "pbkdf2_sha256$320000$r4IwpXDjdIM4pC3UHHVZ3t$sw3MqvrAUkuL5hSV8z0m5/KKn9nQE3kCaT+lCY59xB0=",
    "last_login": null,
    "is_superuser": false,
    "names": "Jennie Dibbert",
    "username": "0233601193",
    "dni": "0233601193",
    "image": "",
    "email": "myrna.bruen43@gmail.com",
    "is_active": true,
    "is_staff": false,
    "date_joined": "2022-12-05T19:08:59.606Z",
    "is_change_password": false,
    "email_reset_token": null,
    "groups": [
      2
    ],
    "user_permissions": []
  }
},
{
  "model": "user.user",
  "pk": 198,
  "fields": {
    "password": "pbkdf2_sha256$320000$trYzwfdUmdkcLQZl6xWdOR$ovwfwo40Rrptq+AJ165exAheZgxczgoR24ArYJIh48s=",
    "last_login": null,
    "is_superuser": false,
    "names": "Emelie Hahn",
    "username": "0457232628",
    "dni": "0457232628",
    "image": "",
    "email": "christelle_kemmer@yahoo.com",
    "is_active": true,
    "is_staff": false,
    "date_joined": "2022-12-05T19:09:01.065Z",
    "is_change_password": false,
    "email_reset_token": null,
    "groups": [
      2
    ],
    "user_permissions": []
  }
},
{
  "model": "user.user",
  "pk": 199,
  "fields": {
    "password": "pbkdf2_sha256$320000$h2Vdr0fVp1tHU9m9AIvV0F$Y52DPmWtmRyJ69eECT6EctU4tLHmVA0r+MPwx/q5gIk=",
    "last_login": null,
    "is_superuser": false,
    "names": "Arnulfo Dach",
    "username": "0556755671",
    "dni": "0556755671",
    "image": "",
    "email": "yazmin49@yahoo.com",
    "is_active": true,
    "is_staff": false,
    "date_joined": "2022-12-05T19:09:01.760Z",
    "is_change_password": false,
    "email_reset_token": null,
    "groups": [
      2
    ],
    "user_permissions": []
  }
},
{
  "model": "user.user",
  "pk": 200,
  "fields": {
    "password": "pbkdf2_sha256$320000$zJvyqvZUzlWnQ3PlLsk3gm$Yizoh/4MsUt30cjapxKF5ypucjnEYVrVRF18EoHPgXk=",
    "last_login": null,
    "is_superuser": false,
    "names": "Josefina Trantow",
    "username": "0069774651",
    "dni": "0069774651",
    "image": "",
    "email": "mike_wisoky@yahoo.com",
    "is_active": true,
    "is_staff": false,
    "date_joined": "2022-12-05T19:09:02.431Z",
    "is_change_password": false,
    "email_reset_token": null,
    "groups": [
      2
    ],
    "user_permissions": []
  }
},
{
  "model": "user.user",
  "pk": 201,
  "fields": {
    "password": "pbkdf2_sha256$320000$q8zFrxpPZ8vCrK8Uc7Wbvm$x+dDb8sNXFz+9R/2eHKxyJrtE31vsVK7vX5ooFLNJyI=",
    "last_login": null,
    "is_superuser": false,
    "names": "Magnus Deckow",
    "username": "0437554597",
    "dni": "0437554597",
    "image": "",
    "email": "dennis_wunsch@gmail.com",
    "is_active": true,
    "is_staff": false,
    "date_joined": "2022-12-05T19:09:03.593Z",
    "is_change_password": false,
    "email_reset_token": null,
    "groups": [
      2
    ],
    "user_permissions": []
  }
},
{
  "model": "user.user",
  "pk": 202,
  "fields": {
    "password": "pbkdf2_sha256$320000$om5ob4iT9ez6JWoPQt0pga$AnO7BmbkMuT7rjqGDYWGxzsiUeiWgA/pBLcPKHqnV0A=",
    "last_login": null,
    "is_superuser": false,
    "names": "Angel Haag",
    "username": "0397728027",
    "dni": "0397728027",
    "image": "",
    "email": "danny_hirthe4@gmail.com",
    "is_active": true,
    "is_staff": false,
    "date_joined": "2022-12-05T19:09:04.036Z",
    "is_change_password": false,
    "email_reset_token": null,
    "groups": [
      2
    ],
    "user_permissions": []
  }
},
{
  "model": "user.user",
  "pk": 203,
  "fields": {
    "password": "pbkdf2_sha256$320000$7vDqakpexvWhMHx8rvgVgO$6sbKD23sFQF3iLokLpXHy62ZzaNbtwU5+PKfor7odx8=",
    "last_login": null,
    "is_superuser": false,
    "names": "Mya Parisian",
    "username": "0249543161",
    "dni": "0249543161",
    "image": "",
    "email": "alexie.williamson22@hotmail.com",
    "is_active": true,
    "is_staff": false,
    "date_joined": "2022-12-05T19:09:04.448Z",
    "is_change_password": false,
    "email_reset_token": null,
    "groups": [
      2
    ],
    "user_permissions": []
  }
},
{
  "model": "user.user",
  "pk": 204,
  "fields": {
    "password": "pbkdf2_sha256$320000$yEHvbUfiqec8vovzgyNUtO$zvPHttjldL0KrcklTDqyWjR7FBGzyei8EKx6Va9vjoo=",
    "last_login": null,
    "is_superuser": false,
    "names": "Caitlyn Glover",
    "username": "0830269568",
    "dni": "0830269568",
    "image": "",
    "email": "magdalen.cormier32@yahoo.com",
    "is_active": true,
    "is_staff": false,
    "date_joined": "2022-12-05T19:09:05.797Z",
    "is_change_password": false,
    "email_reset_token": null,
    "groups": [
      2
    ],
    "user_permissions": []
  }
},
{
  "model": "user.user",
  "pk": 205,
  "fields": {
    "password": "pbkdf2_sha256$320000$YRz1BLnMKpNxGb6Vm0UbS3$purc3kRNEVZ1beYfpLCL7r6wiaWBhMxLYq47mGh0rqA=",
    "last_login": null,
    "is_superuser": false,
    "names": "Allene Romaguera",
    "username": "0569861930",
    "dni": "0569861930",
    "image": "",
    "email": "amira.donnelly@yahoo.com",
    "is_active": true,
    "is_staff": false,
    "date_joined": "2022-12-05T19:09:06.234Z",
    "is_change_password": false,
    "email_reset_token": null,
    "groups": [
      2
    ],
    "user_permissions": []
  }
},
{
  "model": "user.user",
  "pk": 206,
  "fields": {
    "password": "pbkdf2_sha256$320000$RCHsV7muhsWfrhf1WTtYOc$B89hq/IgatZFBf+giAFeacLdbCktPu065VhmJWiRXmE=",
    "last_login": null,
    "is_superuser": false,
    "names": "Kylie Wehner",
    "username": "0438250833",
    "dni": "0438250833",
    "image": "",
    "email": "kevin_rowe98@gmail.com",
    "is_active": true,
    "is_staff": false,
    "date_joined": "2022-12-05T19:09:06.734Z",
    "is_change_password": false,
    "email_reset_token": null,
    "groups": [
      2
    ],
    "user_permissions": []
  }
},
{
  "model": "user.user",
  "pk": 207,
  "fields": {
    "password": "pbkdf2_sha256$320000$lgKGdeiuvt0UNm2LcFnXVP$CNBcbLEi0vEeLnoopbD77b7oYKeK9+k/Wb7XQTSbbtc=",
    "last_login": null,
    "is_superuser": false,
    "names": "Halle Bartell",
    "username": "0034364761",
    "dni": "0034364761",
    "image": "",
    "email": "kylie59@hotmail.com",
    "is_active": true,
    "is_staff": false,
    "date_joined": "2022-12-05T19:09:07.318Z",
    "is_change_password": false,
    "email_reset_token": null,
    "groups": [
      2
    ],
    "user_permissions": []
  }
},
{
  "model": "user.user",
  "pk": 208,
  "fields": {
    "password": "pbkdf2_sha256$320000$Wdu9MKv6QRCXKFtljHvZYN$SAdYI6AxS+51bRUrxQWY8CBYZ2z+6fJJB3wFvf8Ltt0=",
    "last_login": null,
    "is_superuser": false,
    "names": "Colleen Feeney",
    "username": "0753595148",
    "dni": "0753595148",
    "image": "",
    "email": "adela_langworth92@gmail.com",
    "is_active": true,
    "is_staff": false,
    "date_joined": "2022-12-05T19:09:07.755Z",
    "is_change_password": false,
    "email_reset_token": null,
    "groups": [
      2
    ],
    "user_permissions": []
  }
},
{
  "model": "user.user",
  "pk": 209,
  "fields": {
    "password": "pbkdf2_sha256$320000$I0jdd9982Yo9Frj2qOvAXM$1Mvq8OTmpboL3XVCT09u9vtEgvEIwIEHs9d4znbTxe0=",
    "last_login": null,
    "is_superuser": false,
    "names": "Magali Romaguera",
    "username": "0994253910",
    "dni": "0994253910",
    "image": "",
    "email": "orval6@gmail.com",
    "is_active": true,
    "is_staff": false,
    "date_joined": "2022-12-05T19:09:08.896Z",
    "is_change_password": false,
    "email_reset_token": null,
    "groups": [
      2
    ],
    "user_permissions": []
  }
},
{
  "model": "user.user",
  "pk": 210,
  "fields": {
    "password": "pbkdf2_sha256$320000$sjx5uZxuXtVctTxVhOl8x8$iMAuIwPebrF96T/iqdJTMU0K0H5gTUSPCgLTghleyKs=",
    "last_login": null,
    "is_superuser": false,
    "names": "Aiden Wilderman",
    "username": "0127155405",
    "dni": "0127155405",
    "image": "",
    "email": "jarod37@gmail.com",
    "is_active": true,
    "is_staff": false,
    "date_joined": "2022-12-05T19:09:09.731Z",
    "is_change_password": false,
    "email_reset_token": null,
    "groups": [
      2
    ],
    "user_permissions": []
  }
},
{
  "model": "user.user",
  "pk": 211,
  "fields": {
    "password": "pbkdf2_sha256$320000$7lfmHjoLfi3pXDD4MViuVK$zyIXstlLyYgMEAx/tBUPVEex8vArf3h8JtDrUXjJaco=",
    "last_login": null,
    "is_superuser": false,
    "names": "Jennifer Kautzer",
    "username": "0275609882",
    "dni": "0275609882",
    "image": "",
    "email": "jayne26@gmail.com",
    "is_active": true,
    "is_staff": false,
    "date_joined": "2022-12-05T19:09:10.069Z",
    "is_change_password": false,
    "email_reset_token": null,
    "groups": [
      2
    ],
    "user_permissions": []
  }
},
{
  "model": "user.user",
  "pk": 212,
  "fields": {
    "password": "pbkdf2_sha256$320000$4tXY1ITVi5QjHfNKFJUm1p$PuYuYylKi5IHj0W4gtvEJ9ln6ZMyJYn9bIlN4B5NHVU=",
    "last_login": null,
    "is_superuser": false,
    "names": "Leta Stehr",
    "username": "0306633434",
    "dni": "0306633434",
    "image": "",
    "email": "amanda36@gmail.com",
    "is_active": true,
    "is_staff": false,
    "date_joined": "2022-12-05T19:09:10.394Z",
    "is_change_password": false,
    "email_reset_token": null,
    "groups": [
      2
    ],
    "user_permissions": []
  }
},
{
  "model": "user.user",
  "pk": 213,
  "fields": {
    "password": "pbkdf2_sha256$320000$ht51Htee2WYhy17a3H9n0L$vvmgC06EONlOu+IHcL9C61EM8j6x1cQOwOXk4shNpAs=",
    "last_login": null,
    "is_superuser": false,
    "names": "Cordie Kiehn",
    "username": "0961590517",
    "dni": "0961590517",
    "image": "",
    "email": "gay86@hotmail.com",
    "is_active": true,
    "is_staff": false,
    "date_joined": "2022-12-05T19:09:10.798Z",
    "is_change_password": false,
    "email_reset_token": null,
    "groups": [
      2
    ],
    "user_permissions": []
  }
},
{
  "model": "user.user",
  "pk": 214,
  "fields": {
    "password": "pbkdf2_sha256$320000$cABlW4KMKCFnohhYDtHbiR$W24HgcgAegy4C+E5e+QDUw3RYT4paizK4xw0vI9jx8s=",
    "last_login": null,
    "is_superuser": false,
    "names": "Jules Gutmann",
    "username": "0762533077",
    "dni": "0762533077",
    "image": "",
    "email": "ibrahim.armstrong@gmail.com",
    "is_active": true,
    "is_staff": false,
    "date_joined": "2022-12-05T19:09:11.124Z",
    "is_change_password": false,
    "email_reset_token": null,
    "groups": [
      2
    ],
    "user_permissions": []
  }
},
{
  "model": "user.user",
  "pk": 215,
  "fields": {
    "password": "pbkdf2_sha256$320000$IhshvvBR6yfXfFlUlRWKpp$qHUr69pupePcZkBzyRyR2LQsaufxNrcwEYGCLGq0ibU=",
    "last_login": null,
    "is_superuser": false,
    "names": "Minerva Gibson",
    "username": "0909525873",
    "dni": "0909525873",
    "image": "",
    "email": "wilburn_haley@gmail.com",
    "is_active": true,
    "is_staff": false,
    "date_joined": "2022-12-05T19:09:11.495Z",
    "is_change_password": false,
    "email_reset_token": null,
    "groups": [
      2
    ],
    "user_permissions": []
  }
},
{
  "model": "user.user",
  "pk": 216,
  "fields": {
    "password": "pbkdf2_sha256$320000$PgpGsUyY7pyjXsz0ycgktg$AsHsCsMIkR4jiVTxOAtyqlzV9MO3Y4FbYBH1iuu7TmA=",
    "last_login": null,
    "is_superuser": false,
    "names": "Greyson Lockman",
    "username": "0764020041",
    "dni": "0764020041",
    "image": "",
    "email": "madeline_block49@hotmail.com",
    "is_active": true,
    "is_staff": false,
    "date_joined": "2022-12-05T19:09:12.820Z",
    "is_change_password": false,
    "email_reset_token": null,
    "groups": [
      2
    ],
    "user_permissions": []
  }
},
{
  "model": "user.user",
  "pk": 217,
  "fields": {
    "password": "pbkdf2_sha256$320000$nyMTW19wwPmPY4kdLa3JK3$04Ith320359woJQ6tPmspzIcmIvirysuinarNQQ3uOI=",
    "last_login": null,
    "is_superuser": false,
    "names": "Breanna Stokes",
    "username": "0403175518",
    "dni": "0403175518",
    "image": "",
    "email": "ramiro4@gmail.com",
    "is_active": true,
    "is_staff": false,
    "date_joined": "2022-12-05T19:09:13.245Z",
    "is_change_password": false,
    "email_reset_token": null,
    "groups": [
      2
    ],
    "user_permissions": []
  }
},
{
  "model": "user.user",
  "pk": 218,
  "fields": {
    "password": "pbkdf2_sha256$320000$e7OJsoLS7oP7KvTfT2jCxS$Eua3VhJRTpUtnJRisaMT+w41ErW2BJfnF8EKXOSalrA=",
    "last_login": null,
    "is_superuser": false,
    "names": "Bernita Pouros",
    "username": "0010314745",
    "dni": "0010314745",
    "image": "",
    "email": "deja.hayes@yahoo.com",
    "is_active": true,
    "is_staff": false,
    "date_joined": "2022-12-05T19:09:13.673Z",
    "is_change_password": false,
    "email_reset_token": null,
    "groups": [
      2
    ],
    "user_permissions": []
  }
},
{
  "model": "user.user",
  "pk": 219,
  "fields": {
    "password": "pbkdf2_sha256$320000$vr41wySH3NoR6smLATceVw$nNMqW6LEP8csxCvMnK5gB+pv6pumBAIlDTn1eIkCY/M=",
    "last_login": null,
    "is_superuser": false,
    "names": "Jennie Ankunding",
    "username": "0933017419",
    "dni": "0933017419",
    "image": "",
    "email": "cristian_blanda@yahoo.com",
    "is_active": true,
    "is_staff": false,
    "date_joined": "2022-12-05T19:09:14.057Z",
    "is_change_password": false,
    "email_reset_token": null,
    "groups": [
      2
    ],
    "user_permissions": []
  }
},
{
  "model": "user.user",
  "pk": 220,
  "fields": {
    "password": "pbkdf2_sha256$320000$zxDSdFA2ieNjp3dKlOZEYo$AOJ3J32UPLjHa3aDtXRo/YYDJ1W42MXKit4Zstyo+tw=",
    "last_login": null,
    "is_superuser": false,
    "names": "Ignatius Zboncak",
    "username": "0605858533",
    "dni": "0605858533",
    "image": "",
    "email": "darron.grimes78@yahoo.com",
    "is_active": true,
    "is_staff": false,
    "date_joined": "2022-12-05T19:09:15.440Z",
    "is_change_password": false,
    "email_reset_token": null,
    "groups": [
      2
    ],
    "user_permissions": []
  }
},
{
  "model": "user.user",
  "pk": 221,
  "fields": {
    "password": "pbkdf2_sha256$320000$uorXzfHw1Se7DiEnbPdGl3$h+jEOL03Zas+IyFpQYgg8KtWmP0rQX+gGrBkPqm3Os8=",
    "last_login": null,
    "is_superuser": false,
    "names": "Carlos Hamill",
    "username": "0349159181",
    "dni": "0349159181",
    "image": "",
    "email": "tevin_king26@hotmail.com",
    "is_active": true,
    "is_staff": false,
    "date_joined": "2022-12-05T19:09:16.115Z",
    "is_change_password": false,
    "email_reset_token": null,
    "groups": [
      2
    ],
    "user_permissions": []
  }
},
{
  "model": "user.user",
  "pk": 222,
  "fields": {
    "password": "pbkdf2_sha256$320000$8qRGCmMDLY9j8IMrPQWe35$pzVRaREp2L7FdcqKE+TD3M9yRNx1c68MwhR/qLZ9v8Q=",
    "last_login": null,
    "is_superuser": false,
    "names": "Jarvis Treutel",
    "username": "0779880156",
    "dni": "0779880156",
    "image": "",
    "email": "sydnee_collier84@yahoo.com",
    "is_active": true,
    "is_staff": false,
    "date_joined": "2022-12-05T19:09:16.639Z",
    "is_change_password": false,
    "email_reset_token": null,
    "groups": [
      2
    ],
    "user_permissions": []
  }
},
{
  "model": "user.user",
  "pk": 223,
  "fields": {
    "password": "pbkdf2_sha256$320000$SYAuTpk5Vevq1slOBnWF7P$gM/40BEMqJEXmrW0DRsrQhdbQ5SiwJ0u7hUrs+KQ/Gg=",
    "last_login": null,
    "is_superuser": false,
    "names": "Dereck Kling",
    "username": "0767906637",
    "dni": "0767906637",
    "image": "",
    "email": "patience.maggio@gmail.com",
    "is_active": true,
    "is_staff": false,
    "date_joined": "2022-12-05T19:09:17.883Z",
    "is_change_password": false,
    "email_reset_token": null,
    "groups": [
      2
    ],
    "user_permissions": []
  }
},
{
  "model": "user.user",
  "pk": 224,
  "fields": {
    "password": "pbkdf2_sha256$320000$4z8v1HawmlTczRyHCePwmF$WXbdRqaJyFGidUo6JNYob3NGpFE92hP0RONb7CnY1sY=",
    "last_login": null,
    "is_superuser": false,
    "names": "Charlene Wolff",
    "username": "0792494451",
    "dni": "0792494451",
    "image": "",
    "email": "rylan.monahan35@yahoo.com",
    "is_active": true,
    "is_staff": false,
    "date_joined": "2022-12-05T19:09:18.351Z",
    "is_change_password": false,
    "email_reset_token": null,
    "groups": [
      2
    ],
    "user_permissions": []
  }
},
{
  "model": "user.user",
  "pk": 225,
  "fields": {
    "password": "pbkdf2_sha256$320000$Q4rNOanWy6ZF1sXq9Sxku1$yL5H2B89uV8lD+NXS1oTzaFi2iW7q1G8N99o96H9gqA=",
    "last_login": null,
    "is_superuser": false,
    "names": "Anabel O'Connell",
    "username": "0797528398",
    "dni": "0797528398",
    "image": "",
    "email": "abigail.bartell@gmail.com",
    "is_active": true,
    "is_staff": false,
    "date_joined": "2022-12-05T19:09:18.879Z",
    "is_change_password": false,
    "email_reset_token": null,
    "groups": [
      2
    ],
    "user_permissions": []
  }
},
{
  "model": "user.user",
  "pk": 226,
  "fields": {
    "password": "pbkdf2_sha256$320000$H29esFQuO14Zs1uHQZBWbn$BJOXwruSxRVaX/D/+Hlpl0qYHWdN7qwtf/BAienxgnw=",
    "last_login": null,
    "is_superuser": false,
    "names": "Sid Grady",
    "username": "0741396883",
    "dni": "0741396883",
    "image": "",
    "email": "emmet_schmidt17@hotmail.com",
    "is_active": true,
    "is_staff": false,
    "date_joined": "2022-12-05T19:09:19.369Z",
    "is_change_password": false,
    "email_reset_token": null,
    "groups": [
      2
    ],
    "user_permissions": []
  }
},
{
  "model": "user.user",
  "pk": 227,
  "fields": {
    "password": "pbkdf2_sha256$320000$gRGq1dLZCcnB7fAnttU1Yz$+PQMkc4scCV0XF678ZBTt9J7QeHCXmL5eHkXgZyV444=",
    "last_login": null,
    "is_superuser": false,
    "names": "Mckenzie Schoen",
    "username": "0428923129",
    "dni": "0428923129",
    "image": "",
    "email": "hollie47@gmail.com",
    "is_active": true,
    "is_staff": false,
    "date_joined": "2022-12-05T19:09:20.807Z",
    "is_change_password": false,
    "email_reset_token": null,
    "groups": [
      2
    ],
    "user_permissions": []
  }
},
{
  "model": "user.user",
  "pk": 228,
  "fields": {
    "password": "pbkdf2_sha256$320000$ncbHVh0GaQosshPTR5WIZZ$lfjiYil6R2tiRDtF6IWHf/f27sRWcD9fc5O2ve6kVZc=",
    "last_login": null,
    "is_superuser": false,
    "names": "Precious Hammes",
    "username": "0368379203",
    "dni": "0368379203",
    "image": "",
    "email": "antonia.kub@gmail.com",
    "is_active": true,
    "is_staff": false,
    "date_joined": "2022-12-05T19:09:21.245Z",
    "is_change_password": false,
    "email_reset_token": null,
    "groups": [
      2
    ],
    "user_permissions": []
  }
},
{
  "model": "user.user",
  "pk": 229,
  "fields": {
    "password": "pbkdf2_sha256$320000$oLdUpgGBQoIrcsmgxvBogc$53uYKRyxFRM+H7V6cysV9ug0ZfsByoGCtipRvbGzu98=",
    "last_login": null,
    "is_superuser": false,
    "names": "Agustin Reichel",
    "username": "0407328996",
    "dni": "0407328996",
    "image": "",
    "email": "myrl_hills@gmail.com",
    "is_active": true,
    "is_staff": false,
    "date_joined": "2022-12-05T19:09:21.654Z",
    "is_change_password": false,
    "email_reset_token": null,
    "groups": [
      2
    ],
    "user_permissions": []
  }
},
{
  "model": "user.user",
  "pk": 230,
  "fields": {
    "password": "pbkdf2_sha256$320000$GXsnFh54fvllGomZsYH5HZ$wjURHgwJKmhekfqsvLcVd+5wYyCjLs1ULscgAhMYUEo=",
    "last_login": null,
    "is_superuser": false,
    "names": "Liana Becker",
    "username": "0778082788",
    "dni": "0778082788",
    "image": "",
    "email": "dax.flatley94@yahoo.com",
    "is_active": true,
    "is_staff": false,
    "date_joined": "2022-12-05T19:09:22.090Z",
    "is_change_password": false,
    "email_reset_token": null,
    "groups": [
      2
    ],
    "user_permissions": []
  }
},
{
  "model": "user.user",
  "pk": 231,
  "fields": {
    "password": "pbkdf2_sha256$320000$iQelELZeV0IkNLXGoAudoH$ExhvJRkRZZ+wbQoDOTXy5pBY152mF3O6aw2evwwfDW0=",
    "last_login": null,
    "is_superuser": false,
    "names": "Malvina Johnston",
    "username": "0678753572",
    "dni": "0678753572",
    "image": "",
    "email": "lonie.king@yahoo.com",
    "is_active": true,
    "is_staff": false,
    "date_joined": "2022-12-05T19:09:23.266Z",
    "is_change_password": false,
    "email_reset_token": null,
    "groups": [
      2
    ],
    "user_permissions": []
  }
},
{
  "model": "user.user",
  "pk": 232,
  "fields": {
    "password": "pbkdf2_sha256$320000$VZHbpRkM8RRFCu7eB41QOx$TP2tSyMQW3Yt+FefUUeKqgWwRXU5j0QvFeUbevBu/Wk=",
    "last_login": null,
    "is_superuser": false,
    "names": "Gloria Lakin",
    "username": "0450302498",
    "dni": "0450302498",
    "image": "",
    "email": "jaqueline_breitenberg@yahoo.com",
    "is_active": true,
    "is_staff": false,
    "date_joined": "2022-12-05T19:09:23.717Z",
    "is_change_password": false,
    "email_reset_token": null,
    "groups": [
      2
    ],
    "user_permissions": []
  }
},
{
  "model": "user.user",
  "pk": 233,
  "fields": {
    "password": "pbkdf2_sha256$320000$EK6c1bS8emtddptmIaxSNi$E2S2A0YcEbLdXCtST97i7gnY+7Mgpeq+keeaIHHglXk=",
    "last_login": null,
    "is_superuser": false,
    "names": "Ken Feil",
    "username": "0609935928",
    "dni": "0609935928",
    "image": "",
    "email": "vita.beier56@gmail.com",
    "is_active": true,
    "is_staff": false,
    "date_joined": "2022-12-05T19:09:24.175Z",
    "is_change_password": false,
    "email_reset_token": null,
    "groups": [
      2
    ],
    "user_permissions": []
  }
},
{
  "model": "user.user",
  "pk": 234,
  "fields": {
    "password": "pbkdf2_sha256$320000$sz2Cn1PBL2b5bvEAxZlM2a$X9R6ILRez16zLVl25rre/91oVfsPZmDHaqgM0cezrbc=",
    "last_login": null,
    "is_superuser": false,
    "names": "King Treutel",
    "username": "0186749759",
    "dni": "0186749759",
    "image": "",
    "email": "keith46@hotmail.com",
    "is_active": true,
    "is_staff": false,
    "date_joined": "2022-12-05T19:09:25.486Z",
    "is_change_password": false,
    "email_reset_token": null,
    "groups": [
      2
    ],
    "user_permissions": []
  }
},
{
  "model": "user.user",
  "pk": 235,
  "fields": {
    "password": "pbkdf2_sha256$320000$0WXGAEAgh80eTag12GLetf$Ma62Q39LIcY5yI3/11X8t4Wtg6N2THvJgFhY0WjD3Hk=",
    "last_login": null,
    "is_superuser": false,
    "names": "Nick Bergstrom",
    "username": "0714330405",
    "dni": "0714330405",
    "image": "",
    "email": "brisa.jacobs71@yahoo.com",
    "is_active": true,
    "is_staff": false,
    "date_joined": "2022-12-05T19:09:25.946Z",
    "is_change_password": false,
    "email_reset_token": null,
    "groups": [
      2
    ],
    "user_permissions": []
  }
},
{
  "model": "user.user",
  "pk": 236,
  "fields": {
    "password": "pbkdf2_sha256$320000$X81WmnKjFdX6WCrunTlBNi$Vn4jcCTsy15p4qDsaVG8j3YzEL6HM1CizXS5DS+qrb0=",
    "last_login": null,
    "is_superuser": false,
    "names": "Nickolas Gaylord",
    "username": "0565508268",
    "dni": "0565508268",
    "image": "",
    "email": "kody.mitchell11@yahoo.com",
    "is_active": true,
    "is_staff": false,
    "date_joined": "2022-12-05T19:09:26.519Z",
    "is_change_password": false,
    "email_reset_token": null,
    "groups": [
      2
    ],
    "user_permissions": []
  }
},
{
  "model": "user.user",
  "pk": 237,
  "fields": {
    "password": "pbkdf2_sha256$320000$YooRqdIES93x6dqMaDF3ts$FEcKyQfJyRFoKtFy49ZtrzbtQ2wLb3ZH4JF/OHM174o=",
    "last_login": null,
    "is_superuser": false,
    "names": "Cornelius Hammes",
    "username": "0610110360",
    "dni": "0610110360",
    "image": "",
    "email": "lenna27@gmail.com",
    "is_active": true,
    "is_staff": false,
    "date_joined": "2022-12-05T19:09:28.075Z",
    "is_change_password": false,
    "email_reset_token": null,
    "groups": [
      2
    ],
    "user_permissions": []
  }
},
{
  "model": "user.user",
  "pk": 238,
  "fields": {
    "password": "pbkdf2_sha256$320000$KYtqLf9Ws4u9s9MbAKPbcR$Y8HZDTXD9vzIucC4yQJ3Tp9jimqz47mFTQLhpcijfGs=",
    "last_login": null,
    "is_superuser": false,
    "names": "Bertram Hamill",
    "username": "0712281008",
    "dni": "0712281008",
    "image": "",
    "email": "arch98@gmail.com",
    "is_active": true,
    "is_staff": false,
    "date_joined": "2022-12-05T19:09:28.639Z",
    "is_change_password": false,
    "email_reset_token": null,
    "groups": [
      2
    ],
    "user_permissions": []
  }
},
{
  "model": "erp.company",
  "pk": 1,
  "fields": {
    "name": "Leon Roses",
    "ruc": "0896253700653",
    "address": "Isidoro Guachamin Oe4-07 y, Quito 170301",
    "mobile": "0842578792",
    "phone": "2750263",
    "email": "leonroses@hotmail.com",
    "website": "https://viverosdavid.com",
    "description": "Nos dedicamos a la producción y comercialización de plantas ornamentales, árboles nativos y frutales. Prestamos servicio de paisajismo y suministro de insumos, brindamos asesoría y capacitación.",
    "mission": "Somos una empresa dedicada a la producción y comercialización de plantas ornamentales, árboles nativos y frutales. Prestamos servicio de paisajismo y suministro de insumos, brindamos asesoría y capacitación.",
    "vision": "Liderar la producción de plantas frutales a nivel nacional, elevar los estándares de calidad y aumentar la competitividad de la fruticultura chilena a través de la investigación e innovación.",
    "about_us": "Somos una empresa que ha avanzando acorde a las necesidades del mercado frutícola, buscando mejorar y perfeccionar día a día la cadena de procesos del ciclo de propagación de plantas, para finalmente entregar plantas con un potencial productivo superior.",
    "image": "company/2022/11/29/2189582_ecology_green_leaf_plant_spring_icon.png",
    "iva": "12.00",
    "latitude": "-0.1081098",
    "longitude": "-78.4776123"
  }
},
{
  "model": "erp.headings",
  "pk": 1,
  "fields": {
    "name": "IESS",
    "type": "ingress",
    "calculation_method": "salary",
    "percent": "9.35",
    "valor": 0.0935,
    "state": true
  }
},
{
  "model": "erp.headings",
  "pk": 2,
  "fields": {
    "name": "SEGURO MEDICO",
    "type": "ingress",
    "calculation_method": "salary",
    "percent": "2.50",
    "valor": 0.025,
    "state": true
  }
},
{
  "model": "erp.headings",
  "pk": 3,
  "fields": {
    "name": "ALIMENTACIÓN",
    "type": "ingress",
    "calculation_method": "value",
    "percent": "0.00",
    "valor": 0.0,
    "state": true
  }
},
{
  "model": "erp.headings",
  "pk": 4,
  "fields": {
    "name": "HORAS EXTRA",
    "type": "egress",
    "calculation_method": "amount",
    "percent": "0.00",
    "valor": 0.0,
    "state": true
  }
},
{
  "model": "erp.employee",
  "pk": 1,
  "fields": {
    "date_joined": "2022-11-26",
    "names": "Johann Hintz",
    "dni": "0020298467",
    "mobile": "0450508271",
    "email": "concepcion_kiehn@hotmail.com",
    "address": "Congo",
    "rmu": "585.00",
    "state": true,
    "headings": [
      4,
      3,
      2,
      1
    ]
  }
},
{
  "model": "erp.employee",
  "pk": 2,
  "fields": {
    "date_joined": "2022-11-26",
    "names": "Cruz Harber",
    "dni": "0677216731",
    "mobile": "0530974365",
    "email": "blaze84@yahoo.com",
    "address": "Lesotho",
    "rmu": "444.00",
    "state": true,
    "headings": [
      4,
      3,
      2,
      1
    ]
  }
},
{
  "model": "erp.employee",
  "pk": 3,
  "fields": {
    "date_joined": "2022-11-26",
    "names": "Melba Stiedemann",
    "dni": "0800360640",
    "mobile": "0828378052",
    "email": "vanessa27@hotmail.com",
    "address": "Andorra",
    "rmu": "529.00",
    "state": true,
    "headings": [
      4,
      3,
      2,
      1
    ]
  }
},
{
  "model": "erp.assistance",
  "pk": 1,
  "fields": {
    "date_joined": "2022-11-01",
    "employee": 3,
    "details": "Sin detalles",
    "state": false
  }
},
{
  "model": "erp.assistance",
  "pk": 2,
  "fields": {
    "date_joined": "2022-11-02",
    "employee": 3,
    "details": "Sin detalles",
    "state": false
  }
},
{
  "model": "erp.assistance",
  "pk": 3,
  "fields": {
    "date_joined": "2022-11-03",
    "employee": 3,
    "details": "Sin detalles",
    "state": false
  }
},
{
  "model": "erp.assistance",
  "pk": 4,
  "fields": {
    "date_joined": "2022-11-04",
    "employee": 3,
    "details": "Sin detalles",
    "state": true
  }
},
{
  "model": "erp.assistance",
  "pk": 5,
  "fields": {
    "date_joined": "2022-11-05",
    "employee": 3,
    "details": "Sin detalles",
    "state": true
  }
},
{
  "model": "erp.assistance",
  "pk": 6,
  "fields": {
    "date_joined": "2022-11-06",
    "employee": 3,
    "details": "Sin detalles",
    "state": true
  }
},
{
  "model": "erp.assistance",
  "pk": 7,
  "fields": {
    "date_joined": "2022-11-07",
    "employee": 3,
    "details": "Sin detalles",
    "state": true
  }
},
{
  "model": "erp.assistance",
  "pk": 8,
  "fields": {
    "date_joined": "2022-11-08",
    "employee": 3,
    "details": "Sin detalles",
    "state": true
  }
},
{
  "model": "erp.assistance",
  "pk": 9,
  "fields": {
    "date_joined": "2022-11-09",
    "employee": 3,
    "details": "Sin detalles",
    "state": true
  }
},
{
  "model": "erp.assistance",
  "pk": 10,
  "fields": {
    "date_joined": "2022-11-10",
    "employee": 3,
    "details": "Sin detalles",
    "state": false
  }
},
{
  "model": "erp.assistance",
  "pk": 11,
  "fields": {
    "date_joined": "2022-11-11",
    "employee": 3,
    "details": "Sin detalles",
    "state": false
  }
},
{
  "model": "erp.assistance",
  "pk": 12,
  "fields": {
    "date_joined": "2022-11-12",
    "employee": 3,
    "details": "Sin detalles",
    "state": false
  }
},
{
  "model": "erp.assistance",
  "pk": 13,
  "fields": {
    "date_joined": "2022-11-13",
    "employee": 3,
    "details": "Sin detalles",
    "state": true
  }
},
{
  "model": "erp.assistance",
  "pk": 14,
  "fields": {
    "date_joined": "2022-11-14",
    "employee": 3,
    "details": "Sin detalles",
    "state": true
  }
},
{
  "model": "erp.assistance",
  "pk": 15,
  "fields": {
    "date_joined": "2022-11-15",
    "employee": 3,
    "details": "Sin detalles",
    "state": false
  }
},
{
  "model": "erp.assistance",
  "pk": 16,
  "fields": {
    "date_joined": "2022-11-16",
    "employee": 3,
    "details": "Sin detalles",
    "state": false
  }
},
{
  "model": "erp.assistance",
  "pk": 17,
  "fields": {
    "date_joined": "2022-11-17",
    "employee": 3,
    "details": "Sin detalles",
    "state": true
  }
},
{
  "model": "erp.assistance",
  "pk": 18,
  "fields": {
    "date_joined": "2022-11-18",
    "employee": 3,
    "details": "Sin detalles",
    "state": false
  }
},
{
  "model": "erp.assistance",
  "pk": 19,
  "fields": {
    "date_joined": "2022-11-19",
    "employee": 3,
    "details": "Sin detalles",
    "state": false
  }
},
{
  "model": "erp.assistance",
  "pk": 20,
  "fields": {
    "date_joined": "2022-11-20",
    "employee": 3,
    "details": "Sin detalles",
    "state": false
  }
},
{
  "model": "erp.assistance",
  "pk": 21,
  "fields": {
    "date_joined": "2022-11-21",
    "employee": 3,
    "details": "Sin detalles",
    "state": false
  }
},
{
  "model": "erp.assistance",
  "pk": 22,
  "fields": {
    "date_joined": "2022-11-22",
    "employee": 3,
    "details": "Sin detalles",
    "state": false
  }
},
{
  "model": "erp.assistance",
  "pk": 23,
  "fields": {
    "date_joined": "2022-11-23",
    "employee": 3,
    "details": "Sin detalles",
    "state": false
  }
},
{
  "model": "erp.assistance",
  "pk": 24,
  "fields": {
    "date_joined": "2022-11-24",
    "employee": 3,
    "details": "Sin detalles",
    "state": true
  }
},
{
  "model": "erp.assistance",
  "pk": 25,
  "fields": {
    "date_joined": "2022-11-25",
    "employee": 3,
    "details": "Sin detalles",
    "state": false
  }
},
{
  "model": "erp.assistance",
  "pk": 26,
  "fields": {
    "date_joined": "2022-11-26",
    "employee": 3,
    "details": "Sin detalles",
    "state": false
  }
},
{
  "model": "erp.assistance",
  "pk": 27,
  "fields": {
    "date_joined": "2022-11-27",
    "employee": 3,
    "details": "Sin detalles",
    "state": true
  }
},
{
  "model": "erp.assistance",
  "pk": 28,
  "fields": {
    "date_joined": "2022-11-28",
    "employee": 3,
    "details": "Sin detalles",
    "state": false
  }
},
{
  "model": "erp.assistance",
  "pk": 29,
  "fields": {
    "date_joined": "2022-11-29",
    "employee": 3,
    "details": "Sin detalles",
    "state": true
  }
},
{
  "model": "erp.assistance",
  "pk": 30,
  "fields": {
    "date_joined": "2022-11-01",
    "employee": 2,
    "details": "Sin detalles",
    "state": false
  }
},
{
  "model": "erp.assistance",
  "pk": 31,
  "fields": {
    "date_joined": "2022-11-02",
    "employee": 2,
    "details": "Sin detalles",
    "state": false
  }
},
{
  "model": "erp.assistance",
  "pk": 32,
  "fields": {
    "date_joined": "2022-11-03",
    "employee": 2,
    "details": "Sin detalles",
    "state": false
  }
},
{
  "model": "erp.assistance",
  "pk": 33,
  "fields": {
    "date_joined": "2022-11-04",
    "employee": 2,
    "details": "Sin detalles",
    "state": false
  }
},
{
  "model": "erp.assistance",
  "pk": 34,
  "fields": {
    "date_joined": "2022-11-05",
    "employee": 2,
    "details": "Sin detalles",
    "state": true
  }
},
{
  "model": "erp.assistance",
  "pk": 35,
  "fields": {
    "date_joined": "2022-11-06",
    "employee": 2,
    "details": "Sin detalles",
    "state": false
  }
},
{
  "model": "erp.assistance",
  "pk": 36,
  "fields": {
    "date_joined": "2022-11-07",
    "employee": 2,
    "details": "Sin detalles",
    "state": false
  }
},
{
  "model": "erp.assistance",
  "pk": 37,
  "fields": {
    "date_joined": "2022-11-08",
    "employee": 2,
    "details": "Sin detalles",
    "state": false
  }
},
{
  "model": "erp.assistance",
  "pk": 38,
  "fields": {
    "date_joined": "2022-11-09",
    "employee": 2,
    "details": "Sin detalles",
    "state": false
  }
},
{
  "model": "erp.assistance",
  "pk": 39,
  "fields": {
    "date_joined": "2022-11-10",
    "employee": 2,
    "details": "Sin detalles",
    "state": true
  }
},
{
  "model": "erp.assistance",
  "pk": 40,
  "fields": {
    "date_joined": "2022-11-11",
    "employee": 2,
    "details": "Sin detalles",
    "state": false
  }
},
{
  "model": "erp.assistance",
  "pk": 41,
  "fields": {
    "date_joined": "2022-11-12",
    "employee": 2,
    "details": "Sin detalles",
    "state": true
  }
},
{
  "model": "erp.assistance",
  "pk": 42,
  "fields": {
    "date_joined": "2022-11-13",
    "employee": 2,
    "details": "Sin detalles",
    "state": false
  }
},
{
  "model": "erp.assistance",
  "pk": 43,
  "fields": {
    "date_joined": "2022-11-14",
    "employee": 2,
    "details": "Sin detalles",
    "state": true
  }
},
{
  "model": "erp.assistance",
  "pk": 44,
  "fields": {
    "date_joined": "2022-11-15",
    "employee": 2,
    "details": "Sin detalles",
    "state": false
  }
},
{
  "model": "erp.assistance",
  "pk": 45,
  "fields": {
    "date_joined": "2022-11-16",
    "employee": 2,
    "details": "Sin detalles",
    "state": false
  }
},
{
  "model": "erp.assistance",
  "pk": 46,
  "fields": {
    "date_joined": "2022-11-17",
    "employee": 2,
    "details": "Sin detalles",
    "state": false
  }
},
{
  "model": "erp.assistance",
  "pk": 47,
  "fields": {
    "date_joined": "2022-11-18",
    "employee": 2,
    "details": "Sin detalles",
    "state": false
  }
},
{
  "model": "erp.assistance",
  "pk": 48,
  "fields": {
    "date_joined": "2022-11-19",
    "employee": 2,
    "details": "Sin detalles",
    "state": false
  }
},
{
  "model": "erp.assistance",
  "pk": 49,
  "fields": {
    "date_joined": "2022-11-20",
    "employee": 2,
    "details": "Sin detalles",
    "state": true
  }
},
{
  "model": "erp.assistance",
  "pk": 50,
  "fields": {
    "date_joined": "2022-11-21",
    "employee": 2,
    "details": "Sin detalles",
    "state": false
  }
},
{
  "model": "erp.assistance",
  "pk": 51,
  "fields": {
    "date_joined": "2022-11-22",
    "employee": 2,
    "details": "Sin detalles",
    "state": false
  }
},
{
  "model": "erp.assistance",
  "pk": 52,
  "fields": {
    "date_joined": "2022-11-23",
    "employee": 2,
    "details": "Sin detalles",
    "state": false
  }
},
{
  "model": "erp.assistance",
  "pk": 53,
  "fields": {
    "date_joined": "2022-11-24",
    "employee": 2,
    "details": "Sin detalles",
    "state": false
  }
},
{
  "model": "erp.assistance",
  "pk": 54,
  "fields": {
    "date_joined": "2022-11-25",
    "employee": 2,
    "details": "Sin detalles",
    "state": false
  }
},
{
  "model": "erp.assistance",
  "pk": 55,
  "fields": {
    "date_joined": "2022-11-26",
    "employee": 2,
    "details": "Sin detalles",
    "state": false
  }
},
{
  "model": "erp.assistance",
  "pk": 56,
  "fields": {
    "date_joined": "2022-11-27",
    "employee": 2,
    "details": "Sin detalles",
    "state": true
  }
},
{
  "model": "erp.assistance",
  "pk": 57,
  "fields": {
    "date_joined": "2022-11-28",
    "employee": 2,
    "details": "Sin detalles",
    "state": true
  }
},
{
  "model": "erp.assistance",
  "pk": 58,
  "fields": {
    "date_joined": "2022-11-29",
    "employee": 2,
    "details": "Sin detalles",
    "state": true
  }
},
{
  "model": "erp.assistance",
  "pk": 59,
  "fields": {
    "date_joined": "2022-11-01",
    "employee": 1,
    "details": "Sin detalles",
    "state": false
  }
},
{
  "model": "erp.assistance",
  "pk": 60,
  "fields": {
    "date_joined": "2022-11-02",
    "employee": 1,
    "details": "Sin detalles",
    "state": true
  }
},
{
  "model": "erp.assistance",
  "pk": 61,
  "fields": {
    "date_joined": "2022-11-03",
    "employee": 1,
    "details": "Sin detalles",
    "state": true
  }
},
{
  "model": "erp.assistance",
  "pk": 62,
  "fields": {
    "date_joined": "2022-11-04",
    "employee": 1,
    "details": "Sin detalles",
    "state": true
  }
},
{
  "model": "erp.assistance",
  "pk": 63,
  "fields": {
    "date_joined": "2022-11-05",
    "employee": 1,
    "details": "Sin detalles",
    "state": false
  }
},
{
  "model": "erp.assistance",
  "pk": 64,
  "fields": {
    "date_joined": "2022-11-06",
    "employee": 1,
    "details": "Sin detalles",
    "state": true
  }
},
{
  "model": "erp.assistance",
  "pk": 65,
  "fields": {
    "date_joined": "2022-11-07",
    "employee": 1,
    "details": "Sin detalles",
    "state": false
  }
},
{
  "model": "erp.assistance",
  "pk": 66,
  "fields": {
    "date_joined": "2022-11-08",
    "employee": 1,
    "details": "Sin detalles",
    "state": false
  }
},
{
  "model": "erp.assistance",
  "pk": 67,
  "fields": {
    "date_joined": "2022-11-09",
    "employee": 1,
    "details": "Sin detalles",
    "state": false
  }
},
{
  "model": "erp.assistance",
  "pk": 68,
  "fields": {
    "date_joined": "2022-11-10",
    "employee": 1,
    "details": "Sin detalles",
    "state": false
  }
},
{
  "model": "erp.assistance",
  "pk": 69,
  "fields": {
    "date_joined": "2022-11-11",
    "employee": 1,
    "details": "Sin detalles",
    "state": false
  }
},
{
  "model": "erp.assistance",
  "pk": 70,
  "fields": {
    "date_joined": "2022-11-12",
    "employee": 1,
    "details": "Sin detalles",
    "state": false
  }
},
{
  "model": "erp.assistance",
  "pk": 71,
  "fields": {
    "date_joined": "2022-11-13",
    "employee": 1,
    "details": "Sin detalles",
    "state": true
  }
},
{
  "model": "erp.assistance",
  "pk": 72,
  "fields": {
    "date_joined": "2022-11-14",
    "employee": 1,
    "details": "Sin detalles",
    "state": false
  }
},
{
  "model": "erp.assistance",
  "pk": 73,
  "fields": {
    "date_joined": "2022-11-15",
    "employee": 1,
    "details": "Sin detalles",
    "state": false
  }
},
{
  "model": "erp.assistance",
  "pk": 74,
  "fields": {
    "date_joined": "2022-11-16",
    "employee": 1,
    "details": "Sin detalles",
    "state": true
  }
},
{
  "model": "erp.assistance",
  "pk": 75,
  "fields": {
    "date_joined": "2022-11-17",
    "employee": 1,
    "details": "Sin detalles",
    "state": true
  }
},
{
  "model": "erp.assistance",
  "pk": 76,
  "fields": {
    "date_joined": "2022-11-18",
    "employee": 1,
    "details": "Sin detalles",
    "state": true
  }
},
{
  "model": "erp.assistance",
  "pk": 77,
  "fields": {
    "date_joined": "2022-11-19",
    "employee": 1,
    "details": "Sin detalles",
    "state": false
  }
},
{
  "model": "erp.assistance",
  "pk": 78,
  "fields": {
    "date_joined": "2022-11-20",
    "employee": 1,
    "details": "Sin detalles",
    "state": true
  }
},
{
  "model": "erp.assistance",
  "pk": 79,
  "fields": {
    "date_joined": "2022-11-21",
    "employee": 1,
    "details": "Sin detalles",
    "state": true
  }
},
{
  "model": "erp.assistance",
  "pk": 80,
  "fields": {
    "date_joined": "2022-11-22",
    "employee": 1,
    "details": "Sin detalles",
    "state": true
  }
},
{
  "model": "erp.assistance",
  "pk": 81,
  "fields": {
    "date_joined": "2022-11-23",
    "employee": 1,
    "details": "Sin detalles",
    "state": true
  }
},
{
  "model": "erp.assistance",
  "pk": 82,
  "fields": {
    "date_joined": "2022-11-24",
    "employee": 1,
    "details": "Sin detalles",
    "state": false
  }
},
{
  "model": "erp.assistance",
  "pk": 83,
  "fields": {
    "date_joined": "2022-11-25",
    "employee": 1,
    "details": "Sin detalles",
    "state": true
  }
},
{
  "model": "erp.assistance",
  "pk": 84,
  "fields": {
    "date_joined": "2022-11-26",
    "employee": 1,
    "details": "Sin detalles",
    "state": true
  }
},
{
  "model": "erp.assistance",
  "pk": 85,
  "fields": {
    "date_joined": "2022-11-27",
    "employee": 1,
    "details": "Sin detalles",
    "state": false
  }
},
{
  "model": "erp.assistance",
  "pk": 86,
  "fields": {
    "date_joined": "2022-11-28",
    "employee": 1,
    "details": "Sin detalles",
    "state": true
  }
},
{
  "model": "erp.assistance",
  "pk": 87,
  "fields": {
    "date_joined": "2022-11-29",
    "employee": 1,
    "details": "Sin detalles",
    "state": false
  }
},
{
  "model": "erp.salary",
  "pk": 19,
  "fields": {
    "date_joined": "2022-11-26",
    "employee": 2,
    "year": 2022,
    "month": 11,
    "days_work": 8,
    "salary_by_day": "18.50",
    "rmu_contract": "444.00",
    "rmu_month": "148.00",
    "ingress": "17.54",
    "egress": "0.00",
    "discounts": "0.00",
    "loan_discount": "50.00",
    "total": "80.46"
  }
},
{
  "model": "erp.salary",
  "pk": 20,
  "fields": {
    "date_joined": "2022-11-26",
    "employee": 1,
    "year": 2022,
    "month": 11,
    "days_work": 15,
    "salary_by_day": "24.38",
    "rmu_contract": "585.00",
    "rmu_month": "365.62",
    "ingress": "43.33",
    "egress": "0.00",
    "discounts": "0.00",
    "loan_discount": "0.00",
    "total": "322.30"
  }
},
{
  "model": "erp.salary",
  "pk": 21,
  "fields": {
    "date_joined": "2022-11-26",
    "employee": 3,
    "year": 2022,
    "month": 11,
    "days_work": 12,
    "salary_by_day": "22.04",
    "rmu_contract": "529.00",
    "rmu_month": "264.50",
    "ingress": "31.34",
    "egress": "0.00",
    "discounts": "0.00",
    "loan_discount": "100.00",
    "total": "133.16"
  }
},
{
  "model": "erp.salarydetail",
  "pk": 73,
  "fields": {
    "salary": 19,
    "headings": 3,
    "valor": 0.0,
    "total": "0.00"
  }
},
{
  "model": "erp.salarydetail",
  "pk": 74,
  "fields": {
    "salary": 19,
    "headings": 2,
    "valor": 148.0,
    "total": "3.70"
  }
},
{
  "model": "erp.salarydetail",
  "pk": 75,
  "fields": {
    "salary": 19,
    "headings": 1,
    "valor": 148.0,
    "total": "13.84"
  }
},
{
  "model": "erp.salarydetail",
  "pk": 76,
  "fields": {
    "salary": 19,
    "headings": 4,
    "valor": 0.0,
    "total": "0.00"
  }
},
{
  "model": "erp.salarydetail",
  "pk": 77,
  "fields": {
    "salary": 20,
    "headings": 3,
    "valor": 0.0,
    "total": "0.00"
  }
},
{
  "model": "erp.salarydetail",
  "pk": 78,
  "fields": {
    "salary": 20,
    "headings": 2,
    "valor": 365.625,
    "total": "9.14"
  }
},
{
  "model": "erp.salarydetail",
  "pk": 79,
  "fields": {
    "salary": 20,
    "headings": 1,
    "valor": 365.625,
    "total": "34.19"
  }
},
{
  "model": "erp.salarydetail",
  "pk": 80,
  "fields": {
    "salary": 20,
    "headings": 4,
    "valor": 0.0,
    "total": "0.00"
  }
},
{
  "model": "erp.salarydetail",
  "pk": 81,
  "fields": {
    "salary": 21,
    "headings": 3,
    "valor": 0.0,
    "total": "0.00"
  }
},
{
  "model": "erp.salarydetail",
  "pk": 82,
  "fields": {
    "salary": 21,
    "headings": 2,
    "valor": 264.5,
    "total": "6.61"
  }
},
{
  "model": "erp.salarydetail",
  "pk": 83,
  "fields": {
    "salary": 21,
    "headings": 1,
    "valor": 264.5,
    "total": "24.73"
  }
},
{
  "model": "erp.salarydetail",
  "pk": 84,
  "fields": {
    "salary": 21,
    "headings": 4,
    "valor": 0.0,
    "total": "0.00"
  }
},
{
  "model": "erp.loans",
  "pk": 1,
  "fields": {
    "date_joined": "2022-11-26",
    "employee": 3,
    "valor": "500.00",
    "saldo": "400.00",
    "quota": 5,
    "role_discount": "100.00",
    "state": true
  }
},
{
  "model": "erp.loans",
  "pk": 2,
  "fields": {
    "date_joined": "2022-11-26",
    "employee": 2,
    "valor": "50.00",
    "saldo": "0.00",
    "quota": 1,
    "role_discount": "50.00",
    "state": false
  }
},
{
  "model": "erp.loanpayments",
  "pk": 5,
  "fields": {
    "loans": 2,
    "salary": 19,
    "date_joined": "2022-11-26",
    "valor": "50.00"
  }
},
{
  "model": "erp.loanpayments",
  "pk": 6,
  "fields": {
    "loans": 1,
    "salary": 21,
    "date_joined": "2022-11-26",
    "valor": "100.00"
  }
},
{
  "model": "erp.client",
  "pk": 1,
  "fields": {
    "creation_date": "2022-03-01",
    "user": 2,
    "mobile": "0624491116",
    "birthdate": "2012-01-18",
    "address": "Switzerland"
  }
},
{
  "model": "erp.client",
  "pk": 2,
  "fields": {
    "creation_date": "2022-05-17",
    "user": 3,
    "mobile": "0205802355",
    "birthdate": "1985-08-08",
    "address": "Democratic People's Republic of Korea"
  }
},
{
  "model": "erp.client",
  "pk": 3,
  "fields": {
    "creation_date": "2022-12-09",
    "user": 4,
    "mobile": "0458695947",
    "birthdate": "1979-03-19",
    "address": "Tunisia"
  }
},
{
  "model": "erp.client",
  "pk": 4,
  "fields": {
    "creation_date": "2022-03-05",
    "user": 5,
    "mobile": "0864166363",
    "birthdate": "1971-10-13",
    "address": "Chad"
  }
},
{
  "model": "erp.client",
  "pk": 5,
  "fields": {
    "creation_date": "2022-05-07",
    "user": 6,
    "mobile": "0440590796",
    "birthdate": "1975-06-02",
    "address": "Swaziland"
  }
},
{
  "model": "erp.client",
  "pk": 6,
  "fields": {
    "creation_date": "2022-04-23",
    "user": 7,
    "mobile": "0583057251",
    "birthdate": "1979-03-07",
    "address": "Lebanon"
  }
},
{
  "model": "erp.client",
  "pk": 7,
  "fields": {
    "creation_date": "2022-02-17",
    "user": 8,
    "mobile": "0427224829",
    "birthdate": "2005-05-21",
    "address": "Egypt"
  }
},
{
  "model": "erp.client",
  "pk": 8,
  "fields": {
    "creation_date": "2022-07-02",
    "user": 9,
    "mobile": "0235351815",
    "birthdate": "2005-06-18",
    "address": "Israel"
  }
},
{
  "model": "erp.client",
  "pk": 9,
  "fields": {
    "creation_date": "2022-11-28",
    "user": 10,
    "mobile": "0524284943",
    "birthdate": "2004-03-20",
    "address": "Macao"
  }
},
{
  "model": "erp.client",
  "pk": 10,
  "fields": {
    "creation_date": "2022-05-25",
    "user": 11,
    "mobile": "0124801563",
    "birthdate": "1988-01-16",
    "address": "Congo"
  }
},
{
  "model": "erp.client",
  "pk": 12,
  "fields": {
    "creation_date": "2022-04-18",
    "user": 13,
    "mobile": "0979014551",
    "birthdate": "2022-11-28",
    "address": "Milagro, Ecuador"
  }
},
{
  "model": "erp.client",
  "pk": 13,
  "fields": {
    "creation_date": "2022-05-04",
    "user": 14,
    "mobile": "0371260625",
    "birthdate": "1995-06-10",
    "address": "Tuvalu"
  }
},
{
  "model": "erp.client",
  "pk": 14,
  "fields": {
    "creation_date": "2022-05-05",
    "user": 15,
    "mobile": "0627290533",
    "birthdate": "1990-07-28",
    "address": "Burkina Faso"
  }
},
{
  "model": "erp.client",
  "pk": 15,
  "fields": {
    "creation_date": "2022-01-14",
    "user": 16,
    "mobile": "0076351651",
    "birthdate": "1983-01-22",
    "address": "Bahamas"
  }
},
{
  "model": "erp.client",
  "pk": 16,
  "fields": {
    "creation_date": "2022-01-08",
    "user": 17,
    "mobile": "0498451808",
    "birthdate": "2002-07-19",
    "address": "Guam"
  }
},
{
  "model": "erp.client",
  "pk": 17,
  "fields": {
    "creation_date": "2022-01-22",
    "user": 18,
    "mobile": "0186706755",
    "birthdate": "1999-04-24",
    "address": "Indonesia"
  }
},
{
  "model": "erp.client",
  "pk": 18,
  "fields": {
    "creation_date": "2022-06-16",
    "user": 19,
    "mobile": "0181368690",
    "birthdate": "1998-11-21",
    "address": "El Salvador"
  }
},
{
  "model": "erp.client",
  "pk": 19,
  "fields": {
    "creation_date": "2022-10-02",
    "user": 20,
    "mobile": "0174599815",
    "birthdate": "1996-09-16",
    "address": "Gabon"
  }
},
{
  "model": "erp.client",
  "pk": 20,
  "fields": {
    "creation_date": "2022-05-10",
    "user": 21,
    "mobile": "0217155909",
    "birthdate": "1999-09-12",
    "address": "Hungary"
  }
},
{
  "model": "erp.client",
  "pk": 21,
  "fields": {
    "creation_date": "2022-06-07",
    "user": 22,
    "mobile": "0178514294",
    "birthdate": "1981-06-27",
    "address": "Guyana"
  }
},
{
  "model": "erp.client",
  "pk": 22,
  "fields": {
    "creation_date": "2022-11-11",
    "user": 23,
    "mobile": "0244877041",
    "birthdate": "2000-05-13",
    "address": "Cameroon"
  }
},
{
  "model": "erp.client",
  "pk": 23,
  "fields": {
    "creation_date": "2022-08-06",
    "user": 24,
    "mobile": "0694394140",
    "birthdate": "2000-11-16",
    "address": "Sweden"
  }
},
{
  "model": "erp.client",
  "pk": 24,
  "fields": {
    "creation_date": "2022-08-24",
    "user": 25,
    "mobile": "0832304170",
    "birthdate": "1986-12-28",
    "address": "Bhutan"
  }
},
{
  "model": "erp.client",
  "pk": 25,
  "fields": {
    "creation_date": "2022-10-20",
    "user": 26,
    "mobile": "0162901186",
    "birthdate": "1975-12-02",
    "address": "Holy See (Vatican City State)"
  }
},
{
  "model": "erp.client",
  "pk": 26,
  "fields": {
    "creation_date": "2022-12-22",
    "user": 27,
    "mobile": "0849669503",
    "birthdate": "1987-06-05",
    "address": "United States of America"
  }
},
{
  "model": "erp.client",
  "pk": 27,
  "fields": {
    "creation_date": "2022-09-01",
    "user": 28,
    "mobile": "0758368691",
    "birthdate": "1981-11-24",
    "address": "Canada"
  }
},
{
  "model": "erp.client",
  "pk": 28,
  "fields": {
    "creation_date": "2022-04-28",
    "user": 29,
    "mobile": "0223207069",
    "birthdate": "1993-06-03",
    "address": "Grenada"
  }
},
{
  "model": "erp.client",
  "pk": 29,
  "fields": {
    "creation_date": "2022-08-23",
    "user": 30,
    "mobile": "0353824080",
    "birthdate": "1980-03-01",
    "address": "Bangladesh"
  }
},
{
  "model": "erp.client",
  "pk": 30,
  "fields": {
    "creation_date": "2022-03-25",
    "user": 31,
    "mobile": "0920302084",
    "birthdate": "2001-10-23",
    "address": "Poland"
  }
},
{
  "model": "erp.client",
  "pk": 31,
  "fields": {
    "creation_date": "2022-12-04",
    "user": 32,
    "mobile": "0771145411",
    "birthdate": "1977-10-15",
    "address": "Bouvet Island (Bouvetoya)"
  }
},
{
  "model": "erp.client",
  "pk": 32,
  "fields": {
    "creation_date": "2022-02-01",
    "user": 33,
    "mobile": "0318285129",
    "birthdate": "1991-09-22",
    "address": "Somalia"
  }
},
{
  "model": "erp.client",
  "pk": 33,
  "fields": {
    "creation_date": "2022-05-10",
    "user": 34,
    "mobile": "0324564133",
    "birthdate": "1973-03-28",
    "address": "Brazil"
  }
},
{
  "model": "erp.client",
  "pk": 34,
  "fields": {
    "creation_date": "2022-01-03",
    "user": 35,
    "mobile": "0558689983",
    "birthdate": "1992-06-11",
    "address": "Barbados"
  }
},
{
  "model": "erp.client",
  "pk": 35,
  "fields": {
    "creation_date": "2022-02-03",
    "user": 36,
    "mobile": "0094131067",
    "birthdate": "1974-01-28",
    "address": "Bhutan"
  }
},
{
  "model": "erp.client",
  "pk": 36,
  "fields": {
    "creation_date": "2022-02-23",
    "user": 37,
    "mobile": "0400381984",
    "birthdate": "1999-06-01",
    "address": "Monaco"
  }
},
{
  "model": "erp.client",
  "pk": 37,
  "fields": {
    "creation_date": "2022-08-10",
    "user": 38,
    "mobile": "0165901726",
    "birthdate": "1971-01-03",
    "address": "Martinique"
  }
},
{
  "model": "erp.client",
  "pk": 38,
  "fields": {
    "creation_date": "2022-07-22",
    "user": 39,
    "mobile": "0731970775",
    "birthdate": "1992-12-16",
    "address": "Sudan"
  }
},
{
  "model": "erp.client",
  "pk": 39,
  "fields": {
    "creation_date": "2022-10-06",
    "user": 40,
    "mobile": "0053543964",
    "birthdate": "1984-05-11",
    "address": "Bulgaria"
  }
},
{
  "model": "erp.client",
  "pk": 40,
  "fields": {
    "creation_date": "2022-11-02",
    "user": 41,
    "mobile": "0020318992",
    "birthdate": "1979-11-10",
    "address": "Thailand"
  }
},
{
  "model": "erp.client",
  "pk": 41,
  "fields": {
    "creation_date": "2022-07-16",
    "user": 42,
    "mobile": "0048675705",
    "birthdate": "2002-07-11",
    "address": "Portugal"
  }
},
{
  "model": "erp.client",
  "pk": 42,
  "fields": {
    "creation_date": "2022-11-01",
    "user": 43,
    "mobile": "0599094586",
    "birthdate": "1989-04-12",
    "address": "Maldives"
  }
},
{
  "model": "erp.client",
  "pk": 43,
  "fields": {
    "creation_date": "2022-10-13",
    "user": 44,
    "mobile": "0570762094",
    "birthdate": "2003-03-11",
    "address": "Egypt"
  }
},
{
  "model": "erp.client",
  "pk": 44,
  "fields": {
    "creation_date": "2022-03-26",
    "user": 45,
    "mobile": "0329649838",
    "birthdate": "1986-04-24",
    "address": "Uzbekistan"
  }
},
{
  "model": "erp.client",
  "pk": 45,
  "fields": {
    "creation_date": "2022-12-20",
    "user": 46,
    "mobile": "0934253202",
    "birthdate": "1987-01-21",
    "address": "Kyrgyz Republic"
  }
},
{
  "model": "erp.client",
  "pk": 46,
  "fields": {
    "creation_date": "2022-04-18",
    "user": 47,
    "mobile": "0195873044",
    "birthdate": "1985-09-15",
    "address": "San Marino"
  }
},
{
  "model": "erp.client",
  "pk": 47,
  "fields": {
    "creation_date": "2022-12-07",
    "user": 48,
    "mobile": "0542508628",
    "birthdate": "1971-03-21",
    "address": "Philippines"
  }
},
{
  "model": "erp.client",
  "pk": 48,
  "fields": {
    "creation_date": "2022-07-02",
    "user": 49,
    "mobile": "0488207539",
    "birthdate": "1990-10-09",
    "address": "Solomon Islands"
  }
},
{
  "model": "erp.client",
  "pk": 49,
  "fields": {
    "creation_date": "2022-12-20",
    "user": 50,
    "mobile": "0089869582",
    "birthdate": "1996-07-26",
    "address": "Cote d'Ivoire"
  }
},
{
  "model": "erp.client",
  "pk": 50,
  "fields": {
    "creation_date": "2022-02-28",
    "user": 51,
    "mobile": "0403737231",
    "birthdate": "1979-12-05",
    "address": "Niue"
  }
},
{
  "model": "erp.client",
  "pk": 51,
  "fields": {
    "creation_date": "2022-09-18",
    "user": 52,
    "mobile": "0319600204",
    "birthdate": "1982-01-07",
    "address": "Hungary"
  }
},
{
  "model": "erp.client",
  "pk": 52,
  "fields": {
    "creation_date": "2022-12-05",
    "user": 53,
    "mobile": "0574460531",
    "birthdate": "1991-06-18",
    "address": "Cote d'Ivoire"
  }
},
{
  "model": "erp.client",
  "pk": 53,
  "fields": {
    "creation_date": "2022-11-03",
    "user": 54,
    "mobile": "0947633097",
    "birthdate": "1996-06-12",
    "address": "Faroe Islands"
  }
},
{
  "model": "erp.client",
  "pk": 54,
  "fields": {
    "creation_date": "2022-02-17",
    "user": 55,
    "mobile": "0599276257",
    "birthdate": "1998-05-02",
    "address": "Portugal"
  }
},
{
  "model": "erp.client",
  "pk": 55,
  "fields": {
    "creation_date": "2022-03-25",
    "user": 56,
    "mobile": "0959195075",
    "birthdate": "2003-06-14",
    "address": "Thailand"
  }
},
{
  "model": "erp.client",
  "pk": 56,
  "fields": {
    "creation_date": "2022-12-18",
    "user": 57,
    "mobile": "0123953033",
    "birthdate": "1981-03-16",
    "address": "Madagascar"
  }
},
{
  "model": "erp.client",
  "pk": 57,
  "fields": {
    "creation_date": "2022-03-13",
    "user": 58,
    "mobile": "0816511452",
    "birthdate": "2005-02-20",
    "address": "Faroe Islands"
  }
},
{
  "model": "erp.client",
  "pk": 58,
  "fields": {
    "creation_date": "2022-04-11",
    "user": 59,
    "mobile": "0202340642",
    "birthdate": "1984-05-01",
    "address": "Bangladesh"
  }
},
{
  "model": "erp.client",
  "pk": 59,
  "fields": {
    "creation_date": "2022-01-12",
    "user": 60,
    "mobile": "0516457374",
    "birthdate": "1980-06-27",
    "address": "Cocos (Keeling) Islands"
  }
},
{
  "model": "erp.client",
  "pk": 60,
  "fields": {
    "creation_date": "2022-03-09",
    "user": 61,
    "mobile": "0337635389",
    "birthdate": "2001-11-20",
    "address": "Niue"
  }
},
{
  "model": "erp.client",
  "pk": 61,
  "fields": {
    "creation_date": "2022-01-03",
    "user": 62,
    "mobile": "0108248628",
    "birthdate": "2003-07-05",
    "address": "Northern Mariana Islands"
  }
},
{
  "model": "erp.client",
  "pk": 62,
  "fields": {
    "creation_date": "2022-10-08",
    "user": 63,
    "mobile": "0940953029",
    "birthdate": "1991-09-20",
    "address": "Burundi"
  }
},
{
  "model": "erp.client",
  "pk": 63,
  "fields": {
    "creation_date": "2022-12-20",
    "user": 64,
    "mobile": "0594375176",
    "birthdate": "2001-02-19",
    "address": "Belarus"
  }
},
{
  "model": "erp.client",
  "pk": 64,
  "fields": {
    "creation_date": "2022-10-21",
    "user": 65,
    "mobile": "0467223570",
    "birthdate": "1969-11-22",
    "address": "Honduras"
  }
},
{
  "model": "erp.client",
  "pk": 65,
  "fields": {
    "creation_date": "2022-11-11",
    "user": 66,
    "mobile": "0561510202",
    "birthdate": "1997-07-13",
    "address": "Kazakhstan"
  }
},
{
  "model": "erp.client",
  "pk": 66,
  "fields": {
    "creation_date": "2022-03-19",
    "user": 67,
    "mobile": "0300455829",
    "birthdate": "1974-06-02",
    "address": "Cape Verde"
  }
},
{
  "model": "erp.client",
  "pk": 67,
  "fields": {
    "creation_date": "2022-02-11",
    "user": 68,
    "mobile": "0488869238",
    "birthdate": "1973-04-21",
    "address": "Indonesia"
  }
},
{
  "model": "erp.client",
  "pk": 68,
  "fields": {
    "creation_date": "2022-12-09",
    "user": 69,
    "mobile": "0532589189",
    "birthdate": "1971-03-27",
    "address": "Monaco"
  }
},
{
  "model": "erp.client",
  "pk": 69,
  "fields": {
    "creation_date": "2022-10-10",
    "user": 70,
    "mobile": "0185805926",
    "birthdate": "1982-01-26",
    "address": "Russian Federation"
  }
},
{
  "model": "erp.client",
  "pk": 70,
  "fields": {
    "creation_date": "2022-03-07",
    "user": 71,
    "mobile": "0859903876",
    "birthdate": "1977-08-06",
    "address": "Macedonia"
  }
},
{
  "model": "erp.client",
  "pk": 71,
  "fields": {
    "creation_date": "2022-03-02",
    "user": 72,
    "mobile": "0417544423",
    "birthdate": "1999-09-02",
    "address": "Cape Verde"
  }
},
{
  "model": "erp.client",
  "pk": 72,
  "fields": {
    "creation_date": "2022-04-05",
    "user": 73,
    "mobile": "0524073201",
    "birthdate": "2006-08-07",
    "address": "Saint Barthelemy"
  }
},
{
  "model": "erp.client",
  "pk": 73,
  "fields": {
    "creation_date": "2022-01-03",
    "user": 74,
    "mobile": "0707983593",
    "birthdate": "2006-10-06",
    "address": "Iceland"
  }
},
{
  "model": "erp.client",
  "pk": 74,
  "fields": {
    "creation_date": "2022-10-04",
    "user": 75,
    "mobile": "0368906732",
    "birthdate": "1982-10-07",
    "address": "Central African Republic"
  }
},
{
  "model": "erp.client",
  "pk": 75,
  "fields": {
    "creation_date": "2022-05-11",
    "user": 76,
    "mobile": "0727374923",
    "birthdate": "1994-04-18",
    "address": "Heard Island and McDonald Islands"
  }
},
{
  "model": "erp.client",
  "pk": 76,
  "fields": {
    "creation_date": "2022-07-25",
    "user": 77,
    "mobile": "0645116270",
    "birthdate": "1970-06-11",
    "address": "Germany"
  }
},
{
  "model": "erp.client",
  "pk": 77,
  "fields": {
    "creation_date": "2022-08-26",
    "user": 78,
    "mobile": "0832434575",
    "birthdate": "1983-12-07",
    "address": "Cape Verde"
  }
},
{
  "model": "erp.client",
  "pk": 78,
  "fields": {
    "creation_date": "2022-07-19",
    "user": 79,
    "mobile": "0331276520",
    "birthdate": "2006-12-27",
    "address": "Wallis and Futuna"
  }
},
{
  "model": "erp.client",
  "pk": 79,
  "fields": {
    "creation_date": "2022-11-05",
    "user": 80,
    "mobile": "0389395802",
    "birthdate": "1986-01-19",
    "address": "Luxembourg"
  }
},
{
  "model": "erp.client",
  "pk": 80,
  "fields": {
    "creation_date": "2022-10-16",
    "user": 81,
    "mobile": "0308172687",
    "birthdate": "1975-09-20",
    "address": "Virgin Islands, U.S."
  }
},
{
  "model": "erp.client",
  "pk": 81,
  "fields": {
    "creation_date": "2022-04-22",
    "user": 82,
    "mobile": "0876432583",
    "birthdate": "1990-12-08",
    "address": "Albania"
  }
},
{
  "model": "erp.client",
  "pk": 82,
  "fields": {
    "creation_date": "2022-11-15",
    "user": 83,
    "mobile": "0192084707",
    "birthdate": "1991-08-10",
    "address": "Samoa"
  }
},
{
  "model": "erp.client",
  "pk": 83,
  "fields": {
    "creation_date": "2022-05-15",
    "user": 84,
    "mobile": "0640265442",
    "birthdate": "1993-01-16",
    "address": "Yemen"
  }
},
{
  "model": "erp.client",
  "pk": 84,
  "fields": {
    "creation_date": "2022-05-03",
    "user": 85,
    "mobile": "0754199403",
    "birthdate": "2004-09-04",
    "address": "Serbia"
  }
},
{
  "model": "erp.client",
  "pk": 85,
  "fields": {
    "creation_date": "2022-02-19",
    "user": 86,
    "mobile": "0538726030",
    "birthdate": "1981-12-10",
    "address": "Bahamas"
  }
},
{
  "model": "erp.client",
  "pk": 86,
  "fields": {
    "creation_date": "2022-01-10",
    "user": 87,
    "mobile": "0186102437",
    "birthdate": "1972-09-25",
    "address": "New Zealand"
  }
},
{
  "model": "erp.client",
  "pk": 87,
  "fields": {
    "creation_date": "2022-09-01",
    "user": 88,
    "mobile": "0728392114",
    "birthdate": "1978-03-21",
    "address": "Nauru"
  }
},
{
  "model": "erp.client",
  "pk": 88,
  "fields": {
    "creation_date": "2022-04-09",
    "user": 89,
    "mobile": "0621370341",
    "birthdate": "1976-11-04",
    "address": "Ukraine"
  }
},
{
  "model": "erp.client",
  "pk": 89,
  "fields": {
    "creation_date": "2022-03-11",
    "user": 90,
    "mobile": "0165551763",
    "birthdate": "1995-04-28",
    "address": "Paraguay"
  }
},
{
  "model": "erp.client",
  "pk": 90,
  "fields": {
    "creation_date": "2022-01-06",
    "user": 91,
    "mobile": "0237006941",
    "birthdate": "1975-10-20",
    "address": "Canada"
  }
},
{
  "model": "erp.client",
  "pk": 91,
  "fields": {
    "creation_date": "2022-08-26",
    "user": 92,
    "mobile": "0109988231",
    "birthdate": "1993-05-09",
    "address": "Chad"
  }
},
{
  "model": "erp.client",
  "pk": 92,
  "fields": {
    "creation_date": "2022-05-12",
    "user": 93,
    "mobile": "0924878479",
    "birthdate": "2004-01-16",
    "address": "Germany"
  }
},
{
  "model": "erp.client",
  "pk": 93,
  "fields": {
    "creation_date": "2022-07-17",
    "user": 94,
    "mobile": "0858488459",
    "birthdate": "1990-07-26",
    "address": "Guatemala"
  }
},
{
  "model": "erp.client",
  "pk": 94,
  "fields": {
    "creation_date": "2022-12-15",
    "user": 95,
    "mobile": "0161394716",
    "birthdate": "2006-10-12",
    "address": "Ethiopia"
  }
},
{
  "model": "erp.client",
  "pk": 95,
  "fields": {
    "creation_date": "2022-12-08",
    "user": 96,
    "mobile": "0529703492",
    "birthdate": "1973-08-14",
    "address": "Afghanistan"
  }
},
{
  "model": "erp.client",
  "pk": 96,
  "fields": {
    "creation_date": "2022-05-27",
    "user": 97,
    "mobile": "0816383859",
    "birthdate": "1986-03-13",
    "address": "Poland"
  }
},
{
  "model": "erp.client",
  "pk": 97,
  "fields": {
    "creation_date": "2022-05-05",
    "user": 98,
    "mobile": "0280417809",
    "birthdate": "1998-11-27",
    "address": "Tuvalu"
  }
},
{
  "model": "erp.client",
  "pk": 98,
  "fields": {
    "creation_date": "2022-01-27",
    "user": 99,
    "mobile": "0165979294",
    "birthdate": "1983-06-09",
    "address": "Liberia"
  }
},
{
  "model": "erp.client",
  "pk": 99,
  "fields": {
    "creation_date": "2022-04-14",
    "user": 100,
    "mobile": "0789559093",
    "birthdate": "2004-05-16",
    "address": "Haiti"
  }
},
{
  "model": "erp.client",
  "pk": 100,
  "fields": {
    "creation_date": "2022-02-08",
    "user": 101,
    "mobile": "0660519360",
    "birthdate": "2005-11-19",
    "address": "Romania"
  }
},
{
  "model": "erp.client",
  "pk": 101,
  "fields": {
    "creation_date": "2022-02-20",
    "user": 102,
    "mobile": "0540981219",
    "birthdate": "1976-04-27",
    "address": "Republic of Korea"
  }
},
{
  "model": "erp.client",
  "pk": 102,
  "fields": {
    "creation_date": "2022-01-16",
    "user": 103,
    "mobile": "0048665131",
    "birthdate": "2004-10-08",
    "address": "Lao People's Democratic Republic"
  }
},
{
  "model": "erp.client",
  "pk": 103,
  "fields": {
    "creation_date": "2022-06-19",
    "user": 104,
    "mobile": "0928737996",
    "birthdate": "1980-01-14",
    "address": "Antarctica (the territory South of 60 deg S)"
  }
},
{
  "model": "erp.client",
  "pk": 104,
  "fields": {
    "creation_date": "2022-02-14",
    "user": 105,
    "mobile": "0269718612",
    "birthdate": "1987-02-01",
    "address": "Bahrain"
  }
},
{
  "model": "erp.client",
  "pk": 105,
  "fields": {
    "creation_date": "2022-01-19",
    "user": 106,
    "mobile": "0419436023",
    "birthdate": "1994-02-26",
    "address": "Palestinian Territory"
  }
},
{
  "model": "erp.client",
  "pk": 106,
  "fields": {
    "creation_date": "2022-12-16",
    "user": 107,
    "mobile": "0878036243",
    "birthdate": "1980-01-14",
    "address": "El Salvador"
  }
},
{
  "model": "erp.client",
  "pk": 107,
  "fields": {
    "creation_date": "2022-11-15",
    "user": 108,
    "mobile": "0949664172",
    "birthdate": "1979-12-02",
    "address": "Palau"
  }
},
{
  "model": "erp.client",
  "pk": 108,
  "fields": {
    "creation_date": "2022-10-28",
    "user": 109,
    "mobile": "0588433673",
    "birthdate": "2006-07-28",
    "address": "Cocos (Keeling) Islands"
  }
},
{
  "model": "erp.client",
  "pk": 109,
  "fields": {
    "creation_date": "2022-01-06",
    "user": 110,
    "mobile": "0866954670",
    "birthdate": "1969-07-12",
    "address": "Macedonia"
  }
},
{
  "model": "erp.client",
  "pk": 110,
  "fields": {
    "creation_date": "2022-11-04",
    "user": 111,
    "mobile": "0798606995",
    "birthdate": "1984-08-09",
    "address": "New Zealand"
  }
},
{
  "model": "erp.client",
  "pk": 111,
  "fields": {
    "creation_date": "2022-05-01",
    "user": 112,
    "mobile": "0302045892",
    "birthdate": "1984-08-13",
    "address": "Qatar"
  }
},
{
  "model": "erp.client",
  "pk": 112,
  "fields": {
    "creation_date": "2022-12-07",
    "user": 113,
    "mobile": "0015668214",
    "birthdate": "1979-08-24",
    "address": "Nicaragua"
  }
},
{
  "model": "erp.client",
  "pk": 113,
  "fields": {
    "creation_date": "2022-12-04",
    "user": 114,
    "mobile": "0561131616",
    "birthdate": "1980-10-11",
    "address": "India"
  }
},
{
  "model": "erp.client",
  "pk": 114,
  "fields": {
    "creation_date": "2022-02-03",
    "user": 115,
    "mobile": "0538763180",
    "birthdate": "1987-04-28",
    "address": "Djibouti"
  }
},
{
  "model": "erp.client",
  "pk": 115,
  "fields": {
    "creation_date": "2022-05-04",
    "user": 116,
    "mobile": "0278941626",
    "birthdate": "2003-11-15",
    "address": "Costa Rica"
  }
},
{
  "model": "erp.client",
  "pk": 116,
  "fields": {
    "creation_date": "2022-12-10",
    "user": 117,
    "mobile": "0807218995",
    "birthdate": "2001-07-15",
    "address": "Yemen"
  }
},
{
  "model": "erp.client",
  "pk": 117,
  "fields": {
    "creation_date": "2022-09-12",
    "user": 118,
    "mobile": "0845188369",
    "birthdate": "1977-03-17",
    "address": "Peru"
  }
},
{
  "model": "erp.client",
  "pk": 118,
  "fields": {
    "creation_date": "2022-01-10",
    "user": 119,
    "mobile": "0369638221",
    "birthdate": "1979-04-13",
    "address": "Iceland"
  }
},
{
  "model": "erp.client",
  "pk": 119,
  "fields": {
    "creation_date": "2022-09-02",
    "user": 120,
    "mobile": "0719884514",
    "birthdate": "1996-04-28",
    "address": "Iran"
  }
},
{
  "model": "erp.client",
  "pk": 120,
  "fields": {
    "creation_date": "2022-09-06",
    "user": 121,
    "mobile": "0837075108",
    "birthdate": "1979-07-18",
    "address": "Netherlands"
  }
},
{
  "model": "erp.client",
  "pk": 121,
  "fields": {
    "creation_date": "2022-02-11",
    "user": 122,
    "mobile": "0825415432",
    "birthdate": "2000-01-26",
    "address": "Holy See (Vatican City State)"
  }
},
{
  "model": "erp.client",
  "pk": 122,
  "fields": {
    "creation_date": "2022-01-24",
    "user": 123,
    "mobile": "0935819068",
    "birthdate": "1983-06-23",
    "address": "Myanmar"
  }
},
{
  "model": "erp.client",
  "pk": 123,
  "fields": {
    "creation_date": "2022-05-24",
    "user": 124,
    "mobile": "0118130616",
    "birthdate": "1993-07-16",
    "address": "Paraguay"
  }
},
{
  "model": "erp.client",
  "pk": 124,
  "fields": {
    "creation_date": "2022-01-24",
    "user": 125,
    "mobile": "0620995721",
    "birthdate": "1979-05-19",
    "address": "Tokelau"
  }
},
{
  "model": "erp.client",
  "pk": 125,
  "fields": {
    "creation_date": "2022-01-23",
    "user": 126,
    "mobile": "0632613238",
    "birthdate": "1971-04-04",
    "address": "Montenegro"
  }
},
{
  "model": "erp.client",
  "pk": 126,
  "fields": {
    "creation_date": "2022-03-01",
    "user": 127,
    "mobile": "0571455281",
    "birthdate": "1969-07-15",
    "address": "Bulgaria"
  }
},
{
  "model": "erp.client",
  "pk": 127,
  "fields": {
    "creation_date": "2022-01-13",
    "user": 128,
    "mobile": "0017330627",
    "birthdate": "1992-01-15",
    "address": "Barbados"
  }
},
{
  "model": "erp.client",
  "pk": 128,
  "fields": {
    "creation_date": "2022-06-09",
    "user": 129,
    "mobile": "0445082822",
    "birthdate": "2005-03-26",
    "address": "Slovakia (Slovak Republic)"
  }
},
{
  "model": "erp.client",
  "pk": 129,
  "fields": {
    "creation_date": "2022-11-20",
    "user": 130,
    "mobile": "0527096325",
    "birthdate": "1977-06-23",
    "address": "Botswana"
  }
},
{
  "model": "erp.client",
  "pk": 130,
  "fields": {
    "creation_date": "2022-08-25",
    "user": 131,
    "mobile": "0031399695",
    "birthdate": "1998-06-22",
    "address": "El Salvador"
  }
},
{
  "model": "erp.client",
  "pk": 131,
  "fields": {
    "creation_date": "2022-03-05",
    "user": 132,
    "mobile": "0401461694",
    "birthdate": "1974-09-07",
    "address": "Palau"
  }
},
{
  "model": "erp.client",
  "pk": 132,
  "fields": {
    "creation_date": "2022-12-01",
    "user": 133,
    "mobile": "0141275056",
    "birthdate": "1992-08-11",
    "address": "Guadeloupe"
  }
},
{
  "model": "erp.client",
  "pk": 133,
  "fields": {
    "creation_date": "2022-02-27",
    "user": 134,
    "mobile": "0416980830",
    "birthdate": "1995-12-01",
    "address": "Germany"
  }
},
{
  "model": "erp.client",
  "pk": 134,
  "fields": {
    "creation_date": "2022-10-08",
    "user": 135,
    "mobile": "0788912728",
    "birthdate": "1980-10-02",
    "address": "Germany"
  }
},
{
  "model": "erp.client",
  "pk": 135,
  "fields": {
    "creation_date": "2022-07-09",
    "user": 136,
    "mobile": "0087540471",
    "birthdate": "1998-09-07",
    "address": "Hong Kong"
  }
},
{
  "model": "erp.client",
  "pk": 136,
  "fields": {
    "creation_date": "2022-08-11",
    "user": 137,
    "mobile": "0790661617",
    "birthdate": "1987-09-22",
    "address": "Lao People's Democratic Republic"
  }
},
{
  "model": "erp.client",
  "pk": 137,
  "fields": {
    "creation_date": "2022-11-23",
    "user": 138,
    "mobile": "0428379929",
    "birthdate": "1992-11-01",
    "address": "Montenegro"
  }
},
{
  "model": "erp.client",
  "pk": 138,
  "fields": {
    "creation_date": "2022-09-22",
    "user": 139,
    "mobile": "0428944853",
    "birthdate": "1989-09-23",
    "address": "United Arab Emirates"
  }
},
{
  "model": "erp.client",
  "pk": 139,
  "fields": {
    "creation_date": "2022-02-04",
    "user": 140,
    "mobile": "0198665522",
    "birthdate": "1980-04-26",
    "address": "Bulgaria"
  }
},
{
  "model": "erp.client",
  "pk": 140,
  "fields": {
    "creation_date": "2022-09-27",
    "user": 141,
    "mobile": "0222379821",
    "birthdate": "1990-09-04",
    "address": "Yemen"
  }
},
{
  "model": "erp.client",
  "pk": 141,
  "fields": {
    "creation_date": "2022-10-13",
    "user": 142,
    "mobile": "0942344090",
    "birthdate": "2006-06-03",
    "address": "Liberia"
  }
},
{
  "model": "erp.client",
  "pk": 142,
  "fields": {
    "creation_date": "2022-10-02",
    "user": 143,
    "mobile": "0718668065",
    "birthdate": "1984-02-16",
    "address": "Azerbaijan"
  }
},
{
  "model": "erp.client",
  "pk": 143,
  "fields": {
    "creation_date": "2022-01-04",
    "user": 144,
    "mobile": "0052039481",
    "birthdate": "1993-12-02",
    "address": "Benin"
  }
},
{
  "model": "erp.client",
  "pk": 144,
  "fields": {
    "creation_date": "2022-10-09",
    "user": 145,
    "mobile": "0603978827",
    "birthdate": "1980-12-02",
    "address": "Chad"
  }
},
{
  "model": "erp.client",
  "pk": 145,
  "fields": {
    "creation_date": "2022-08-09",
    "user": 146,
    "mobile": "0531171415",
    "birthdate": "1996-03-27",
    "address": "Guatemala"
  }
},
{
  "model": "erp.client",
  "pk": 146,
  "fields": {
    "creation_date": "2022-03-24",
    "user": 147,
    "mobile": "0500928888",
    "birthdate": "2002-06-22",
    "address": "Lesotho"
  }
},
{
  "model": "erp.client",
  "pk": 147,
  "fields": {
    "creation_date": "2022-08-16",
    "user": 148,
    "mobile": "0313625625",
    "birthdate": "1969-09-01",
    "address": "Guyana"
  }
},
{
  "model": "erp.client",
  "pk": 148,
  "fields": {
    "creation_date": "2022-05-12",
    "user": 149,
    "mobile": "0651705773",
    "birthdate": "1981-01-19",
    "address": "Ukraine"
  }
},
{
  "model": "erp.client",
  "pk": 149,
  "fields": {
    "creation_date": "2022-01-22",
    "user": 150,
    "mobile": "0525306532",
    "birthdate": "2003-07-22",
    "address": "Burundi"
  }
},
{
  "model": "erp.client",
  "pk": 150,
  "fields": {
    "creation_date": "2022-11-15",
    "user": 151,
    "mobile": "0926978130",
    "birthdate": "1993-01-24",
    "address": "Malta"
  }
},
{
  "model": "erp.client",
  "pk": 151,
  "fields": {
    "creation_date": "2022-01-17",
    "user": 152,
    "mobile": "0737713632",
    "birthdate": "2002-02-01",
    "address": "Kiribati"
  }
},
{
  "model": "erp.client",
  "pk": 152,
  "fields": {
    "creation_date": "2022-09-01",
    "user": 153,
    "mobile": "0932081881",
    "birthdate": "1983-09-03",
    "address": "Oman"
  }
},
{
  "model": "erp.client",
  "pk": 153,
  "fields": {
    "creation_date": "2022-06-17",
    "user": 154,
    "mobile": "0642143413",
    "birthdate": "2005-04-02",
    "address": "Swaziland"
  }
},
{
  "model": "erp.client",
  "pk": 154,
  "fields": {
    "creation_date": "2022-12-27",
    "user": 155,
    "mobile": "0342473322",
    "birthdate": "1970-05-20",
    "address": "Marshall Islands"
  }
},
{
  "model": "erp.client",
  "pk": 155,
  "fields": {
    "creation_date": "2022-06-25",
    "user": 156,
    "mobile": "0968585555",
    "birthdate": "1997-09-16",
    "address": "Greece"
  }
},
{
  "model": "erp.client",
  "pk": 156,
  "fields": {
    "creation_date": "2022-10-07",
    "user": 157,
    "mobile": "0065745896",
    "birthdate": "1973-06-12",
    "address": "Congo"
  }
},
{
  "model": "erp.client",
  "pk": 157,
  "fields": {
    "creation_date": "2022-01-01",
    "user": 158,
    "mobile": "0177374052",
    "birthdate": "1970-08-07",
    "address": "Austria"
  }
},
{
  "model": "erp.client",
  "pk": 158,
  "fields": {
    "creation_date": "2022-06-25",
    "user": 159,
    "mobile": "0179024639",
    "birthdate": "1996-01-01",
    "address": "Oman"
  }
},
{
  "model": "erp.client",
  "pk": 159,
  "fields": {
    "creation_date": "2022-09-20",
    "user": 160,
    "mobile": "0083865263",
    "birthdate": "1996-01-24",
    "address": "Singapore"
  }
},
{
  "model": "erp.client",
  "pk": 160,
  "fields": {
    "creation_date": "2022-09-01",
    "user": 161,
    "mobile": "0342829301",
    "birthdate": "2004-03-12",
    "address": "Zimbabwe"
  }
},
{
  "model": "erp.client",
  "pk": 161,
  "fields": {
    "creation_date": "2022-06-20",
    "user": 162,
    "mobile": "0887377016",
    "birthdate": "2002-11-10",
    "address": "Rwanda"
  }
},
{
  "model": "erp.client",
  "pk": 162,
  "fields": {
    "creation_date": "2022-08-03",
    "user": 163,
    "mobile": "0136842756",
    "birthdate": "1997-05-14",
    "address": "Japan"
  }
},
{
  "model": "erp.client",
  "pk": 163,
  "fields": {
    "creation_date": "2022-12-10",
    "user": 164,
    "mobile": "0946033529",
    "birthdate": "1969-10-13",
    "address": "Liberia"
  }
},
{
  "model": "erp.client",
  "pk": 164,
  "fields": {
    "creation_date": "2022-04-26",
    "user": 165,
    "mobile": "0776783222",
    "birthdate": "1989-12-14",
    "address": "Costa Rica"
  }
},
{
  "model": "erp.client",
  "pk": 165,
  "fields": {
    "creation_date": "2022-10-10",
    "user": 166,
    "mobile": "0764005268",
    "birthdate": "1973-12-28",
    "address": "Colombia"
  }
},
{
  "model": "erp.client",
  "pk": 166,
  "fields": {
    "creation_date": "2022-03-16",
    "user": 167,
    "mobile": "0977632949",
    "birthdate": "1973-10-01",
    "address": "Cote d'Ivoire"
  }
},
{
  "model": "erp.client",
  "pk": 167,
  "fields": {
    "creation_date": "2022-07-06",
    "user": 168,
    "mobile": "0591285227",
    "birthdate": "1973-02-16",
    "address": "Malta"
  }
},
{
  "model": "erp.client",
  "pk": 168,
  "fields": {
    "creation_date": "2022-05-07",
    "user": 169,
    "mobile": "0580143517",
    "birthdate": "1986-11-16",
    "address": "Slovakia (Slovak Republic)"
  }
},
{
  "model": "erp.client",
  "pk": 169,
  "fields": {
    "creation_date": "2022-04-05",
    "user": 170,
    "mobile": "0308313147",
    "birthdate": "1992-08-14",
    "address": "Ethiopia"
  }
},
{
  "model": "erp.client",
  "pk": 170,
  "fields": {
    "creation_date": "2022-03-20",
    "user": 171,
    "mobile": "0259617535",
    "birthdate": "1989-05-15",
    "address": "Samoa"
  }
},
{
  "model": "erp.client",
  "pk": 171,
  "fields": {
    "creation_date": "2022-07-16",
    "user": 172,
    "mobile": "0494667505",
    "birthdate": "1971-04-06",
    "address": "Mozambique"
  }
},
{
  "model": "erp.client",
  "pk": 172,
  "fields": {
    "creation_date": "2022-06-11",
    "user": 173,
    "mobile": "0572979494",
    "birthdate": "1982-08-27",
    "address": "Luxembourg"
  }
},
{
  "model": "erp.client",
  "pk": 173,
  "fields": {
    "creation_date": "2022-04-21",
    "user": 174,
    "mobile": "0294842314",
    "birthdate": "1983-06-02",
    "address": "Iraq"
  }
},
{
  "model": "erp.client",
  "pk": 174,
  "fields": {
    "creation_date": "2022-05-07",
    "user": 175,
    "mobile": "0178565448",
    "birthdate": "2000-06-22",
    "address": "Peru"
  }
},
{
  "model": "erp.client",
  "pk": 175,
  "fields": {
    "creation_date": "2022-06-27",
    "user": 176,
    "mobile": "0149076569",
    "birthdate": "1978-01-11",
    "address": "Faroe Islands"
  }
},
{
  "model": "erp.client",
  "pk": 176,
  "fields": {
    "creation_date": "2022-07-01",
    "user": 177,
    "mobile": "0816855893",
    "birthdate": "1993-07-19",
    "address": "El Salvador"
  }
},
{
  "model": "erp.client",
  "pk": 177,
  "fields": {
    "creation_date": "2022-05-09",
    "user": 178,
    "mobile": "0670231109",
    "birthdate": "1981-03-12",
    "address": "Puerto Rico"
  }
},
{
  "model": "erp.client",
  "pk": 178,
  "fields": {
    "creation_date": "2022-03-22",
    "user": 179,
    "mobile": "0633350809",
    "birthdate": "2002-11-09",
    "address": "Yemen"
  }
},
{
  "model": "erp.client",
  "pk": 179,
  "fields": {
    "creation_date": "2022-05-24",
    "user": 180,
    "mobile": "0789061927",
    "birthdate": "1973-01-10",
    "address": "Bulgaria"
  }
},
{
  "model": "erp.client",
  "pk": 180,
  "fields": {
    "creation_date": "2022-07-17",
    "user": 181,
    "mobile": "0995646994",
    "birthdate": "1973-05-25",
    "address": "Mexico"
  }
},
{
  "model": "erp.client",
  "pk": 181,
  "fields": {
    "creation_date": "2022-03-09",
    "user": 182,
    "mobile": "0865771633",
    "birthdate": "1998-09-18",
    "address": "Moldova"
  }
},
{
  "model": "erp.client",
  "pk": 182,
  "fields": {
    "creation_date": "2022-01-17",
    "user": 183,
    "mobile": "0916226975",
    "birthdate": "1978-02-20",
    "address": "Sudan"
  }
},
{
  "model": "erp.client",
  "pk": 183,
  "fields": {
    "creation_date": "2022-06-18",
    "user": 184,
    "mobile": "0111690905",
    "birthdate": "2003-01-21",
    "address": "Montserrat"
  }
},
{
  "model": "erp.client",
  "pk": 184,
  "fields": {
    "creation_date": "2022-08-13",
    "user": 185,
    "mobile": "0183304450",
    "birthdate": "1989-09-26",
    "address": "Tajikistan"
  }
},
{
  "model": "erp.client",
  "pk": 185,
  "fields": {
    "creation_date": "2022-10-17",
    "user": 186,
    "mobile": "0000233892",
    "birthdate": "1981-03-06",
    "address": "Chile"
  }
},
{
  "model": "erp.client",
  "pk": 186,
  "fields": {
    "creation_date": "2022-07-08",
    "user": 187,
    "mobile": "0562652033",
    "birthdate": "1978-09-01",
    "address": "Macedonia"
  }
},
{
  "model": "erp.client",
  "pk": 187,
  "fields": {
    "creation_date": "2022-03-18",
    "user": 188,
    "mobile": "0435915043",
    "birthdate": "2002-04-22",
    "address": "Djibouti"
  }
},
{
  "model": "erp.client",
  "pk": 188,
  "fields": {
    "creation_date": "2022-01-15",
    "user": 189,
    "mobile": "0960551550",
    "birthdate": "1972-06-16",
    "address": "Iraq"
  }
},
{
  "model": "erp.client",
  "pk": 189,
  "fields": {
    "creation_date": "2022-02-25",
    "user": 190,
    "mobile": "0353619449",
    "birthdate": "1975-06-01",
    "address": "Ethiopia"
  }
},
{
  "model": "erp.client",
  "pk": 190,
  "fields": {
    "creation_date": "2022-02-20",
    "user": 191,
    "mobile": "0603291209",
    "birthdate": "1971-06-13",
    "address": "Austria"
  }
},
{
  "model": "erp.client",
  "pk": 191,
  "fields": {
    "creation_date": "2022-01-15",
    "user": 192,
    "mobile": "0056458826",
    "birthdate": "2004-03-03",
    "address": "Albania"
  }
},
{
  "model": "erp.client",
  "pk": 192,
  "fields": {
    "creation_date": "2022-02-21",
    "user": 193,
    "mobile": "0569800949",
    "birthdate": "2006-03-06",
    "address": "Kazakhstan"
  }
},
{
  "model": "erp.client",
  "pk": 193,
  "fields": {
    "creation_date": "2022-11-02",
    "user": 194,
    "mobile": "0128671235",
    "birthdate": "1972-07-11",
    "address": "Mexico"
  }
},
{
  "model": "erp.client",
  "pk": 194,
  "fields": {
    "creation_date": "2022-12-07",
    "user": 195,
    "mobile": "0173111489",
    "birthdate": "2002-09-26",
    "address": "Paraguay"
  }
},
{
  "model": "erp.client",
  "pk": 195,
  "fields": {
    "creation_date": "2022-10-01",
    "user": 196,
    "mobile": "0440586184",
    "birthdate": "2002-06-24",
    "address": "Nauru"
  }
},
{
  "model": "erp.client",
  "pk": 196,
  "fields": {
    "creation_date": "2022-02-26",
    "user": 197,
    "mobile": "0096540261",
    "birthdate": "1973-09-11",
    "address": "Virgin Islands, British"
  }
},
{
  "model": "erp.client",
  "pk": 197,
  "fields": {
    "creation_date": "2022-06-05",
    "user": 198,
    "mobile": "0580034183",
    "birthdate": "2000-01-04",
    "address": "Argentina"
  }
},
{
  "model": "erp.client",
  "pk": 198,
  "fields": {
    "creation_date": "2022-04-13",
    "user": 199,
    "mobile": "0666263989",
    "birthdate": "2006-07-16",
    "address": "Romania"
  }
},
{
  "model": "erp.client",
  "pk": 199,
  "fields": {
    "creation_date": "2022-06-21",
    "user": 200,
    "mobile": "0709981383",
    "birthdate": "2003-01-24",
    "address": "Andorra"
  }
},
{
  "model": "erp.client",
  "pk": 200,
  "fields": {
    "creation_date": "2022-11-02",
    "user": 201,
    "mobile": "0875761438",
    "birthdate": "1989-01-22",
    "address": "Armenia"
  }
},
{
  "model": "erp.client",
  "pk": 201,
  "fields": {
    "creation_date": "2022-05-28",
    "user": 202,
    "mobile": "0856249145",
    "birthdate": "1969-05-22",
    "address": "Comoros"
  }
},
{
  "model": "erp.client",
  "pk": 202,
  "fields": {
    "creation_date": "2022-01-15",
    "user": 203,
    "mobile": "0518847419",
    "birthdate": "1990-10-26",
    "address": "Aruba"
  }
},
{
  "model": "erp.client",
  "pk": 203,
  "fields": {
    "creation_date": "2022-08-04",
    "user": 204,
    "mobile": "0373505226",
    "birthdate": "2001-03-08",
    "address": "Barbados"
  }
},
{
  "model": "erp.client",
  "pk": 204,
  "fields": {
    "creation_date": "2022-05-10",
    "user": 205,
    "mobile": "0992750083",
    "birthdate": "1992-10-20",
    "address": "Afghanistan"
  }
},
{
  "model": "erp.client",
  "pk": 205,
  "fields": {
    "creation_date": "2022-01-11",
    "user": 206,
    "mobile": "0234472540",
    "birthdate": "1972-08-01",
    "address": "Zambia"
  }
},
{
  "model": "erp.client",
  "pk": 206,
  "fields": {
    "creation_date": "2022-02-08",
    "user": 207,
    "mobile": "0354945592",
    "birthdate": "1996-05-25",
    "address": "Democratic People's Republic of Korea"
  }
},
{
  "model": "erp.client",
  "pk": 207,
  "fields": {
    "creation_date": "2022-11-09",
    "user": 208,
    "mobile": "0581395859",
    "birthdate": "1995-01-28",
    "address": "Fiji"
  }
},
{
  "model": "erp.client",
  "pk": 208,
  "fields": {
    "creation_date": "2022-11-25",
    "user": 209,
    "mobile": "0383458469",
    "birthdate": "2003-05-26",
    "address": "Bangladesh"
  }
},
{
  "model": "erp.client",
  "pk": 209,
  "fields": {
    "creation_date": "2022-07-03",
    "user": 210,
    "mobile": "0147867106",
    "birthdate": "1994-12-17",
    "address": "French Polynesia"
  }
},
{
  "model": "erp.client",
  "pk": 210,
  "fields": {
    "creation_date": "2022-05-21",
    "user": 211,
    "mobile": "0557014676",
    "birthdate": "1989-09-26",
    "address": "Puerto Rico"
  }
},
{
  "model": "erp.client",
  "pk": 211,
  "fields": {
    "creation_date": "2022-06-05",
    "user": 212,
    "mobile": "0124408764",
    "birthdate": "2004-05-16",
    "address": "French Southern Territories"
  }
},
{
  "model": "erp.client",
  "pk": 212,
  "fields": {
    "creation_date": "2022-11-03",
    "user": 213,
    "mobile": "0585543276",
    "birthdate": "1978-01-09",
    "address": "Nauru"
  }
},
{
  "model": "erp.client",
  "pk": 213,
  "fields": {
    "creation_date": "2022-06-23",
    "user": 214,
    "mobile": "0939077380",
    "birthdate": "1989-05-24",
    "address": "Belarus"
  }
},
{
  "model": "erp.client",
  "pk": 214,
  "fields": {
    "creation_date": "2022-02-12",
    "user": 215,
    "mobile": "0102340831",
    "birthdate": "2004-02-11",
    "address": "Denmark"
  }
},
{
  "model": "erp.client",
  "pk": 215,
  "fields": {
    "creation_date": "2022-04-06",
    "user": 216,
    "mobile": "0729179395",
    "birthdate": "1999-03-28",
    "address": "Kenya"
  }
},
{
  "model": "erp.client",
  "pk": 216,
  "fields": {
    "creation_date": "2022-11-11",
    "user": 217,
    "mobile": "0887243091",
    "birthdate": "1981-06-02",
    "address": "Martinique"
  }
},
{
  "model": "erp.client",
  "pk": 217,
  "fields": {
    "creation_date": "2022-11-21",
    "user": 218,
    "mobile": "0477222821",
    "birthdate": "1987-12-11",
    "address": "Equatorial Guinea"
  }
},
{
  "model": "erp.client",
  "pk": 218,
  "fields": {
    "creation_date": "2022-07-13",
    "user": 219,
    "mobile": "0290733602",
    "birthdate": "1977-05-09",
    "address": "Pitcairn Islands"
  }
},
{
  "model": "erp.client",
  "pk": 219,
  "fields": {
    "creation_date": "2022-07-15",
    "user": 220,
    "mobile": "0965463875",
    "birthdate": "2002-06-02",
    "address": "Barbados"
  }
},
{
  "model": "erp.client",
  "pk": 220,
  "fields": {
    "creation_date": "2022-05-13",
    "user": 221,
    "mobile": "0387873260",
    "birthdate": "1974-07-19",
    "address": "Grenada"
  }
},
{
  "model": "erp.client",
  "pk": 221,
  "fields": {
    "creation_date": "2022-03-25",
    "user": 222,
    "mobile": "0658056170",
    "birthdate": "1992-04-23",
    "address": "Kyrgyz Republic"
  }
},
{
  "model": "erp.client",
  "pk": 222,
  "fields": {
    "creation_date": "2022-07-05",
    "user": 223,
    "mobile": "0504587560",
    "birthdate": "2005-09-01",
    "address": "Norfolk Island"
  }
},
{
  "model": "erp.client",
  "pk": 223,
  "fields": {
    "creation_date": "2022-07-21",
    "user": 224,
    "mobile": "0819340754",
    "birthdate": "1982-09-27",
    "address": "Saint Pierre and Miquelon"
  }
},
{
  "model": "erp.client",
  "pk": 224,
  "fields": {
    "creation_date": "2022-08-27",
    "user": 225,
    "mobile": "0684907605",
    "birthdate": "1983-10-24",
    "address": "Sudan"
  }
},
{
  "model": "erp.client",
  "pk": 225,
  "fields": {
    "creation_date": "2022-12-08",
    "user": 226,
    "mobile": "0174208369",
    "birthdate": "1976-06-22",
    "address": "France"
  }
},
{
  "model": "erp.client",
  "pk": 226,
  "fields": {
    "creation_date": "2022-07-14",
    "user": 227,
    "mobile": "0334955715",
    "birthdate": "2006-07-04",
    "address": "Ecuador"
  }
},
{
  "model": "erp.client",
  "pk": 227,
  "fields": {
    "creation_date": "2022-12-05",
    "user": 228,
    "mobile": "0845929335",
    "birthdate": "2000-09-23",
    "address": "Thailand"
  }
},
{
  "model": "erp.client",
  "pk": 228,
  "fields": {
    "creation_date": "2022-11-01",
    "user": 229,
    "mobile": "0475388964",
    "birthdate": "1981-12-11",
    "address": "Timor-Leste"
  }
},
{
  "model": "erp.client",
  "pk": 229,
  "fields": {
    "creation_date": "2022-09-20",
    "user": 230,
    "mobile": "0097347939",
    "birthdate": "1986-02-22",
    "address": "United Arab Emirates"
  }
},
{
  "model": "erp.client",
  "pk": 230,
  "fields": {
    "creation_date": "2022-06-16",
    "user": 231,
    "mobile": "0166967587",
    "birthdate": "1990-09-04",
    "address": "Malaysia"
  }
},
{
  "model": "erp.client",
  "pk": 231,
  "fields": {
    "creation_date": "2022-03-19",
    "user": 232,
    "mobile": "0268653484",
    "birthdate": "1987-10-21",
    "address": "American Samoa"
  }
},
{
  "model": "erp.client",
  "pk": 232,
  "fields": {
    "creation_date": "2022-01-22",
    "user": 233,
    "mobile": "0839809904",
    "birthdate": "2002-12-24",
    "address": "Taiwan"
  }
},
{
  "model": "erp.client",
  "pk": 233,
  "fields": {
    "creation_date": "2022-08-03",
    "user": 234,
    "mobile": "0398086394",
    "birthdate": "1991-01-28",
    "address": "Cyprus"
  }
},
{
  "model": "erp.client",
  "pk": 234,
  "fields": {
    "creation_date": "2022-11-24",
    "user": 235,
    "mobile": "0567474511",
    "birthdate": "1977-11-18",
    "address": "Lesotho"
  }
},
{
  "model": "erp.client",
  "pk": 235,
  "fields": {
    "creation_date": "2022-12-13",
    "user": 236,
    "mobile": "0705007522",
    "birthdate": "1982-09-13",
    "address": "Sweden"
  }
},
{
  "model": "erp.client",
  "pk": 236,
  "fields": {
    "creation_date": "2022-05-11",
    "user": 237,
    "mobile": "0244566801",
    "birthdate": "1996-08-14",
    "address": "United Arab Emirates"
  }
},
{
  "model": "erp.client",
  "pk": 237,
  "fields": {
    "creation_date": "2022-01-11",
    "user": 238,
    "mobile": "0064133919",
    "birthdate": "1999-07-28",
    "address": "Hong Kong"
  }
},
{
  "model": "erp.provider",
  "pk": 1,
  "fields": {
    "name": "BODE-BOTSFORD",
    "ruc": "0322253823309",
    "mobile": "0447236363",
    "address": "Guadeloupe",
    "email": "kiana.schowalter@gmail.com"
  }
},
{
  "model": "erp.provider",
  "pk": 2,
  "fields": {
    "name": "RATKE LLC",
    "ruc": "0056873192445",
    "mobile": "0679758550",
    "address": "Lebanon",
    "email": "josh_batz60@gmail.com"
  }
},
{
  "model": "erp.provider",
  "pk": 3,
  "fields": {
    "name": "DURGAN, SPORER AND BOGAN",
    "ruc": "0205498980056",
    "mobile": "0156005196",
    "address": "Ghana",
    "email": "zula36@hotmail.com"
  }
},
{
  "model": "erp.provider",
  "pk": 4,
  "fields": {
    "name": "GREEN-HAAG",
    "ruc": "0498524027447",
    "mobile": "0117736086",
    "address": "Serbia",
    "email": "romaine21@gmail.com"
  }
},
{
  "model": "erp.provider",
  "pk": 5,
  "fields": {
    "name": "HOEGER, FRAMI AND KIHN",
    "ruc": "0505133815258",
    "mobile": "0277939190",
    "address": "Sudan",
    "email": "abdul3@hotmail.com"
  }
},
{
  "model": "erp.provider",
  "pk": 6,
  "fields": {
    "name": "WAELCHI-SCHUPPE",
    "ruc": "0463567395733",
    "mobile": "0006941077",
    "address": "Wallis and Futuna",
    "email": "van39@hotmail.com"
  }
},
{
  "model": "erp.provider",
  "pk": 7,
  "fields": {
    "name": "TILLMAN, BAILEY AND WEIMANN",
    "ruc": "0386156943298",
    "mobile": "0708563090",
    "address": "Sierra Leone",
    "email": "emie_corkery82@yahoo.com"
  }
},
{
  "model": "erp.provider",
  "pk": 8,
  "fields": {
    "name": "HEATHCOTE-SCHILLER",
    "ruc": "0097230479863",
    "mobile": "0676035707",
    "address": "Namibia",
    "email": "alexis62@hotmail.com"
  }
},
{
  "model": "erp.provider",
  "pk": 9,
  "fields": {
    "name": "STROMAN INC",
    "ruc": "0691888158160",
    "mobile": "0425971292",
    "address": "Georgia",
    "email": "lucius_hills53@yahoo.com"
  }
},
{
  "model": "erp.category",
  "pk": 1,
  "fields": {
    "name": "SCHNEIDER"
  }
},
{
  "model": "erp.category",
  "pk": 2,
  "fields": {
    "name": "SIN MARCA"
  }
},
{
  "model": "erp.category",
  "pk": 3,
  "fields": {
    "name": "SALTA"
  }
},
{
  "model": "erp.category",
  "pk": 4,
  "fields": {
    "name": "QUILM"
  }
},
{
  "model": "erp.category",
  "pk": 5,
  "fields": {
    "name": "KINDER"
  }
},
{
  "model": "erp.category",
  "pk": 6,
  "fields": {
    "name": "NIVEA"
  }
},
{
  "model": "erp.category",
  "pk": 7,
  "fields": {
    "name": "REXONA"
  }
},
{
  "model": "erp.category",
  "pk": 8,
  "fields": {
    "name": "DOVE"
  }
},
{
  "model": "erp.category",
  "pk": 9,
  "fields": {
    "name": "CORONA"
  }
},
{
  "model": "erp.category",
  "pk": 10,
  "fields": {
    "name": "OFF"
  }
},
{
  "model": "erp.category",
  "pk": 11,
  "fields": {
    "name": "TITA"
  }
},
{
  "model": "erp.category",
  "pk": 12,
  "fields": {
    "name": "OPERA"
  }
},
{
  "model": "erp.category",
  "pk": 13,
  "fields": {
    "name": "MILKA"
  }
},
{
  "model": "erp.category",
  "pk": 14,
  "fields": {
    "name": "TERRABUSI"
  }
},
{
  "model": "erp.category",
  "pk": 15,
  "fields": {
    "name": "CRIADORES"
  }
},
{
  "model": "erp.category",
  "pk": 16,
  "fields": {
    "name": "HALLS"
  }
},
{
  "model": "erp.category",
  "pk": 17,
  "fields": {
    "name": "TRES PLUMAS"
  }
},
{
  "model": "erp.category",
  "pk": 18,
  "fields": {
    "name": "SHOT"
  }
},
{
  "model": "erp.category",
  "pk": 19,
  "fields": {
    "name": "TOPLINE"
  }
},
{
  "model": "erp.category",
  "pk": 20,
  "fields": {
    "name": "BON O BON"
  }
},
{
  "model": "erp.category",
  "pk": 21,
  "fields": {
    "name": "COFLER"
  }
},
{
  "model": "erp.category",
  "pk": 22,
  "fields": {
    "name": "MENTO PLUS"
  }
},
{
  "model": "erp.category",
  "pk": 23,
  "fields": {
    "name": "MENTOPLUS"
  }
},
{
  "model": "erp.category",
  "pk": 24,
  "fields": {
    "name": "CARREFOUR"
  }
},
{
  "model": "erp.category",
  "pk": 25,
  "fields": {
    "name": "VAUQUITA"
  }
},
{
  "model": "erp.category",
  "pk": 26,
  "fields": {
    "name": "CACHAFAZ"
  }
},
{
  "model": "erp.category",
  "pk": 27,
  "fields": {
    "name": "TOP LINE"
  }
},
{
  "model": "erp.category",
  "pk": 28,
  "fields": {
    "name": "PLUSBELLE"
  }
},
{
  "model": "erp.category",
  "pk": 29,
  "fields": {
    "name": "ARCOR"
  }
},
{
  "model": "erp.category",
  "pk": 30,
  "fields": {
    "name": "SHIMY"
  }
},
{
  "model": "erp.category",
  "pk": 31,
  "fields": {
    "name": "BELDENT"
  }
},
{
  "model": "erp.category",
  "pk": 32,
  "fields": {
    "name": "MENTHOPLUS"
  }
},
{
  "model": "erp.category",
  "pk": 33,
  "fields": {
    "name": "DANETTE"
  }
},
{
  "model": "erp.category",
  "pk": 34,
  "fields": {
    "name": "CELUSAL"
  }
},
{
  "model": "erp.category",
  "pk": 35,
  "fields": {
    "name": "WASSINGTON"
  }
},
{
  "model": "erp.category",
  "pk": 36,
  "fields": {
    "name": "SANCORITO"
  }
},
{
  "model": "erp.category",
  "pk": 37,
  "fields": {
    "name": "PIPAS"
  }
},
{
  "model": "erp.category",
  "pk": 38,
  "fields": {
    "name": "UNIQUIT"
  }
},
{
  "model": "erp.category",
  "pk": 39,
  "fields": {
    "name": "MAPSA"
  }
},
{
  "model": "erp.category",
  "pk": 40,
  "fields": {
    "name": "BIZNIKKE"
  }
},
{
  "model": "erp.category",
  "pk": 41,
  "fields": {
    "name": "GUAYMALLEN"
  }
},
{
  "model": "erp.category",
  "pk": 42,
  "fields": {
    "name": "hola"
  }
},
{
  "model": "erp.resource",
  "pk": 1,
  "fields": {
    "name": "Cerveza Botella Schneider x 1 Un",
    "code": "Y8JSNGDX",
    "category": 1,
    "price": "8.00",
    "image": "",
    "stock": 0
  }
},
{
  "model": "erp.resource",
  "pk": 2,
  "fields": {
    "name": "REJILLA COMPACTA COL",
    "code": "FRNEAU5V",
    "category": 2,
    "price": "5.00",
    "image": "",
    "stock": 0
  }
},
{
  "model": "erp.resource",
  "pk": 3,
  "fields": {
    "name": "REJ.SECAVAJ.43X55CM",
    "code": "WOZRHOOK",
    "category": 2,
    "price": "3.00",
    "image": "",
    "stock": 0
  }
},
{
  "model": "erp.resource",
  "pk": 4,
  "fields": {
    "name": "REJILLA AUTO 50X50CM",
    "code": "WERWBP5F",
    "category": 2,
    "price": "8.00",
    "image": "",
    "stock": 0
  }
},
{
  "model": "erp.resource",
  "pk": 5,
  "fields": {
    "name": "LECHE L.V.ENTERA",
    "code": "RT88GVQO",
    "category": 2,
    "price": "1.00",
    "image": "",
    "stock": 0
  }
},
{
  "model": "erp.resource",
  "pk": 6,
  "fields": {
    "name": "Trapo Piso Blanco Consorcio x 1 Un",
    "code": "F7KOYQGL",
    "category": 2,
    "price": "8.00",
    "image": "",
    "stock": 0
  }
},
{
  "model": "erp.resource",
  "pk": 7,
  "fields": {
    "name": "Trapo Piso Gris Consorcio x 1 Un",
    "code": "BAY5MBJG",
    "category": 2,
    "price": "5.00",
    "image": "",
    "stock": 0
  }
},
{
  "model": "erp.resource",
  "pk": 8,
  "fields": {
    "name": "Trapo Piso Mil Usos x 1 Un",
    "code": "PL7UTGQH",
    "category": 2,
    "price": "5.00",
    "image": "",
    "stock": 0
  }
},
{
  "model": "erp.resource",
  "pk": 9,
  "fields": {
    "name": "PAÃ‘O FRANELA CALIDAD",
    "code": "BFYOT8OO",
    "category": 2,
    "price": "9.00",
    "image": "",
    "stock": 0
  }
},
{
  "model": "erp.resource",
  "pk": 10,
  "fields": {
    "name": "Cerveza Blanca Botella Salta x 1 Un",
    "code": "EBTECUS3",
    "category": 3,
    "price": "6.00",
    "image": "",
    "stock": 0
  }
},
{
  "model": "erp.resource",
  "pk": 11,
  "fields": {
    "name": "ESQUELETO CERV BLANC",
    "code": "QEDQYGNO",
    "category": 3,
    "price": "4.00",
    "image": "",
    "stock": 0
  }
},
{
  "model": "erp.resource",
  "pk": 12,
  "fields": {
    "name": "Cerveza Negra Botella Salta x 1 Un",
    "code": "95KKFJRA",
    "category": 3,
    "price": "7.00",
    "image": "",
    "stock": 0
  }
},
{
  "model": "erp.resource",
  "pk": 13,
  "fields": {
    "name": "ESQUELETO CERV NEGRA",
    "code": "QX5PZIRC",
    "category": 3,
    "price": "3.00",
    "image": "",
    "stock": 0
  }
},
{
  "model": "erp.resource",
  "pk": 14,
  "fields": {
    "name": "ENVASE CERVEZA 1890",
    "code": "FXT5H3DJ",
    "category": 4,
    "price": "10.00",
    "image": "",
    "stock": 0
  }
},
{
  "model": "erp.resource",
  "pk": 15,
  "fields": {
    "name": "ESQUELETO CERV 1890",
    "code": "QZD9ADPX",
    "category": 4,
    "price": "10.00",
    "image": "",
    "stock": 0
  }
},
{
  "model": "erp.resource",
  "pk": 16,
  "fields": {
    "name": "Huevo de Chocolate Kinder con Sorpresa Caja x 20 Gr",
    "code": "XXN14ZHM",
    "category": 5,
    "price": "8.00",
    "image": "",
    "stock": 0
  }
},
{
  "model": "erp.resource",
  "pk": 17,
  "fields": {
    "name": "Desmaquillador de Ojos Bifasico en Botella Nivea x 125 Ml",
    "code": "LJXNWQKS",
    "category": 6,
    "price": "6.00",
    "image": "",
    "stock": 0
  }
},
{
  "model": "erp.resource",
  "pk": 18,
  "fields": {
    "name": "Crema Facial Cuidado Nivea x 100 Ml",
    "code": "8XNTODOQ",
    "category": 6,
    "price": "1.00",
    "image": "",
    "stock": 6
  }
},
{
  "model": "erp.resource",
  "pk": 19,
  "fields": {
    "name": "Desodorante Antitranspirante en Barra V8 Rexona x 50 Gr",
    "code": "N3V7OSJL",
    "category": 7,
    "price": "6.00",
    "image": "",
    "stock": 0
  }
},
{
  "model": "erp.resource",
  "pk": 20,
  "fields": {
    "name": "Desodorante Stick Nutritivo Rexona x 50 Gr",
    "code": "ZJOMKGTI",
    "category": 7,
    "price": "4.00",
    "image": "",
    "stock": 0
  }
},
{
  "model": "erp.resource",
  "pk": 21,
  "fields": {
    "name": "Desodorante Original Dove x 50 Gr",
    "code": "PXTVJUEM",
    "category": 8,
    "price": "10.00",
    "image": "",
    "stock": 0
  }
},
{
  "model": "erp.resource",
  "pk": 22,
  "fields": {
    "name": "Cerveza Corona x 335 Cc",
    "code": "47PHJKSF",
    "category": 9,
    "price": "2.00",
    "image": "",
    "stock": 50
  }
},
{
  "model": "erp.resource",
  "pk": 23,
  "fields": {
    "name": "Repelente Crema Off x 60 Gr",
    "code": "BUJXGPLU",
    "category": 10,
    "price": "2.00",
    "image": "",
    "stock": 0
  }
},
{
  "model": "erp.resource",
  "pk": 24,
  "fields": {
    "name": "Galletitas BanÌƒadas con Chocolate con Relleno de Limon Terrabusi Tita x 18 Gr",
    "code": "7LAFIXQS",
    "category": 11,
    "price": "9.00",
    "image": "",
    "stock": 30
  }
},
{
  "model": "erp.resource",
  "pk": 25,
  "fields": {
    "name": "Obleas Rellena Bagley Opera x 55 Gr",
    "code": "WFK4KETL",
    "category": 12,
    "price": "7.00",
    "image": "",
    "stock": 0
  }
},
{
  "model": "erp.resource",
  "pk": 26,
  "fields": {
    "name": "Obleas Rellena Bagley Opera x 92 Gr",
    "code": "XY2SKQO6",
    "category": 12,
    "price": "5.00",
    "image": "",
    "stock": 0
  }
},
{
  "model": "erp.resource",
  "pk": 27,
  "fields": {
    "name": "Alfajor Mousse Triple Milka x 55 Gr",
    "code": "8JBE2JXX",
    "category": 13,
    "price": "6.00",
    "image": "",
    "stock": 61
  }
},
{
  "model": "erp.resource",
  "pk": 28,
  "fields": {
    "name": "Alfajor Triple Dulce de Leche Terrabusi x 70 Gr",
    "code": "IWPABXLP",
    "category": 14,
    "price": "8.00",
    "image": "",
    "stock": 82
  }
},
{
  "model": "erp.resource",
  "pk": 29,
  "fields": {
    "name": "Whisky Criadores En Petaca x 195 Cc",
    "code": "4BZKU7VG",
    "category": 15,
    "price": "4.00",
    "image": "",
    "stock": 20
  }
},
{
  "model": "erp.resource",
  "pk": 30,
  "fields": {
    "name": "Caramelos Halls Cherry Paquete x 28 Gr",
    "code": "QFRG4DXG",
    "category": 16,
    "price": "9.00",
    "image": "",
    "stock": 0
  }
},
{
  "model": "erp.resource",
  "pk": 31,
  "fields": {
    "name": "Licor Crema de Dulce de Leche Tres Plumas x 200 Cc",
    "code": "7WX8RTSR",
    "category": 17,
    "price": "10.00",
    "image": "",
    "stock": 40
  }
},
{
  "model": "erp.resource",
  "pk": 32,
  "fields": {
    "name": "Chocolate en Tableta Shot x 35 Gr",
    "code": "HZ3AR9NO",
    "category": 18,
    "price": "4.00",
    "image": "",
    "stock": 0
  }
},
{
  "model": "erp.resource",
  "pk": 33,
  "fields": {
    "name": "Chicles Topline Fruta Paquete x 6.7 Gr",
    "code": "HDYNPMPE",
    "category": 19,
    "price": "1.00",
    "image": "",
    "stock": 0
  }
},
{
  "model": "erp.resource",
  "pk": 34,
  "fields": {
    "name": "Bombon de Leche Suelto Bon o Bon x 1 Un",
    "code": "9UGSL0K8",
    "category": 20,
    "price": "1.00",
    "image": "",
    "stock": 0
  }
},
{
  "model": "erp.resource",
  "pk": 35,
  "fields": {
    "name": "Chocolate Leche M Joy Milka x 30 Gr",
    "code": "XTQFC1VJ",
    "category": 13,
    "price": "10.00",
    "image": "",
    "stock": 0
  }
},
{
  "model": "erp.resource",
  "pk": 36,
  "fields": {
    "name": "Chocolate con Mani Block Cofler x 110 Gr",
    "code": "HWPYTRB9",
    "category": 21,
    "price": "8.00",
    "image": "",
    "stock": 0
  }
},
{
  "model": "erp.resource",
  "pk": 37,
  "fields": {
    "name": "Caramelos Mentho Plus Cherry 9 x Gr",
    "code": "OGWNG3VN",
    "category": 22,
    "price": "3.00",
    "image": "",
    "stock": 0
  }
},
{
  "model": "erp.resource",
  "pk": 38,
  "fields": {
    "name": "Caramelos Miel Menthoplus x 30.6 Gr",
    "code": "4IVZQDL1",
    "category": 23,
    "price": "8.00",
    "image": "",
    "stock": 40
  }
},
{
  "model": "erp.resource",
  "pk": 39,
  "fields": {
    "name": "Desodorante Roll On Crystal Rexona x 50 Ml",
    "code": "RRV02FXT",
    "category": 7,
    "price": "9.00",
    "image": "",
    "stock": 0
  }
},
{
  "model": "erp.resource",
  "pk": 40,
  "fields": {
    "name": "PanÌƒuelos Descartables Carrefour x 1 Un",
    "code": "JVW1EYA2",
    "category": 24,
    "price": "9.00",
    "image": "",
    "stock": 0
  }
},
{
  "model": "erp.resource",
  "pk": 41,
  "fields": {
    "name": "Bocadito de Dulce de Leche Light Vauquita x 22 Gr",
    "code": "WRHTSHMX",
    "category": 25,
    "price": "1.00",
    "image": "",
    "stock": 0
  }
},
{
  "model": "erp.resource",
  "pk": 42,
  "fields": {
    "name": "Desodorante Nutritive Roll On Rexona x 50 Ml",
    "code": "JP1AMPAU",
    "category": 7,
    "price": "3.00",
    "image": "",
    "stock": 0
  }
},
{
  "model": "erp.resource",
  "pk": 43,
  "fields": {
    "name": "Chicles Topline Seven Menta Paquete x 14 Gr",
    "code": "FWP8SNMT",
    "category": 19,
    "price": "5.00",
    "image": "",
    "stock": 0
  }
},
{
  "model": "erp.resource",
  "pk": 44,
  "fields": {
    "name": "Caramelos Strong Mint Paquete Halls x 28 Gr",
    "code": "EGF1LK92",
    "category": 16,
    "price": "9.00",
    "image": "",
    "stock": 0
  }
},
{
  "model": "erp.resource",
  "pk": 45,
  "fields": {
    "name": "Caramelos Mentol Paquete Halls x 28 Gr",
    "code": "A0KFYASL",
    "category": 16,
    "price": "3.00",
    "image": "",
    "stock": 0
  }
},
{
  "model": "erp.resource",
  "pk": 46,
  "fields": {
    "name": "Alfajor con BanÌƒo de Chocolate Cachafaz x 60 Gr",
    "code": "MTAWEQSD",
    "category": 26,
    "price": "5.00",
    "image": "",
    "stock": 0
  }
},
{
  "model": "erp.resource",
  "pk": 47,
  "fields": {
    "name": "Alfajor Clasico Terrabusi x 50 Gr",
    "code": "KIT8NDNM",
    "category": 14,
    "price": "7.00",
    "image": "",
    "stock": 79
  }
},
{
  "model": "erp.resource",
  "pk": 48,
  "fields": {
    "name": "Chicle Seven Strong Top Line 14,7 x Gr",
    "code": "YUPL25WT",
    "category": 27,
    "price": "1.00",
    "image": "",
    "stock": 0
  }
},
{
  "model": "erp.resource",
  "pk": 49,
  "fields": {
    "name": "Desodorante Roll On Invisible Plusbelle x 50 Cc",
    "code": "9GZISMMU",
    "category": 28,
    "price": "9.00",
    "image": "",
    "stock": 0
  }
},
{
  "model": "erp.resource",
  "pk": 50,
  "fields": {
    "name": "Turron Arcor x 25 Gr",
    "code": "O3TAFLZD",
    "category": 29,
    "price": "10.00",
    "image": "",
    "stock": 0
  }
},
{
  "model": "erp.resource",
  "pk": 51,
  "fields": {
    "name": "Gelatina Sabor Frutilla Shimy Sancor x 110 Gr",
    "code": "AX7YXNPE",
    "category": 30,
    "price": "10.00",
    "image": "",
    "stock": 0
  }
},
{
  "model": "erp.resource",
  "pk": 52,
  "fields": {
    "name": "Gelatina Sabor Manzana Shimy Sancor x 110 Gr",
    "code": "NZUK53OZ",
    "category": 30,
    "price": "10.00",
    "image": "",
    "stock": 0
  }
},
{
  "model": "erp.resource",
  "pk": 53,
  "fields": {
    "name": "Desodorante en Crema en Pote Odorono Rexona x 60 Gr",
    "code": "DOU4MBLJ",
    "category": 7,
    "price": "7.00",
    "image": "",
    "stock": 0
  }
},
{
  "model": "erp.resource",
  "pk": 54,
  "fields": {
    "name": "Desodorante Original Dove x 85 Ml",
    "code": "UZZFEH78",
    "category": 8,
    "price": "2.00",
    "image": "",
    "stock": 0
  }
},
{
  "model": "erp.resource",
  "pk": 55,
  "fields": {
    "name": "Desodorante Anititranspirante Roll On Sensitive Rexona x 85 Ml",
    "code": "RXYFC1TY",
    "category": 7,
    "price": "10.00",
    "image": "",
    "stock": 0
  }
},
{
  "model": "erp.resource",
  "pk": 56,
  "fields": {
    "name": "Desodorante Antitranspirante Roll On Invisible Rexona x 50 Gr",
    "code": "2NIYY7VU",
    "category": 7,
    "price": "4.00",
    "image": "",
    "stock": 40
  }
},
{
  "model": "erp.resource",
  "pk": 57,
  "fields": {
    "name": "Desodorante Antitranspirante Roll On V8 Rexona x 50 Ml",
    "code": "DGWAHZH6",
    "category": 7,
    "price": "2.00",
    "image": "",
    "stock": 0
  }
},
{
  "model": "erp.resource",
  "pk": 58,
  "fields": {
    "name": "Desodorante Cotton Rexona x 85 Ml",
    "code": "JPDLSFV8",
    "category": 7,
    "price": "3.00",
    "image": "",
    "stock": 0
  }
},
{
  "model": "erp.resource",
  "pk": 59,
  "fields": {
    "name": "Antitranspirante Comprimido Active Emotion Rexona x 85 Ml",
    "code": "HHUNWZAT",
    "category": 7,
    "price": "10.00",
    "image": "",
    "stock": 4
  }
},
{
  "model": "erp.resource",
  "pk": 60,
  "fields": {
    "name": "Chicles Menta Blister Beldent x 10 Gr",
    "code": "BHD8XKW3",
    "category": 31,
    "price": "5.00",
    "image": "",
    "stock": 0
  }
},
{
  "model": "erp.resource",
  "pk": 61,
  "fields": {
    "name": "Chicles Menta Blister Beldent x 10 Gr",
    "code": "VFQBPY5D",
    "category": 31,
    "price": "4.00",
    "image": "",
    "stock": 0
  }
},
{
  "model": "erp.resource",
  "pk": 62,
  "fields": {
    "name": "Chicles Globo Blister Beldent x 10 Gr",
    "code": "1KGZLTQD",
    "category": 31,
    "price": "9.00",
    "image": "",
    "stock": 50
  }
},
{
  "model": "erp.resource",
  "pk": 63,
  "fields": {
    "name": "Mentho-Plus Free Crerry Arcor x 27 Gr",
    "code": "ZQDL6S4R",
    "category": 32,
    "price": "3.00",
    "image": "",
    "stock": 0
  }
},
{
  "model": "erp.resource",
  "pk": 64,
  "fields": {
    "name": "Caramelos Sabor Mentol Zero Menthoplus x 27,3",
    "code": "WVEZ4LTQ",
    "category": 32,
    "price": "1.00",
    "image": "",
    "stock": 0
  }
},
{
  "model": "erp.resource",
  "pk": 65,
  "fields": {
    "name": "Chicles Seven Frutilla Paquete Top Line x 14.7 Gr",
    "code": "FBKWOJIJ",
    "category": 27,
    "price": "8.00",
    "image": "",
    "stock": 0
  }
},
{
  "model": "erp.resource",
  "pk": 66,
  "fields": {
    "name": "Postre Sabor Dulce de Leche Danette Pack 2 Un x 190 Gr",
    "code": "JIDMYKKZ",
    "category": 33,
    "price": "9.00",
    "image": "",
    "stock": 0
  }
},
{
  "model": "erp.resource",
  "pk": 67,
  "fields": {
    "name": "Postre Sabor Chocolate Danette Pack 2 Un x 190 Gr",
    "code": "SVL7F9ND",
    "category": 33,
    "price": "8.00",
    "image": "",
    "stock": 0
  }
},
{
  "model": "erp.resource",
  "pk": 68,
  "fields": {
    "name": "Chocolate con Mani Block Cofler x 38 Gr",
    "code": "GVTGOZIV",
    "category": 21,
    "price": "3.00",
    "image": "",
    "stock": 0
  }
},
{
  "model": "erp.resource",
  "pk": 69,
  "fields": {
    "name": "Sal Fina en Salero Celusal x 250 Gr",
    "code": "E9PPLYPF",
    "category": 34,
    "price": "2.00",
    "image": "",
    "stock": 0
  }
},
{
  "model": "erp.resource",
  "pk": 70,
  "fields": {
    "name": "Pomada para zapatos Negro Lata Wassington x 60 Gr",
    "code": "WU3PHSB7",
    "category": 35,
    "price": "8.00",
    "image": "",
    "stock": 0
  }
},
{
  "model": "erp.resource",
  "pk": 71,
  "fields": {
    "name": "Pomada para zapatos Marron en Lata Wassington x 60 Gr",
    "code": "JJUVHNY2",
    "category": 35,
    "price": "4.00",
    "image": "",
    "stock": 0
  }
},
{
  "model": "erp.resource",
  "pk": 72,
  "fields": {
    "name": "Pomada para zapatos en lata Wassington x 60 Cc",
    "code": "RAC5K3XP",
    "category": 35,
    "price": "4.00",
    "image": "",
    "stock": 0
  }
},
{
  "model": "erp.resource",
  "pk": 73,
  "fields": {
    "name": "Flan Sabor Vainilla con Caramelo Sancorito x 110 Gr",
    "code": "XPLGTBAV",
    "category": 36,
    "price": "8.00",
    "image": "",
    "stock": 0
  }
},
{
  "model": "erp.resource",
  "pk": 74,
  "fields": {
    "name": "Semillas de Girasol Pipas x 18 Gr",
    "code": "US128TPG",
    "category": 37,
    "price": "2.00",
    "image": "",
    "stock": 0
  }
},
{
  "model": "erp.resource",
  "pk": 75,
  "fields": {
    "name": "QUITAESMALTE FORTALECEDOR UNIQUIT X 120 CC",
    "code": "ZWZNPZO7",
    "category": 38,
    "price": "3.00",
    "image": "",
    "stock": 0
  }
},
{
  "model": "erp.resource",
  "pk": 76,
  "fields": {
    "name": "Tableta de Chocolate sin Azucar Libre de Gluten Mapsa X 100 Gr",
    "code": "RZIWQTQM",
    "category": 39,
    "price": "10.00",
    "image": "",
    "stock": 0
  }
},
{
  "model": "erp.resource",
  "pk": 77,
  "fields": {
    "name": "Tableta de Chocolate con Mani Biznikke x 30 Gr",
    "code": "EHSN36DS",
    "category": 40,
    "price": "8.00",
    "image": "",
    "stock": 0
  }
},
{
  "model": "erp.resource",
  "pk": 78,
  "fields": {
    "name": "Tableta de Dulce de Leche Vauquita Tableta x 25 Gr",
    "code": "Y0MMVM7N",
    "category": 25,
    "price": "7.00",
    "image": "",
    "stock": 0
  }
},
{
  "model": "erp.resource",
  "pk": 79,
  "fields": {
    "name": "Alfajor con BanÌƒo de Chocolate Blanco Guaymallen x 38 Gr",
    "code": "PQBTP3E3",
    "category": 41,
    "price": "4.00",
    "image": "",
    "stock": 62
  }
},
{
  "model": "erp.resource",
  "pk": 80,
  "fields": {
    "name": "Alfajor con BanÌƒo de Chocolate Guaymallen x 38 Gr",
    "code": "ZJP0CJDI",
    "category": 41,
    "price": "2.00",
    "image": "",
    "stock": 1
  }
},
{
  "model": "erp.purchase",
  "pk": 1,
  "fields": {
    "number": "38493849",
    "provider": 3,
    "date_joined": "2022-11-26",
    "subtotal": "138.00"
  }
},
{
  "model": "erp.purchase",
  "pk": 2,
  "fields": {
    "number": "28392838",
    "provider": 8,
    "date_joined": "2022-12-01",
    "subtotal": "2086.00"
  }
},
{
  "model": "erp.purchase",
  "pk": 3,
  "fields": {
    "number": "32293928",
    "provider": 7,
    "date_joined": "2022-12-01",
    "subtotal": "700.00"
  }
},
{
  "model": "erp.purchase",
  "pk": 4,
  "fields": {
    "number": "01901920",
    "provider": 2,
    "date_joined": "2022-12-01",
    "subtotal": "800.00"
  }
},
{
  "model": "erp.purchasedetail",
  "pk": 1,
  "fields": {
    "purchase": 1,
    "resource": 27,
    "cant": 4,
    "price": "6.00",
    "subtotal": "24.00"
  }
},
{
  "model": "erp.purchasedetail",
  "pk": 2,
  "fields": {
    "purchase": 1,
    "resource": 28,
    "cant": 5,
    "price": "8.00",
    "subtotal": "40.00"
  }
},
{
  "model": "erp.purchasedetail",
  "pk": 3,
  "fields": {
    "purchase": 1,
    "resource": 79,
    "cant": 4,
    "price": "4.00",
    "subtotal": "16.00"
  }
},
{
  "model": "erp.purchasedetail",
  "pk": 4,
  "fields": {
    "purchase": 1,
    "resource": 80,
    "cant": 4,
    "price": "2.00",
    "subtotal": "8.00"
  }
},
{
  "model": "erp.purchasedetail",
  "pk": 5,
  "fields": {
    "purchase": 1,
    "resource": 59,
    "cant": 5,
    "price": "10.00",
    "subtotal": "50.00"
  }
},
{
  "model": "erp.purchasedetail",
  "pk": 6,
  "fields": {
    "purchase": 2,
    "resource": 62,
    "cant": 50,
    "price": "9.00",
    "subtotal": "450.00"
  }
},
{
  "model": "erp.purchasedetail",
  "pk": 7,
  "fields": {
    "purchase": 2,
    "resource": 56,
    "cant": 40,
    "price": "4.00",
    "subtotal": "160.00"
  }
},
{
  "model": "erp.purchasedetail",
  "pk": 8,
  "fields": {
    "purchase": 2,
    "resource": 22,
    "cant": 50,
    "price": "2.00",
    "subtotal": "100.00"
  }
},
{
  "model": "erp.purchasedetail",
  "pk": 9,
  "fields": {
    "purchase": 2,
    "resource": 29,
    "cant": 20,
    "price": "4.00",
    "subtotal": "80.00"
  }
},
{
  "model": "erp.purchasedetail",
  "pk": 10,
  "fields": {
    "purchase": 2,
    "resource": 38,
    "cant": 40,
    "price": "8.00",
    "subtotal": "320.00"
  }
},
{
  "model": "erp.purchasedetail",
  "pk": 11,
  "fields": {
    "purchase": 2,
    "resource": 24,
    "cant": 30,
    "price": "9.00",
    "subtotal": "270.00"
  }
},
{
  "model": "erp.purchasedetail",
  "pk": 12,
  "fields": {
    "purchase": 2,
    "resource": 31,
    "cant": 40,
    "price": "10.00",
    "subtotal": "400.00"
  }
},
{
  "model": "erp.purchasedetail",
  "pk": 13,
  "fields": {
    "purchase": 2,
    "resource": 27,
    "cant": 50,
    "price": "6.00",
    "subtotal": "300.00"
  }
},
{
  "model": "erp.purchasedetail",
  "pk": 14,
  "fields": {
    "purchase": 2,
    "resource": 18,
    "cant": 6,
    "price": "1.00",
    "subtotal": "6.00"
  }
},
{
  "model": "erp.purchasedetail",
  "pk": 15,
  "fields": {
    "purchase": 3,
    "resource": 47,
    "cant": 20,
    "price": "7.00",
    "subtotal": "140.00"
  }
},
{
  "model": "erp.purchasedetail",
  "pk": 16,
  "fields": {
    "purchase": 3,
    "resource": 28,
    "cant": 40,
    "price": "8.00",
    "subtotal": "320.00"
  }
},
{
  "model": "erp.purchasedetail",
  "pk": 17,
  "fields": {
    "purchase": 3,
    "resource": 79,
    "cant": 60,
    "price": "4.00",
    "subtotal": "240.00"
  }
},
{
  "model": "erp.purchasedetail",
  "pk": 18,
  "fields": {
    "purchase": 4,
    "resource": 47,
    "cant": 60,
    "price": "7.00",
    "subtotal": "420.00"
  }
},
{
  "model": "erp.purchasedetail",
  "pk": 19,
  "fields": {
    "purchase": 4,
    "resource": 27,
    "cant": 10,
    "price": "6.00",
    "subtotal": "60.00"
  }
},
{
  "model": "erp.purchasedetail",
  "pk": 20,
  "fields": {
    "purchase": 4,
    "resource": 28,
    "cant": 40,
    "price": "8.00",
    "subtotal": "320.00"
  }
},
{
  "model": "erp.product",
  "pk": 1,
  "fields": {
    "name": "Petunias",
    "code": "PETUKSJD",
    "description": "Es una de las clásicas flores de verano para el balcón. Lo llenan de alegría y color al instante.",
    "type": "plant",
    "price": "2.00",
    "stock": 409,
    "image": "product/2022/11/29/Petunia_Colgante_1581679727-300x250.png"
  }
},
{
  "model": "erp.product",
  "pk": 2,
  "fields": {
    "name": "Buganvilla",
    "code": "BGKSJDKJ",
    "description": "Es una de esas plantas trepadoras que se convierten en una auténtica dama con la llegada del verano.",
    "type": "plant",
    "price": "1.50",
    "stock": 299,
    "image": "product/2022/11/29/pngtree-red-bougainvillea-flower-leaf-png-image_8669780.png"
  }
},
{
  "model": "erp.product",
  "pk": 3,
  "fields": {
    "name": "INJERTO DE CACAO",
    "code": "CACAOINS",
    "description": "Consiste en injertar una sola yema adherida a una sección de corteza.",
    "type": "graft",
    "price": "0.40",
    "stock": 212,
    "image": "product/2022/11/29/cacao_1.png"
  }
},
{
  "model": "erp.lot",
  "pk": 1,
  "fields": {
    "name": "Lote 1",
    "code": "0202226780"
  }
},
{
  "model": "erp.lot",
  "pk": 2,
  "fields": {
    "name": "Lote 2",
    "code": "9441737310"
  }
},
{
  "model": "erp.lot",
  "pk": 3,
  "fields": {
    "name": "Lote 3",
    "code": "3395783048"
  }
},
{
  "model": "erp.lot",
  "pk": 4,
  "fields": {
    "name": "Lote 4",
    "code": "9774675132"
  }
},
{
  "model": "erp.stage",
  "pk": 1,
  "fields": {
    "step": 1,
    "name": "Germinación",
    "color": "#E90000",
    "description": "La semilla tiene las condiciones adecuadas (calor, agua y aire) se rompe y le brota una pequeña raíz. ",
    "percent": "10.00"
  }
},
{
  "model": "erp.stage",
  "pk": 2,
  "fields": {
    "step": 2,
    "name": "Plántula",
    "color": "#0F009C",
    "description": "Cuando tu planta se convierta en una plántula, notarás que desarrolla más hojas de abanico tradicionales. ",
    "percent": "25.00"
  }
},
{
  "model": "erp.stage",
  "pk": 3,
  "fields": {
    "step": 3,
    "name": "Vegetativa",
    "color": "#FF07F3",
    "description": "Es donde realmente despega el crecimiento de la planta. En este punto, ha trasplantado su planta a una maceta más grande y las raíces y el follaje se están desarrollando rápidamente. Este también es el momento de comenzar a cubrir o entrenar sus plantas.",
    "percent": "75.00"
  }
},
{
  "model": "erp.stage",
  "pk": 4,
  "fields": {
    "step": 4,
    "name": "Floración",
    "color": "#41B407",
    "description": "La etapa de floración es la etapa final de crecimiento de una planta. Aquí es cuando las plantas comienzan a desarrollar cogollos resinosos y tu arduo trabajo se hará realidad.",
    "percent": "100.00"
  }
},
{
  "model": "erp.production",
  "pk": 1,
  "fields": {
    "start_date": "2022-11-27",
    "end_date": "2022-11-27",
    "lot": 3,
    "state": false
  }
},
{
  "model": "erp.production",
  "pk": 2,
  "fields": {
    "start_date": "2022-11-28",
    "end_date": "2022-11-28",
    "lot": 3,
    "state": true
  }
},
{
  "model": "erp.production",
  "pk": 3,
  "fields": {
    "start_date": "2022-12-04",
    "end_date": "2022-12-04",
    "lot": 4,
    "state": true
  }
},
{
  "model": "erp.productionresources",
  "pk": 1,
  "fields": {
    "production": 1,
    "resource": 27,
    "cant": 1,
    "price": "6.00",
    "subtotal": "6.00"
  }
},
{
  "model": "erp.productionresources",
  "pk": 2,
  "fields": {
    "production": 1,
    "resource": 28,
    "cant": 1,
    "price": "8.00",
    "subtotal": "8.00"
  }
},
{
  "model": "erp.productionresources",
  "pk": 3,
  "fields": {
    "production": 1,
    "resource": 80,
    "cant": 1,
    "price": "2.00",
    "subtotal": "2.00"
  }
},
{
  "model": "erp.productionresources",
  "pk": 4,
  "fields": {
    "production": 1,
    "resource": 79,
    "cant": 1,
    "price": "4.00",
    "subtotal": "4.00"
  }
},
{
  "model": "erp.productionresources",
  "pk": 5,
  "fields": {
    "production": 2,
    "resource": 28,
    "cant": 1,
    "price": "8.00",
    "subtotal": "8.00"
  }
},
{
  "model": "erp.productionresources",
  "pk": 6,
  "fields": {
    "production": 2,
    "resource": 79,
    "cant": 1,
    "price": "4.00",
    "subtotal": "4.00"
  }
},
{
  "model": "erp.productionresources",
  "pk": 7,
  "fields": {
    "production": 2,
    "resource": 27,
    "cant": 1,
    "price": "6.00",
    "subtotal": "6.00"
  }
},
{
  "model": "erp.productionresources",
  "pk": 8,
  "fields": {
    "production": 2,
    "resource": 59,
    "cant": 1,
    "price": "10.00",
    "subtotal": "10.00"
  }
},
{
  "model": "erp.productionresources",
  "pk": 9,
  "fields": {
    "production": 2,
    "resource": 80,
    "cant": 1,
    "price": "2.00",
    "subtotal": "2.00"
  }
},
{
  "model": "erp.productionresources",
  "pk": 10,
  "fields": {
    "production": 3,
    "resource": 47,
    "cant": 1,
    "price": "7.00",
    "subtotal": "7.00"
  }
},
{
  "model": "erp.productionresources",
  "pk": 11,
  "fields": {
    "production": 3,
    "resource": 27,
    "cant": 1,
    "price": "6.00",
    "subtotal": "6.00"
  }
},
{
  "model": "erp.productionresources",
  "pk": 12,
  "fields": {
    "production": 3,
    "resource": 28,
    "cant": 1,
    "price": "8.00",
    "subtotal": "8.00"
  }
},
{
  "model": "erp.productionresources",
  "pk": 13,
  "fields": {
    "production": 3,
    "resource": 80,
    "cant": 1,
    "price": "2.00",
    "subtotal": "2.00"
  }
},
{
  "model": "erp.productionproducts",
  "pk": 1,
  "fields": {
    "production": 1,
    "product": 1,
    "cant": 50,
    "harvest_date": "2022-11-18",
    "loss": 5,
    "total": 45,
    "status": "harvested"
  }
},
{
  "model": "erp.productionproducts",
  "pk": 2,
  "fields": {
    "production": 1,
    "product": 2,
    "cant": 100,
    "harvest_date": "2022-11-18",
    "loss": 50,
    "total": 50,
    "status": "harvested"
  }
},
{
  "model": "erp.productionproducts",
  "pk": 3,
  "fields": {
    "production": 1,
    "product": 3,
    "cant": 150,
    "harvest_date": "2022-11-18",
    "loss": 0,
    "total": 150,
    "status": "harvested"
  }
},
{
  "model": "erp.productionproducts",
  "pk": 4,
  "fields": {
    "production": 2,
    "product": 1,
    "cant": 50,
    "harvest_date": "2022-12-04",
    "loss": 0,
    "total": 50,
    "status": "harvested"
  }
},
{
  "model": "erp.productionproducts",
  "pk": 5,
  "fields": {
    "production": 2,
    "product": 2,
    "cant": 40,
    "harvest_date": "2022-12-04",
    "loss": 0,
    "total": 40,
    "status": "harvested"
  }
},
{
  "model": "erp.productionproducts",
  "pk": 6,
  "fields": {
    "production": 2,
    "product": 3,
    "cant": 30,
    "harvest_date": "2022-12-04",
    "loss": 0,
    "total": 30,
    "status": "harvested"
  }
},
{
  "model": "erp.productionproducts",
  "pk": 7,
  "fields": {
    "production": 3,
    "product": 1,
    "cant": 400,
    "harvest_date": "2022-12-04",
    "loss": 0,
    "total": 400,
    "status": "harvested"
  }
},
{
  "model": "erp.productionproducts",
  "pk": 8,
  "fields": {
    "production": 3,
    "product": 2,
    "cant": 500,
    "harvest_date": "2022-12-04",
    "loss": 0,
    "total": 500,
    "status": "harvested"
  }
},
{
  "model": "erp.productionproducts",
  "pk": 9,
  "fields": {
    "production": 3,
    "product": 3,
    "cant": 400,
    "harvest_date": "2022-12-04",
    "loss": 0,
    "total": 400,
    "status": "harvested"
  }
},
{
  "model": "erp.productionstages",
  "pk": 1,
  "fields": {
    "production_products": 3,
    "stage": 1,
    "date_joined": "2022-11-27",
    "observations": "Sin detalles"
  }
},
{
  "model": "erp.productionstages",
  "pk": 2,
  "fields": {
    "production_products": 2,
    "stage": 1,
    "date_joined": "2022-11-27",
    "observations": "Sin detalles"
  }
},
{
  "model": "erp.productionstages",
  "pk": 3,
  "fields": {
    "production_products": 1,
    "stage": 1,
    "date_joined": "2022-11-27",
    "observations": "Sin detalles"
  }
},
{
  "model": "erp.productionstages",
  "pk": 4,
  "fields": {
    "production_products": 3,
    "stage": 2,
    "date_joined": "2022-11-27",
    "observations": "Sin detalles"
  }
},
{
  "model": "erp.productionstages",
  "pk": 5,
  "fields": {
    "production_products": 3,
    "stage": 3,
    "date_joined": "2022-11-27",
    "observations": "Sin detalles"
  }
},
{
  "model": "erp.productionstages",
  "pk": 6,
  "fields": {
    "production_products": 3,
    "stage": 4,
    "date_joined": "2022-11-27",
    "observations": "Sin detalles"
  }
},
{
  "model": "erp.productionstages",
  "pk": 7,
  "fields": {
    "production_products": 2,
    "stage": 2,
    "date_joined": "2022-11-27",
    "observations": "Sin detalles"
  }
},
{
  "model": "erp.productionstages",
  "pk": 8,
  "fields": {
    "production_products": 1,
    "stage": 2,
    "date_joined": "2022-11-27",
    "observations": "Sin detalles"
  }
},
{
  "model": "erp.productionstages",
  "pk": 9,
  "fields": {
    "production_products": 2,
    "stage": 3,
    "date_joined": "2022-11-27",
    "observations": "Sin detalles"
  }
},
{
  "model": "erp.productionstages",
  "pk": 10,
  "fields": {
    "production_products": 1,
    "stage": 3,
    "date_joined": "2022-11-27",
    "observations": "Sin detalles"
  }
},
{
  "model": "erp.productionstages",
  "pk": 11,
  "fields": {
    "production_products": 2,
    "stage": 4,
    "date_joined": "2022-11-27",
    "observations": "Sin detalles"
  }
},
{
  "model": "erp.productionstages",
  "pk": 12,
  "fields": {
    "production_products": 1,
    "stage": 4,
    "date_joined": "2022-11-27",
    "observations": "Sin detalles"
  }
},
{
  "model": "erp.productionstages",
  "pk": 13,
  "fields": {
    "production_products": 6,
    "stage": 1,
    "date_joined": "2022-12-04",
    "observations": "Sin detalles"
  }
},
{
  "model": "erp.productionstages",
  "pk": 14,
  "fields": {
    "production_products": 5,
    "stage": 1,
    "date_joined": "2022-12-04",
    "observations": "Sin detalles"
  }
},
{
  "model": "erp.productionstages",
  "pk": 15,
  "fields": {
    "production_products": 4,
    "stage": 1,
    "date_joined": "2022-12-04",
    "observations": "Sin detalles"
  }
},
{
  "model": "erp.productionstages",
  "pk": 16,
  "fields": {
    "production_products": 6,
    "stage": 2,
    "date_joined": "2022-12-04",
    "observations": "Sin detalles"
  }
},
{
  "model": "erp.productionstages",
  "pk": 17,
  "fields": {
    "production_products": 5,
    "stage": 2,
    "date_joined": "2022-12-04",
    "observations": "Sin detalles"
  }
},
{
  "model": "erp.productionstages",
  "pk": 18,
  "fields": {
    "production_products": 4,
    "stage": 2,
    "date_joined": "2022-12-04",
    "observations": "Sin detalles"
  }
},
{
  "model": "erp.productionstages",
  "pk": 19,
  "fields": {
    "production_products": 6,
    "stage": 3,
    "date_joined": "2022-12-04",
    "observations": "Sin detalles"
  }
},
{
  "model": "erp.productionstages",
  "pk": 20,
  "fields": {
    "production_products": 5,
    "stage": 3,
    "date_joined": "2022-12-04",
    "observations": "Sin detalles"
  }
},
{
  "model": "erp.productionstages",
  "pk": 21,
  "fields": {
    "production_products": 4,
    "stage": 3,
    "date_joined": "2022-12-04",
    "observations": "Sin detalles"
  }
},
{
  "model": "erp.productionstages",
  "pk": 22,
  "fields": {
    "production_products": 6,
    "stage": 4,
    "date_joined": "2022-12-04",
    "observations": "Sin detalles"
  }
},
{
  "model": "erp.productionstages",
  "pk": 23,
  "fields": {
    "production_products": 5,
    "stage": 4,
    "date_joined": "2022-12-04",
    "observations": "Sin detalles"
  }
},
{
  "model": "erp.productionstages",
  "pk": 24,
  "fields": {
    "production_products": 4,
    "stage": 4,
    "date_joined": "2022-12-04",
    "observations": "Sin detalles"
  }
},
{
  "model": "erp.productionstages",
  "pk": 25,
  "fields": {
    "production_products": 9,
    "stage": 1,
    "date_joined": "2022-12-04",
    "observations": "Sin detalles"
  }
},
{
  "model": "erp.productionstages",
  "pk": 26,
  "fields": {
    "production_products": 8,
    "stage": 1,
    "date_joined": "2022-12-04",
    "observations": "Sin detalles"
  }
},
{
  "model": "erp.productionstages",
  "pk": 27,
  "fields": {
    "production_products": 7,
    "stage": 1,
    "date_joined": "2022-12-04",
    "observations": "Sin detalles"
  }
},
{
  "model": "erp.productionstages",
  "pk": 28,
  "fields": {
    "production_products": 9,
    "stage": 2,
    "date_joined": "2022-12-04",
    "observations": "Sin detalles"
  }
},
{
  "model": "erp.productionstages",
  "pk": 29,
  "fields": {
    "production_products": 8,
    "stage": 2,
    "date_joined": "2022-12-04",
    "observations": "Sin detalles"
  }
},
{
  "model": "erp.productionstages",
  "pk": 30,
  "fields": {
    "production_products": 7,
    "stage": 2,
    "date_joined": "2022-12-04",
    "observations": "Sin detalles"
  }
},
{
  "model": "erp.productionstages",
  "pk": 31,
  "fields": {
    "production_products": 9,
    "stage": 3,
    "date_joined": "2022-12-04",
    "observations": "Sin detalles"
  }
},
{
  "model": "erp.productionstages",
  "pk": 32,
  "fields": {
    "production_products": 8,
    "stage": 3,
    "date_joined": "2022-12-04",
    "observations": "Sin detalles"
  }
},
{
  "model": "erp.productionstages",
  "pk": 33,
  "fields": {
    "production_products": 7,
    "stage": 3,
    "date_joined": "2022-12-04",
    "observations": "Sin detalles"
  }
},
{
  "model": "erp.productionstages",
  "pk": 34,
  "fields": {
    "production_products": 9,
    "stage": 4,
    "date_joined": "2022-12-04",
    "observations": "Sin detalles"
  }
},
{
  "model": "erp.productionstages",
  "pk": 35,
  "fields": {
    "production_products": 8,
    "stage": 4,
    "date_joined": "2022-12-04",
    "observations": "Sin detalles"
  }
},
{
  "model": "erp.productionstages",
  "pk": 36,
  "fields": {
    "production_products": 7,
    "stage": 4,
    "date_joined": "2022-12-04",
    "observations": "Sin detalles"
  }
},
{
  "model": "erp.promotions",
  "pk": 3,
  "fields": {
    "start_date": "2022-11-28",
    "end_date": "2022-12-06",
    "state": true
  }
},
{
  "model": "erp.promotionsdetail",
  "pk": 12,
  "fields": {
    "promotion": 3,
    "product": 2,
    "price_current": "1.50",
    "dscto": "0.30",
    "total_dscto": "0.44",
    "price_final": "1.06"
  }
},
{
  "model": "erp.sale",
  "pk": 1,
  "fields": {
    "number": "000001",
    "voucher": "",
    "client": 9,
    "employee": 1,
    "type": "sale",
    "date_joined": "2022-01-04",
    "subtotal": "64.90",
    "iva": "0.12",
    "total_iva": "7.79",
    "total": "72.69",
    "status": "dispatched",
    "paid": true
  }
},
{
  "model": "erp.sale",
  "pk": 2,
  "fields": {
    "number": "000002",
    "voucher": "",
    "client": 8,
    "employee": 1,
    "type": "sale",
    "date_joined": "2022-01-05",
    "subtotal": "36.00",
    "iva": "0.12",
    "total_iva": "4.32",
    "total": "40.32",
    "status": "dispatched",
    "paid": true
  }
},
{
  "model": "erp.sale",
  "pk": 3,
  "fields": {
    "number": "000003",
    "voucher": "",
    "client": 6,
    "employee": 1,
    "type": "sale",
    "date_joined": "2022-01-06",
    "subtotal": "28.80",
    "iva": "0.12",
    "total_iva": "3.46",
    "total": "32.26",
    "status": "dispatched",
    "paid": true
  }
},
{
  "model": "erp.sale",
  "pk": 4,
  "fields": {
    "number": "000004",
    "voucher": "",
    "client": 7,
    "employee": 1,
    "type": "sale",
    "date_joined": "2022-01-07",
    "subtotal": "52.40",
    "iva": "0.12",
    "total_iva": "6.29",
    "total": "58.69",
    "status": "dispatched",
    "paid": true
  }
},
{
  "model": "erp.sale",
  "pk": 5,
  "fields": {
    "number": "000005",
    "voucher": "",
    "client": 8,
    "employee": 1,
    "type": "sale",
    "date_joined": "2022-02-04",
    "subtotal": "64.10",
    "iva": "0.12",
    "total_iva": "7.69",
    "total": "71.79",
    "status": "dispatched",
    "paid": true
  }
},
{
  "model": "erp.sale",
  "pk": 6,
  "fields": {
    "number": "000006",
    "voucher": "",
    "client": 7,
    "employee": 1,
    "type": "sale",
    "date_joined": "2022-02-05",
    "subtotal": "72.00",
    "iva": "0.12",
    "total_iva": "8.64",
    "total": "80.64",
    "status": "dispatched",
    "paid": true
  }
},
{
  "model": "erp.sale",
  "pk": 7,
  "fields": {
    "number": "000007",
    "voucher": "",
    "client": 1,
    "employee": 1,
    "type": "sale",
    "date_joined": "2022-02-06",
    "subtotal": "46.10",
    "iva": "0.12",
    "total_iva": "5.53",
    "total": "51.63",
    "status": "dispatched",
    "paid": true
  }
},
{
  "model": "erp.sale",
  "pk": 8,
  "fields": {
    "number": "000008",
    "voucher": "",
    "client": 2,
    "employee": 1,
    "type": "sale",
    "date_joined": "2022-02-07",
    "subtotal": "43.50",
    "iva": "0.12",
    "total_iva": "5.22",
    "total": "48.72",
    "status": "dispatched",
    "paid": true
  }
},
{
  "model": "erp.sale",
  "pk": 9,
  "fields": {
    "number": "000009",
    "voucher": "",
    "client": 2,
    "employee": 1,
    "type": "sale",
    "date_joined": "2022-03-04",
    "subtotal": "49.10",
    "iva": "0.12",
    "total_iva": "5.89",
    "total": "54.99",
    "status": "dispatched",
    "paid": true
  }
},
{
  "model": "erp.sale",
  "pk": 10,
  "fields": {
    "number": "000010",
    "voucher": "",
    "client": 7,
    "employee": 1,
    "type": "sale",
    "date_joined": "2022-03-05",
    "subtotal": "68.20",
    "iva": "0.12",
    "total_iva": "8.18",
    "total": "76.38",
    "status": "dispatched",
    "paid": true
  }
},
{
  "model": "erp.sale",
  "pk": 11,
  "fields": {
    "number": "000011",
    "voucher": "",
    "client": 5,
    "employee": 1,
    "type": "sale",
    "date_joined": "2022-03-06",
    "subtotal": "38.40",
    "iva": "0.12",
    "total_iva": "4.61",
    "total": "43.01",
    "status": "dispatched",
    "paid": true
  }
},
{
  "model": "erp.sale",
  "pk": 12,
  "fields": {
    "number": "000012",
    "voucher": "",
    "client": 9,
    "employee": 1,
    "type": "sale",
    "date_joined": "2022-03-07",
    "subtotal": "32.40",
    "iva": "0.12",
    "total_iva": "3.89",
    "total": "36.29",
    "status": "dispatched",
    "paid": true
  }
},
{
  "model": "erp.sale",
  "pk": 13,
  "fields": {
    "number": "000013",
    "voucher": "",
    "client": 3,
    "employee": 1,
    "type": "sale",
    "date_joined": "2022-04-04",
    "subtotal": "58.30",
    "iva": "0.12",
    "total_iva": "7.00",
    "total": "65.30",
    "status": "dispatched",
    "paid": true
  }
},
{
  "model": "erp.sale",
  "pk": 14,
  "fields": {
    "number": "000014",
    "voucher": "",
    "client": 12,
    "employee": 1,
    "type": "sale",
    "date_joined": "2022-04-05",
    "subtotal": "8.20",
    "iva": "0.12",
    "total_iva": "0.98",
    "total": "9.18",
    "status": "dispatched",
    "paid": true
  }
},
{
  "model": "erp.sale",
  "pk": 15,
  "fields": {
    "number": "000015",
    "voucher": "",
    "client": 2,
    "employee": 1,
    "type": "sale",
    "date_joined": "2022-04-06",
    "subtotal": "50.20",
    "iva": "0.12",
    "total_iva": "6.02",
    "total": "56.22",
    "status": "dispatched",
    "paid": true
  }
},
{
  "model": "erp.sale",
  "pk": 16,
  "fields": {
    "number": "000016",
    "voucher": "",
    "client": 9,
    "employee": 1,
    "type": "sale",
    "date_joined": "2022-04-07",
    "subtotal": "52.10",
    "iva": "0.12",
    "total_iva": "6.25",
    "total": "58.35",
    "status": "dispatched",
    "paid": true
  }
},
{
  "model": "erp.sale",
  "pk": 17,
  "fields": {
    "number": "000017",
    "voucher": "",
    "client": 8,
    "employee": 1,
    "type": "sale",
    "date_joined": "2022-05-04",
    "subtotal": "36.50",
    "iva": "0.12",
    "total_iva": "4.38",
    "total": "40.88",
    "status": "dispatched",
    "paid": true
  }
},
{
  "model": "erp.sale",
  "pk": 18,
  "fields": {
    "number": "000018",
    "voucher": "",
    "client": 4,
    "employee": 1,
    "type": "sale",
    "date_joined": "2022-05-05",
    "subtotal": "31.00",
    "iva": "0.12",
    "total_iva": "3.72",
    "total": "34.72",
    "status": "dispatched",
    "paid": true
  }
},
{
  "model": "erp.sale",
  "pk": 19,
  "fields": {
    "number": "000019",
    "voucher": "",
    "client": 1,
    "employee": 1,
    "type": "sale",
    "date_joined": "2022-05-06",
    "subtotal": "38.10",
    "iva": "0.12",
    "total_iva": "4.57",
    "total": "42.67",
    "status": "dispatched",
    "paid": true
  }
},
{
  "model": "erp.sale",
  "pk": 20,
  "fields": {
    "number": "000020",
    "voucher": "",
    "client": 1,
    "employee": 1,
    "type": "sale",
    "date_joined": "2022-05-07",
    "subtotal": "52.60",
    "iva": "0.12",
    "total_iva": "6.31",
    "total": "58.91",
    "status": "dispatched",
    "paid": true
  }
},
{
  "model": "erp.sale",
  "pk": 21,
  "fields": {
    "number": "000021",
    "voucher": "",
    "client": 8,
    "employee": 1,
    "type": "sale",
    "date_joined": "2022-06-04",
    "subtotal": "43.30",
    "iva": "0.12",
    "total_iva": "5.20",
    "total": "48.50",
    "status": "dispatched",
    "paid": true
  }
},
{
  "model": "erp.sale",
  "pk": 22,
  "fields": {
    "number": "000022",
    "voucher": "",
    "client": 1,
    "employee": 1,
    "type": "sale",
    "date_joined": "2022-06-05",
    "subtotal": "57.90",
    "iva": "0.12",
    "total_iva": "6.95",
    "total": "64.85",
    "status": "dispatched",
    "paid": true
  }
},
{
  "model": "erp.sale",
  "pk": 23,
  "fields": {
    "number": "000023",
    "voucher": "",
    "client": 4,
    "employee": 1,
    "type": "sale",
    "date_joined": "2022-06-06",
    "subtotal": "47.70",
    "iva": "0.12",
    "total_iva": "5.72",
    "total": "53.42",
    "status": "dispatched",
    "paid": true
  }
},
{
  "model": "erp.sale",
  "pk": 24,
  "fields": {
    "number": "000024",
    "voucher": "",
    "client": 3,
    "employee": 1,
    "type": "sale",
    "date_joined": "2022-06-07",
    "subtotal": "16.70",
    "iva": "0.12",
    "total_iva": "2.00",
    "total": "18.70",
    "status": "dispatched",
    "paid": true
  }
},
{
  "model": "erp.sale",
  "pk": 25,
  "fields": {
    "number": "000025",
    "voucher": "",
    "client": 9,
    "employee": 1,
    "type": "sale",
    "date_joined": "2022-07-04",
    "subtotal": "31.90",
    "iva": "0.12",
    "total_iva": "3.83",
    "total": "35.73",
    "status": "dispatched",
    "paid": true
  }
},
{
  "model": "erp.sale",
  "pk": 26,
  "fields": {
    "number": "000026",
    "voucher": "",
    "client": 8,
    "employee": 1,
    "type": "sale",
    "date_joined": "2022-07-05",
    "subtotal": "4.30",
    "iva": "0.12",
    "total_iva": "0.52",
    "total": "4.82",
    "status": "dispatched",
    "paid": true
  }
},
{
  "model": "erp.sale",
  "pk": 27,
  "fields": {
    "number": "000027",
    "voucher": "",
    "client": 7,
    "employee": 1,
    "type": "sale",
    "date_joined": "2022-07-06",
    "subtotal": "48.70",
    "iva": "0.12",
    "total_iva": "5.84",
    "total": "54.54",
    "status": "dispatched",
    "paid": true
  }
},
{
  "model": "erp.sale",
  "pk": 28,
  "fields": {
    "number": "000028",
    "voucher": "",
    "client": 3,
    "employee": 1,
    "type": "sale",
    "date_joined": "2022-07-07",
    "subtotal": "42.10",
    "iva": "0.12",
    "total_iva": "5.05",
    "total": "47.15",
    "status": "dispatched",
    "paid": true
  }
},
{
  "model": "erp.sale",
  "pk": 29,
  "fields": {
    "number": "000029",
    "voucher": "",
    "client": 7,
    "employee": 1,
    "type": "sale",
    "date_joined": "2022-08-04",
    "subtotal": "17.50",
    "iva": "0.12",
    "total_iva": "2.10",
    "total": "19.60",
    "status": "dispatched",
    "paid": true
  }
},
{
  "model": "erp.sale",
  "pk": 30,
  "fields": {
    "number": "000030",
    "voucher": "",
    "client": 2,
    "employee": 1,
    "type": "sale",
    "date_joined": "2022-08-05",
    "subtotal": "34.80",
    "iva": "0.12",
    "total_iva": "4.18",
    "total": "38.98",
    "status": "dispatched",
    "paid": true
  }
},
{
  "model": "erp.sale",
  "pk": 31,
  "fields": {
    "number": "000031",
    "voucher": "",
    "client": 8,
    "employee": 1,
    "type": "sale",
    "date_joined": "2022-08-06",
    "subtotal": "22.30",
    "iva": "0.12",
    "total_iva": "2.68",
    "total": "24.98",
    "status": "dispatched",
    "paid": true
  }
},
{
  "model": "erp.sale",
  "pk": 32,
  "fields": {
    "number": "000032",
    "voucher": "",
    "client": 12,
    "employee": 1,
    "type": "sale",
    "date_joined": "2022-08-07",
    "subtotal": "27.10",
    "iva": "0.12",
    "total_iva": "3.25",
    "total": "30.35",
    "status": "dispatched",
    "paid": true
  }
},
{
  "model": "erp.sale",
  "pk": 33,
  "fields": {
    "number": "000033",
    "voucher": "",
    "client": 7,
    "employee": 1,
    "type": "sale",
    "date_joined": "2022-09-04",
    "subtotal": "16.50",
    "iva": "0.12",
    "total_iva": "1.98",
    "total": "18.48",
    "status": "dispatched",
    "paid": true
  }
},
{
  "model": "erp.sale",
  "pk": 34,
  "fields": {
    "number": "000034",
    "voucher": "",
    "client": 3,
    "employee": 1,
    "type": "sale",
    "date_joined": "2022-09-05",
    "subtotal": "45.60",
    "iva": "0.12",
    "total_iva": "5.47",
    "total": "51.07",
    "status": "dispatched",
    "paid": true
  }
},
{
  "model": "erp.sale",
  "pk": 35,
  "fields": {
    "number": "000035",
    "voucher": "",
    "client": 6,
    "employee": 1,
    "type": "sale",
    "date_joined": "2022-09-06",
    "subtotal": "22.30",
    "iva": "0.12",
    "total_iva": "2.68",
    "total": "24.98",
    "status": "dispatched",
    "paid": true
  }
},
{
  "model": "erp.sale",
  "pk": 36,
  "fields": {
    "number": "000036",
    "voucher": "",
    "client": 8,
    "employee": 1,
    "type": "sale",
    "date_joined": "2022-09-07",
    "subtotal": "45.40",
    "iva": "0.12",
    "total_iva": "5.45",
    "total": "50.85",
    "status": "dispatched",
    "paid": true
  }
},
{
  "model": "erp.sale",
  "pk": 37,
  "fields": {
    "number": "000037",
    "voucher": "",
    "client": 4,
    "employee": 1,
    "type": "sale",
    "date_joined": "2022-10-04",
    "subtotal": "23.60",
    "iva": "0.12",
    "total_iva": "2.83",
    "total": "26.43",
    "status": "dispatched",
    "paid": true
  }
},
{
  "model": "erp.sale",
  "pk": 38,
  "fields": {
    "number": "000038",
    "voucher": "",
    "client": 5,
    "employee": 1,
    "type": "sale",
    "date_joined": "2022-10-05",
    "subtotal": "24.50",
    "iva": "0.12",
    "total_iva": "2.94",
    "total": "27.44",
    "status": "dispatched",
    "paid": true
  }
},
{
  "model": "erp.sale",
  "pk": 39,
  "fields": {
    "number": "000039",
    "voucher": "",
    "client": 2,
    "employee": 1,
    "type": "sale",
    "date_joined": "2022-10-06",
    "subtotal": "17.10",
    "iva": "0.12",
    "total_iva": "2.05",
    "total": "19.15",
    "status": "dispatched",
    "paid": true
  }
},
{
  "model": "erp.sale",
  "pk": 40,
  "fields": {
    "number": "000040",
    "voucher": "",
    "client": 2,
    "employee": 1,
    "type": "sale",
    "date_joined": "2022-10-07",
    "subtotal": "26.80",
    "iva": "0.12",
    "total_iva": "3.22",
    "total": "30.02",
    "status": "dispatched",
    "paid": true
  }
},
{
  "model": "erp.sale",
  "pk": 41,
  "fields": {
    "number": "000041",
    "voucher": "",
    "client": 5,
    "employee": 1,
    "type": "sale",
    "date_joined": "2022-11-04",
    "subtotal": "9.20",
    "iva": "0.12",
    "total_iva": "1.10",
    "total": "10.30",
    "status": "dispatched",
    "paid": true
  }
},
{
  "model": "erp.sale",
  "pk": 42,
  "fields": {
    "number": "000042",
    "voucher": "",
    "client": 7,
    "employee": 1,
    "type": "sale",
    "date_joined": "2022-11-05",
    "subtotal": "38.40",
    "iva": "0.12",
    "total_iva": "4.61",
    "total": "43.01",
    "status": "dispatched",
    "paid": true
  }
},
{
  "model": "erp.sale",
  "pk": 43,
  "fields": {
    "number": "000043",
    "voucher": "",
    "client": 9,
    "employee": 1,
    "type": "sale",
    "date_joined": "2022-11-06",
    "subtotal": "38.80",
    "iva": "0.12",
    "total_iva": "4.66",
    "total": "43.46",
    "status": "dispatched",
    "paid": true
  }
},
{
  "model": "erp.sale",
  "pk": 44,
  "fields": {
    "number": "000044",
    "voucher": "",
    "client": 1,
    "employee": 1,
    "type": "sale",
    "date_joined": "2022-11-07",
    "subtotal": "25.30",
    "iva": "0.12",
    "total_iva": "3.04",
    "total": "28.34",
    "status": "dispatched",
    "paid": true
  }
},
{
  "model": "erp.sale",
  "pk": 45,
  "fields": {
    "number": "000045",
    "voucher": "",
    "client": 6,
    "employee": 1,
    "type": "sale",
    "date_joined": "2022-12-04",
    "subtotal": "33.90",
    "iva": "0.12",
    "total_iva": "4.07",
    "total": "37.97",
    "status": "dispatched",
    "paid": true
  }
},
{
  "model": "erp.sale",
  "pk": 46,
  "fields": {
    "number": "000046",
    "voucher": "",
    "client": 2,
    "employee": 1,
    "type": "sale",
    "date_joined": "2022-12-05",
    "subtotal": "39.00",
    "iva": "0.12",
    "total_iva": "4.68",
    "total": "43.68",
    "status": "dispatched",
    "paid": true
  }
},
{
  "model": "erp.sale",
  "pk": 47,
  "fields": {
    "number": "000047",
    "voucher": "",
    "client": 9,
    "employee": 1,
    "type": "sale",
    "date_joined": "2022-12-06",
    "subtotal": "34.30",
    "iva": "0.12",
    "total_iva": "4.12",
    "total": "38.42",
    "status": "dispatched",
    "paid": true
  }
},
{
  "model": "erp.sale",
  "pk": 48,
  "fields": {
    "number": "000048",
    "voucher": "",
    "client": 6,
    "employee": 1,
    "type": "sale",
    "date_joined": "2022-12-07",
    "subtotal": "23.80",
    "iva": "0.12",
    "total_iva": "2.86",
    "total": "26.66",
    "status": "dispatched",
    "paid": true
  }
},
{
  "model": "erp.sale",
  "pk": 49,
  "fields": {
    "number": "000049",
    "voucher": "",
    "client": 7,
    "employee": 1,
    "type": "sale",
    "date_joined": "2022-12-04",
    "subtotal": "34.60",
    "iva": "0.12",
    "total_iva": "4.15",
    "total": "38.75",
    "status": "dispatched",
    "paid": true
  }
},
{
  "model": "erp.sale",
  "pk": 50,
  "fields": {
    "number": "000050",
    "voucher": "",
    "client": 6,
    "employee": 1,
    "type": "sale",
    "date_joined": "2022-12-04",
    "subtotal": "69.20",
    "iva": "0.12",
    "total_iva": "8.30",
    "total": "77.50",
    "status": "dispatched",
    "paid": true
  }
},
{
  "model": "erp.saledetail",
  "pk": 182,
  "fields": {
    "sale": 1,
    "product": 3,
    "cant": 1,
    "price": "0.40",
    "subtotal": "0.40"
  }
},
{
  "model": "erp.saledetail",
  "pk": 183,
  "fields": {
    "sale": 1,
    "product": 2,
    "cant": 7,
    "price": "1.50",
    "subtotal": "10.50"
  }
},
{
  "model": "erp.saledetail",
  "pk": 184,
  "fields": {
    "sale": 1,
    "product": 1,
    "cant": 27,
    "price": "2.00",
    "subtotal": "54.00"
  }
},
{
  "model": "erp.saledetail",
  "pk": 185,
  "fields": {
    "sale": 2,
    "product": 3,
    "cant": 5,
    "price": "0.40",
    "subtotal": "2.00"
  }
},
{
  "model": "erp.saledetail",
  "pk": 186,
  "fields": {
    "sale": 2,
    "product": 2,
    "cant": 20,
    "price": "1.50",
    "subtotal": "30.00"
  }
},
{
  "model": "erp.saledetail",
  "pk": 187,
  "fields": {
    "sale": 2,
    "product": 1,
    "cant": 2,
    "price": "2.00",
    "subtotal": "4.00"
  }
},
{
  "model": "erp.saledetail",
  "pk": 188,
  "fields": {
    "sale": 3,
    "product": 3,
    "cant": 7,
    "price": "0.40",
    "subtotal": "2.80"
  }
},
{
  "model": "erp.saledetail",
  "pk": 189,
  "fields": {
    "sale": 3,
    "product": 2,
    "cant": 16,
    "price": "1.50",
    "subtotal": "24.00"
  }
},
{
  "model": "erp.saledetail",
  "pk": 190,
  "fields": {
    "sale": 3,
    "product": 1,
    "cant": 1,
    "price": "2.00",
    "subtotal": "2.00"
  }
},
{
  "model": "erp.saledetail",
  "pk": 191,
  "fields": {
    "sale": 4,
    "product": 3,
    "cant": 6,
    "price": "0.40",
    "subtotal": "2.40"
  }
},
{
  "model": "erp.saledetail",
  "pk": 192,
  "fields": {
    "sale": 4,
    "product": 2,
    "cant": 12,
    "price": "1.50",
    "subtotal": "18.00"
  }
},
{
  "model": "erp.saledetail",
  "pk": 193,
  "fields": {
    "sale": 4,
    "product": 1,
    "cant": 16,
    "price": "2.00",
    "subtotal": "32.00"
  }
},
{
  "model": "erp.saledetail",
  "pk": 194,
  "fields": {
    "sale": 5,
    "product": 3,
    "cant": 9,
    "price": "0.40",
    "subtotal": "3.60"
  }
},
{
  "model": "erp.saledetail",
  "pk": 195,
  "fields": {
    "sale": 5,
    "product": 2,
    "cant": 3,
    "price": "1.50",
    "subtotal": "4.50"
  }
},
{
  "model": "erp.saledetail",
  "pk": 196,
  "fields": {
    "sale": 5,
    "product": 1,
    "cant": 28,
    "price": "2.00",
    "subtotal": "56.00"
  }
},
{
  "model": "erp.saledetail",
  "pk": 197,
  "fields": {
    "sale": 6,
    "product": 3,
    "cant": 5,
    "price": "0.40",
    "subtotal": "2.00"
  }
},
{
  "model": "erp.saledetail",
  "pk": 198,
  "fields": {
    "sale": 6,
    "product": 2,
    "cant": 16,
    "price": "1.50",
    "subtotal": "24.00"
  }
},
{
  "model": "erp.saledetail",
  "pk": 199,
  "fields": {
    "sale": 6,
    "product": 1,
    "cant": 23,
    "price": "2.00",
    "subtotal": "46.00"
  }
},
{
  "model": "erp.saledetail",
  "pk": 200,
  "fields": {
    "sale": 7,
    "product": 3,
    "cant": 4,
    "price": "0.40",
    "subtotal": "1.60"
  }
},
{
  "model": "erp.saledetail",
  "pk": 201,
  "fields": {
    "sale": 7,
    "product": 2,
    "cant": 7,
    "price": "1.50",
    "subtotal": "10.50"
  }
},
{
  "model": "erp.saledetail",
  "pk": 202,
  "fields": {
    "sale": 7,
    "product": 1,
    "cant": 17,
    "price": "2.00",
    "subtotal": "34.00"
  }
},
{
  "model": "erp.saledetail",
  "pk": 203,
  "fields": {
    "sale": 8,
    "product": 3,
    "cant": 5,
    "price": "0.40",
    "subtotal": "2.00"
  }
},
{
  "model": "erp.saledetail",
  "pk": 204,
  "fields": {
    "sale": 8,
    "product": 2,
    "cant": 5,
    "price": "1.50",
    "subtotal": "7.50"
  }
},
{
  "model": "erp.saledetail",
  "pk": 205,
  "fields": {
    "sale": 8,
    "product": 1,
    "cant": 17,
    "price": "2.00",
    "subtotal": "34.00"
  }
},
{
  "model": "erp.saledetail",
  "pk": 206,
  "fields": {
    "sale": 9,
    "product": 3,
    "cant": 9,
    "price": "0.40",
    "subtotal": "3.60"
  }
},
{
  "model": "erp.saledetail",
  "pk": 207,
  "fields": {
    "sale": 9,
    "product": 2,
    "cant": 9,
    "price": "1.50",
    "subtotal": "13.50"
  }
},
{
  "model": "erp.saledetail",
  "pk": 208,
  "fields": {
    "sale": 9,
    "product": 1,
    "cant": 16,
    "price": "2.00",
    "subtotal": "32.00"
  }
},
{
  "model": "erp.saledetail",
  "pk": 209,
  "fields": {
    "sale": 10,
    "product": 3,
    "cant": 8,
    "price": "0.40",
    "subtotal": "3.20"
  }
},
{
  "model": "erp.saledetail",
  "pk": 210,
  "fields": {
    "sale": 10,
    "product": 2,
    "cant": 14,
    "price": "1.50",
    "subtotal": "21.00"
  }
},
{
  "model": "erp.saledetail",
  "pk": 211,
  "fields": {
    "sale": 10,
    "product": 1,
    "cant": 22,
    "price": "2.00",
    "subtotal": "44.00"
  }
},
{
  "model": "erp.saledetail",
  "pk": 212,
  "fields": {
    "sale": 11,
    "product": 3,
    "cant": 11,
    "price": "0.40",
    "subtotal": "4.40"
  }
},
{
  "model": "erp.saledetail",
  "pk": 213,
  "fields": {
    "sale": 11,
    "product": 2,
    "cant": 12,
    "price": "1.50",
    "subtotal": "18.00"
  }
},
{
  "model": "erp.saledetail",
  "pk": 214,
  "fields": {
    "sale": 11,
    "product": 1,
    "cant": 8,
    "price": "2.00",
    "subtotal": "16.00"
  }
},
{
  "model": "erp.saledetail",
  "pk": 215,
  "fields": {
    "sale": 12,
    "product": 3,
    "cant": 1,
    "price": "0.40",
    "subtotal": "0.40"
  }
},
{
  "model": "erp.saledetail",
  "pk": 216,
  "fields": {
    "sale": 12,
    "product": 2,
    "cant": 12,
    "price": "1.50",
    "subtotal": "18.00"
  }
},
{
  "model": "erp.saledetail",
  "pk": 217,
  "fields": {
    "sale": 12,
    "product": 1,
    "cant": 7,
    "price": "2.00",
    "subtotal": "14.00"
  }
},
{
  "model": "erp.saledetail",
  "pk": 218,
  "fields": {
    "sale": 13,
    "product": 3,
    "cant": 7,
    "price": "0.40",
    "subtotal": "2.80"
  }
},
{
  "model": "erp.saledetail",
  "pk": 219,
  "fields": {
    "sale": 13,
    "product": 2,
    "cant": 9,
    "price": "1.50",
    "subtotal": "13.50"
  }
},
{
  "model": "erp.saledetail",
  "pk": 220,
  "fields": {
    "sale": 13,
    "product": 1,
    "cant": 21,
    "price": "2.00",
    "subtotal": "42.00"
  }
},
{
  "model": "erp.saledetail",
  "pk": 221,
  "fields": {
    "sale": 14,
    "product": 3,
    "cant": 3,
    "price": "0.40",
    "subtotal": "1.20"
  }
},
{
  "model": "erp.saledetail",
  "pk": 222,
  "fields": {
    "sale": 14,
    "product": 2,
    "cant": 2,
    "price": "1.50",
    "subtotal": "3.00"
  }
},
{
  "model": "erp.saledetail",
  "pk": 223,
  "fields": {
    "sale": 14,
    "product": 1,
    "cant": 2,
    "price": "2.00",
    "subtotal": "4.00"
  }
},
{
  "model": "erp.saledetail",
  "pk": 224,
  "fields": {
    "sale": 15,
    "product": 3,
    "cant": 8,
    "price": "0.40",
    "subtotal": "3.20"
  }
},
{
  "model": "erp.saledetail",
  "pk": 225,
  "fields": {
    "sale": 15,
    "product": 2,
    "cant": 10,
    "price": "1.50",
    "subtotal": "15.00"
  }
},
{
  "model": "erp.saledetail",
  "pk": 226,
  "fields": {
    "sale": 15,
    "product": 1,
    "cant": 16,
    "price": "2.00",
    "subtotal": "32.00"
  }
},
{
  "model": "erp.saledetail",
  "pk": 227,
  "fields": {
    "sale": 16,
    "product": 3,
    "cant": 4,
    "price": "0.40",
    "subtotal": "1.60"
  }
},
{
  "model": "erp.saledetail",
  "pk": 228,
  "fields": {
    "sale": 16,
    "product": 2,
    "cant": 11,
    "price": "1.50",
    "subtotal": "16.50"
  }
},
{
  "model": "erp.saledetail",
  "pk": 229,
  "fields": {
    "sale": 16,
    "product": 1,
    "cant": 17,
    "price": "2.00",
    "subtotal": "34.00"
  }
},
{
  "model": "erp.saledetail",
  "pk": 230,
  "fields": {
    "sale": 17,
    "product": 3,
    "cant": 5,
    "price": "0.40",
    "subtotal": "2.00"
  }
},
{
  "model": "erp.saledetail",
  "pk": 231,
  "fields": {
    "sale": 17,
    "product": 2,
    "cant": 3,
    "price": "1.50",
    "subtotal": "4.50"
  }
},
{
  "model": "erp.saledetail",
  "pk": 232,
  "fields": {
    "sale": 17,
    "product": 1,
    "cant": 15,
    "price": "2.00",
    "subtotal": "30.00"
  }
},
{
  "model": "erp.saledetail",
  "pk": 233,
  "fields": {
    "sale": 18,
    "product": 3,
    "cant": 5,
    "price": "0.40",
    "subtotal": "2.00"
  }
},
{
  "model": "erp.saledetail",
  "pk": 234,
  "fields": {
    "sale": 18,
    "product": 2,
    "cant": 14,
    "price": "1.50",
    "subtotal": "21.00"
  }
},
{
  "model": "erp.saledetail",
  "pk": 235,
  "fields": {
    "sale": 18,
    "product": 1,
    "cant": 4,
    "price": "2.00",
    "subtotal": "8.00"
  }
},
{
  "model": "erp.saledetail",
  "pk": 236,
  "fields": {
    "sale": 19,
    "product": 3,
    "cant": 9,
    "price": "0.40",
    "subtotal": "3.60"
  }
},
{
  "model": "erp.saledetail",
  "pk": 237,
  "fields": {
    "sale": 19,
    "product": 2,
    "cant": 7,
    "price": "1.50",
    "subtotal": "10.50"
  }
},
{
  "model": "erp.saledetail",
  "pk": 238,
  "fields": {
    "sale": 19,
    "product": 1,
    "cant": 12,
    "price": "2.00",
    "subtotal": "24.00"
  }
},
{
  "model": "erp.saledetail",
  "pk": 239,
  "fields": {
    "sale": 20,
    "product": 3,
    "cant": 4,
    "price": "0.40",
    "subtotal": "1.60"
  }
},
{
  "model": "erp.saledetail",
  "pk": 240,
  "fields": {
    "sale": 20,
    "product": 2,
    "cant": 6,
    "price": "1.50",
    "subtotal": "9.00"
  }
},
{
  "model": "erp.saledetail",
  "pk": 241,
  "fields": {
    "sale": 20,
    "product": 1,
    "cant": 21,
    "price": "2.00",
    "subtotal": "42.00"
  }
},
{
  "model": "erp.saledetail",
  "pk": 242,
  "fields": {
    "sale": 21,
    "product": 3,
    "cant": 2,
    "price": "0.40",
    "subtotal": "0.80"
  }
},
{
  "model": "erp.saledetail",
  "pk": 243,
  "fields": {
    "sale": 21,
    "product": 2,
    "cant": 7,
    "price": "1.50",
    "subtotal": "10.50"
  }
},
{
  "model": "erp.saledetail",
  "pk": 244,
  "fields": {
    "sale": 21,
    "product": 1,
    "cant": 16,
    "price": "2.00",
    "subtotal": "32.00"
  }
},
{
  "model": "erp.saledetail",
  "pk": 245,
  "fields": {
    "sale": 22,
    "product": 3,
    "cant": 6,
    "price": "0.40",
    "subtotal": "2.40"
  }
},
{
  "model": "erp.saledetail",
  "pk": 246,
  "fields": {
    "sale": 22,
    "product": 2,
    "cant": 13,
    "price": "1.50",
    "subtotal": "19.50"
  }
},
{
  "model": "erp.saledetail",
  "pk": 247,
  "fields": {
    "sale": 22,
    "product": 1,
    "cant": 18,
    "price": "2.00",
    "subtotal": "36.00"
  }
},
{
  "model": "erp.saledetail",
  "pk": 248,
  "fields": {
    "sale": 23,
    "product": 3,
    "cant": 8,
    "price": "0.40",
    "subtotal": "3.20"
  }
},
{
  "model": "erp.saledetail",
  "pk": 249,
  "fields": {
    "sale": 23,
    "product": 2,
    "cant": 3,
    "price": "1.50",
    "subtotal": "4.50"
  }
},
{
  "model": "erp.saledetail",
  "pk": 250,
  "fields": {
    "sale": 23,
    "product": 1,
    "cant": 20,
    "price": "2.00",
    "subtotal": "40.00"
  }
},
{
  "model": "erp.saledetail",
  "pk": 251,
  "fields": {
    "sale": 24,
    "product": 3,
    "cant": 8,
    "price": "0.40",
    "subtotal": "3.20"
  }
},
{
  "model": "erp.saledetail",
  "pk": 252,
  "fields": {
    "sale": 24,
    "product": 2,
    "cant": 1,
    "price": "1.50",
    "subtotal": "1.50"
  }
},
{
  "model": "erp.saledetail",
  "pk": 253,
  "fields": {
    "sale": 24,
    "product": 1,
    "cant": 6,
    "price": "2.00",
    "subtotal": "12.00"
  }
},
{
  "model": "erp.saledetail",
  "pk": 254,
  "fields": {
    "sale": 25,
    "product": 3,
    "cant": 1,
    "price": "0.40",
    "subtotal": "0.40"
  }
},
{
  "model": "erp.saledetail",
  "pk": 255,
  "fields": {
    "sale": 25,
    "product": 2,
    "cant": 13,
    "price": "1.50",
    "subtotal": "19.50"
  }
},
{
  "model": "erp.saledetail",
  "pk": 256,
  "fields": {
    "sale": 25,
    "product": 1,
    "cant": 6,
    "price": "2.00",
    "subtotal": "12.00"
  }
},
{
  "model": "erp.saledetail",
  "pk": 257,
  "fields": {
    "sale": 26,
    "product": 3,
    "cant": 2,
    "price": "0.40",
    "subtotal": "0.80"
  }
},
{
  "model": "erp.saledetail",
  "pk": 258,
  "fields": {
    "sale": 26,
    "product": 2,
    "cant": 1,
    "price": "1.50",
    "subtotal": "1.50"
  }
},
{
  "model": "erp.saledetail",
  "pk": 259,
  "fields": {
    "sale": 26,
    "product": 1,
    "cant": 1,
    "price": "2.00",
    "subtotal": "2.00"
  }
},
{
  "model": "erp.saledetail",
  "pk": 260,
  "fields": {
    "sale": 27,
    "product": 3,
    "cant": 8,
    "price": "0.40",
    "subtotal": "3.20"
  }
},
{
  "model": "erp.saledetail",
  "pk": 261,
  "fields": {
    "sale": 27,
    "product": 2,
    "cant": 9,
    "price": "1.50",
    "subtotal": "13.50"
  }
},
{
  "model": "erp.saledetail",
  "pk": 262,
  "fields": {
    "sale": 27,
    "product": 1,
    "cant": 16,
    "price": "2.00",
    "subtotal": "32.00"
  }
},
{
  "model": "erp.saledetail",
  "pk": 263,
  "fields": {
    "sale": 28,
    "product": 3,
    "cant": 4,
    "price": "0.40",
    "subtotal": "1.60"
  }
},
{
  "model": "erp.saledetail",
  "pk": 264,
  "fields": {
    "sale": 28,
    "product": 2,
    "cant": 11,
    "price": "1.50",
    "subtotal": "16.50"
  }
},
{
  "model": "erp.saledetail",
  "pk": 265,
  "fields": {
    "sale": 28,
    "product": 1,
    "cant": 12,
    "price": "2.00",
    "subtotal": "24.00"
  }
},
{
  "model": "erp.saledetail",
  "pk": 266,
  "fields": {
    "sale": 29,
    "product": 3,
    "cant": 5,
    "price": "0.40",
    "subtotal": "2.00"
  }
},
{
  "model": "erp.saledetail",
  "pk": 267,
  "fields": {
    "sale": 29,
    "product": 2,
    "cant": 9,
    "price": "1.50",
    "subtotal": "13.50"
  }
},
{
  "model": "erp.saledetail",
  "pk": 268,
  "fields": {
    "sale": 29,
    "product": 1,
    "cant": 1,
    "price": "2.00",
    "subtotal": "2.00"
  }
},
{
  "model": "erp.saledetail",
  "pk": 269,
  "fields": {
    "sale": 30,
    "product": 3,
    "cant": 7,
    "price": "0.40",
    "subtotal": "2.80"
  }
},
{
  "model": "erp.saledetail",
  "pk": 270,
  "fields": {
    "sale": 30,
    "product": 2,
    "cant": 12,
    "price": "1.50",
    "subtotal": "18.00"
  }
},
{
  "model": "erp.saledetail",
  "pk": 271,
  "fields": {
    "sale": 30,
    "product": 1,
    "cant": 7,
    "price": "2.00",
    "subtotal": "14.00"
  }
},
{
  "model": "erp.saledetail",
  "pk": 272,
  "fields": {
    "sale": 31,
    "product": 3,
    "cant": 2,
    "price": "0.40",
    "subtotal": "0.80"
  }
},
{
  "model": "erp.saledetail",
  "pk": 273,
  "fields": {
    "sale": 31,
    "product": 2,
    "cant": 5,
    "price": "1.50",
    "subtotal": "7.50"
  }
},
{
  "model": "erp.saledetail",
  "pk": 274,
  "fields": {
    "sale": 31,
    "product": 1,
    "cant": 7,
    "price": "2.00",
    "subtotal": "14.00"
  }
},
{
  "model": "erp.saledetail",
  "pk": 275,
  "fields": {
    "sale": 32,
    "product": 3,
    "cant": 9,
    "price": "0.40",
    "subtotal": "3.60"
  }
},
{
  "model": "erp.saledetail",
  "pk": 276,
  "fields": {
    "sale": 32,
    "product": 2,
    "cant": 9,
    "price": "1.50",
    "subtotal": "13.50"
  }
},
{
  "model": "erp.saledetail",
  "pk": 277,
  "fields": {
    "sale": 32,
    "product": 1,
    "cant": 5,
    "price": "2.00",
    "subtotal": "10.00"
  }
},
{
  "model": "erp.saledetail",
  "pk": 278,
  "fields": {
    "sale": 33,
    "product": 3,
    "cant": 5,
    "price": "0.40",
    "subtotal": "2.00"
  }
},
{
  "model": "erp.saledetail",
  "pk": 279,
  "fields": {
    "sale": 33,
    "product": 2,
    "cant": 3,
    "price": "1.50",
    "subtotal": "4.50"
  }
},
{
  "model": "erp.saledetail",
  "pk": 280,
  "fields": {
    "sale": 33,
    "product": 1,
    "cant": 5,
    "price": "2.00",
    "subtotal": "10.00"
  }
},
{
  "model": "erp.saledetail",
  "pk": 281,
  "fields": {
    "sale": 34,
    "product": 3,
    "cant": 9,
    "price": "0.40",
    "subtotal": "3.60"
  }
},
{
  "model": "erp.saledetail",
  "pk": 282,
  "fields": {
    "sale": 34,
    "product": 2,
    "cant": 12,
    "price": "1.50",
    "subtotal": "18.00"
  }
},
{
  "model": "erp.saledetail",
  "pk": 283,
  "fields": {
    "sale": 34,
    "product": 1,
    "cant": 12,
    "price": "2.00",
    "subtotal": "24.00"
  }
},
{
  "model": "erp.saledetail",
  "pk": 284,
  "fields": {
    "sale": 35,
    "product": 3,
    "cant": 7,
    "price": "0.40",
    "subtotal": "2.80"
  }
},
{
  "model": "erp.saledetail",
  "pk": 285,
  "fields": {
    "sale": 35,
    "product": 2,
    "cant": 5,
    "price": "1.50",
    "subtotal": "7.50"
  }
},
{
  "model": "erp.saledetail",
  "pk": 286,
  "fields": {
    "sale": 35,
    "product": 1,
    "cant": 6,
    "price": "2.00",
    "subtotal": "12.00"
  }
},
{
  "model": "erp.saledetail",
  "pk": 287,
  "fields": {
    "sale": 36,
    "product": 3,
    "cant": 6,
    "price": "0.40",
    "subtotal": "2.40"
  }
},
{
  "model": "erp.saledetail",
  "pk": 288,
  "fields": {
    "sale": 36,
    "product": 2,
    "cant": 6,
    "price": "1.50",
    "subtotal": "9.00"
  }
},
{
  "model": "erp.saledetail",
  "pk": 289,
  "fields": {
    "sale": 36,
    "product": 1,
    "cant": 17,
    "price": "2.00",
    "subtotal": "34.00"
  }
},
{
  "model": "erp.saledetail",
  "pk": 290,
  "fields": {
    "sale": 37,
    "product": 3,
    "cant": 4,
    "price": "0.40",
    "subtotal": "1.60"
  }
},
{
  "model": "erp.saledetail",
  "pk": 291,
  "fields": {
    "sale": 37,
    "product": 2,
    "cant": 8,
    "price": "1.50",
    "subtotal": "12.00"
  }
},
{
  "model": "erp.saledetail",
  "pk": 292,
  "fields": {
    "sale": 37,
    "product": 1,
    "cant": 5,
    "price": "2.00",
    "subtotal": "10.00"
  }
},
{
  "model": "erp.saledetail",
  "pk": 293,
  "fields": {
    "sale": 38,
    "product": 3,
    "cant": 5,
    "price": "0.40",
    "subtotal": "2.00"
  }
},
{
  "model": "erp.saledetail",
  "pk": 294,
  "fields": {
    "sale": 38,
    "product": 2,
    "cant": 3,
    "price": "1.50",
    "subtotal": "4.50"
  }
},
{
  "model": "erp.saledetail",
  "pk": 295,
  "fields": {
    "sale": 38,
    "product": 1,
    "cant": 9,
    "price": "2.00",
    "subtotal": "18.00"
  }
},
{
  "model": "erp.saledetail",
  "pk": 296,
  "fields": {
    "sale": 39,
    "product": 3,
    "cant": 4,
    "price": "0.40",
    "subtotal": "1.60"
  }
},
{
  "model": "erp.saledetail",
  "pk": 297,
  "fields": {
    "sale": 39,
    "product": 2,
    "cant": 1,
    "price": "1.50",
    "subtotal": "1.50"
  }
},
{
  "model": "erp.saledetail",
  "pk": 298,
  "fields": {
    "sale": 39,
    "product": 1,
    "cant": 7,
    "price": "2.00",
    "subtotal": "14.00"
  }
},
{
  "model": "erp.saledetail",
  "pk": 299,
  "fields": {
    "sale": 40,
    "product": 3,
    "cant": 2,
    "price": "0.40",
    "subtotal": "0.80"
  }
},
{
  "model": "erp.saledetail",
  "pk": 300,
  "fields": {
    "sale": 40,
    "product": 2,
    "cant": 8,
    "price": "1.50",
    "subtotal": "12.00"
  }
},
{
  "model": "erp.saledetail",
  "pk": 301,
  "fields": {
    "sale": 40,
    "product": 1,
    "cant": 7,
    "price": "2.00",
    "subtotal": "14.00"
  }
},
{
  "model": "erp.saledetail",
  "pk": 302,
  "fields": {
    "sale": 41,
    "product": 3,
    "cant": 3,
    "price": "0.40",
    "subtotal": "1.20"
  }
},
{
  "model": "erp.saledetail",
  "pk": 303,
  "fields": {
    "sale": 41,
    "product": 2,
    "cant": 4,
    "price": "1.50",
    "subtotal": "6.00"
  }
},
{
  "model": "erp.saledetail",
  "pk": 304,
  "fields": {
    "sale": 41,
    "product": 1,
    "cant": 1,
    "price": "2.00",
    "subtotal": "2.00"
  }
},
{
  "model": "erp.saledetail",
  "pk": 305,
  "fields": {
    "sale": 42,
    "product": 3,
    "cant": 6,
    "price": "0.40",
    "subtotal": "2.40"
  }
},
{
  "model": "erp.saledetail",
  "pk": 306,
  "fields": {
    "sale": 42,
    "product": 2,
    "cant": 4,
    "price": "1.50",
    "subtotal": "6.00"
  }
},
{
  "model": "erp.saledetail",
  "pk": 307,
  "fields": {
    "sale": 42,
    "product": 1,
    "cant": 15,
    "price": "2.00",
    "subtotal": "30.00"
  }
},
{
  "model": "erp.saledetail",
  "pk": 308,
  "fields": {
    "sale": 43,
    "product": 3,
    "cant": 7,
    "price": "0.40",
    "subtotal": "2.80"
  }
},
{
  "model": "erp.saledetail",
  "pk": 309,
  "fields": {
    "sale": 43,
    "product": 2,
    "cant": 4,
    "price": "1.50",
    "subtotal": "6.00"
  }
},
{
  "model": "erp.saledetail",
  "pk": 310,
  "fields": {
    "sale": 43,
    "product": 1,
    "cant": 15,
    "price": "2.00",
    "subtotal": "30.00"
  }
},
{
  "model": "erp.saledetail",
  "pk": 311,
  "fields": {
    "sale": 44,
    "product": 3,
    "cant": 7,
    "price": "0.40",
    "subtotal": "2.80"
  }
},
{
  "model": "erp.saledetail",
  "pk": 312,
  "fields": {
    "sale": 44,
    "product": 2,
    "cant": 3,
    "price": "1.50",
    "subtotal": "4.50"
  }
},
{
  "model": "erp.saledetail",
  "pk": 313,
  "fields": {
    "sale": 44,
    "product": 1,
    "cant": 9,
    "price": "2.00",
    "subtotal": "18.00"
  }
},
{
  "model": "erp.saledetail",
  "pk": 314,
  "fields": {
    "sale": 45,
    "product": 3,
    "cant": 1,
    "price": "0.40",
    "subtotal": "0.40"
  }
},
{
  "model": "erp.saledetail",
  "pk": 315,
  "fields": {
    "sale": 45,
    "product": 2,
    "cant": 9,
    "price": "1.50",
    "subtotal": "13.50"
  }
},
{
  "model": "erp.saledetail",
  "pk": 316,
  "fields": {
    "sale": 45,
    "product": 1,
    "cant": 10,
    "price": "2.00",
    "subtotal": "20.00"
  }
},
{
  "model": "erp.saledetail",
  "pk": 317,
  "fields": {
    "sale": 46,
    "product": 3,
    "cant": 5,
    "price": "0.40",
    "subtotal": "2.00"
  }
},
{
  "model": "erp.saledetail",
  "pk": 318,
  "fields": {
    "sale": 46,
    "product": 2,
    "cant": 6,
    "price": "1.50",
    "subtotal": "9.00"
  }
},
{
  "model": "erp.saledetail",
  "pk": 319,
  "fields": {
    "sale": 46,
    "product": 1,
    "cant": 14,
    "price": "2.00",
    "subtotal": "28.00"
  }
},
{
  "model": "erp.saledetail",
  "pk": 320,
  "fields": {
    "sale": 47,
    "product": 3,
    "cant": 2,
    "price": "0.40",
    "subtotal": "0.80"
  }
},
{
  "model": "erp.saledetail",
  "pk": 321,
  "fields": {
    "sale": 47,
    "product": 2,
    "cant": 5,
    "price": "1.50",
    "subtotal": "7.50"
  }
},
{
  "model": "erp.saledetail",
  "pk": 322,
  "fields": {
    "sale": 47,
    "product": 1,
    "cant": 13,
    "price": "2.00",
    "subtotal": "26.00"
  }
},
{
  "model": "erp.saledetail",
  "pk": 323,
  "fields": {
    "sale": 48,
    "product": 3,
    "cant": 7,
    "price": "0.40",
    "subtotal": "2.80"
  }
},
{
  "model": "erp.saledetail",
  "pk": 324,
  "fields": {
    "sale": 48,
    "product": 2,
    "cant": 2,
    "price": "1.50",
    "subtotal": "3.00"
  }
},
{
  "model": "erp.saledetail",
  "pk": 325,
  "fields": {
    "sale": 48,
    "product": 1,
    "cant": 9,
    "price": "2.00",
    "subtotal": "18.00"
  }
},
{
  "model": "erp.saledetail",
  "pk": 326,
  "fields": {
    "sale": 49,
    "product": 2,
    "cant": 10,
    "price": "1.06",
    "subtotal": "10.60"
  }
},
{
  "model": "erp.saledetail",
  "pk": 327,
  "fields": {
    "sale": 49,
    "product": 3,
    "cant": 10,
    "price": "0.40",
    "subtotal": "4.00"
  }
},
{
  "model": "erp.saledetail",
  "pk": 328,
  "fields": {
    "sale": 49,
    "product": 1,
    "cant": 10,
    "price": "2.00",
    "subtotal": "20.00"
  }
},
{
  "model": "erp.saledetail",
  "pk": 329,
  "fields": {
    "sale": 50,
    "product": 2,
    "cant": 20,
    "price": "1.06",
    "subtotal": "21.20"
  }
},
{
  "model": "erp.saledetail",
  "pk": 330,
  "fields": {
    "sale": 50,
    "product": 3,
    "cant": 20,
    "price": "0.40",
    "subtotal": "8.00"
  }
},
{
  "model": "erp.saledetail",
  "pk": 331,
  "fields": {
    "sale": 50,
    "product": 1,
    "cant": 20,
    "price": "2.00",
    "subtotal": "40.00"
  }
},
{
  "model": "homepage.frequentquestions",
  "pk": 1,
  "fields": {
    "question": "¿Que hay que tener en cuenta antes de comprar una planta?",
    "answer": "En primer lugar, que la planta esté bien identificada para poder localizar todo lo necesario sobre sus cuidados y mantenimiento. Hay que asegurarse también de que contamos con las condiciones adecuadas para su correcto desarrollo en nuestro entorno.También es conveniente elegir las plantas con más flores, con las hojas sanas, y descartar directamente aquellas que tengan manchas sospechosas en tallos u hojas.",
    "state": true
  }
},
{
  "model": "homepage.frequentquestions",
  "pk": 2,
  "fields": {
    "question": "¿Es conveniente llevarse del vivero una planta en maceta con las raices muy largas?",
    "answer": "En un principio no. Si las raíces de la planta son demasiado largas y salen a través de los orificios de la maceta, habría que transplantarla cuanto antes, lo que puede ser perjudicial para la planta al unirse al cambio de ambiente consecuencia del traslado.",
    "state": true
  }
},
{
  "model": "homepage.frequentquestions",
  "pk": 3,
  "fields": {
    "question": "¿Está bien una planta con musgo en la tierra?",
    "answer": "Lo más conveniente es evitar este tipo de plantas, ya que el musgo localizado sobre la tierra es probablemente la consecuencia de un exceso de agua, lo que podría llegar a traducirse en unas raíces estropeadas o podridas.",
    "state": true
  }
},
{
  "model": "homepage.frequentquestions",
  "pk": 4,
  "fields": {
    "question": "¿Es mejor una maceta de plástico o una de barro?",
    "answer": "Sin duda la de plástico. Una maceta de plástico es más ligera, duradera y económica que otra de barro. Además, las macetas de barro, al ser porosas, retienen peor la humedad y es necesario regarlas con más frecuencia.",
    "state": true
  }
},
{
  "model": "homepage.frequentquestions",
  "pk": 5,
  "fields": {
    "question": "¿Qué tamaño es el más adecuado para la maceta?",
    "answer": "El tamaño más adecuado es el justo, ni más ni menos. No es muy conveniente que la maceta sea demasiado grande, sin embargo, las plantas de terraza necesitan recipientes algo más grandes mientras que las de plantas de interior es conveniente tenerlas en macetas más pequeñas.",
    "state": true
  }
},
{
  "model": "homepage.frequentquestions",
  "pk": 6,
  "fields": {
    "question": "¿Qué plantas voy a poder cultivar en macetas?",
    "answer": "Se pueden tener en maceta todas las plantas anuales y aquellas que sean de crecimiento lento y además deben resistir bien la sequía. También son adecuadas para cultivar en macetas todas las plantas que proceden de climas cálidos y deben ser protegidas en el invierno trasladándolas al invernadero o al interior de la casa.",
    "state": true
  }
},
{
  "model": "homepage.testimonials",
  "pk": 1,
  "fields": {
    "names": "Jose Grasso",
    "profession": "Ingeniero Agrónomo",
    "comment": "En el último año, en el engorde hemos conseguido, con 100 días de estadía, un valor promedio de ganancia media diaria (GMD) de 914 gramos y una conversión alimenticia de 2,54 kilos de alimento por kilo de carne.",
    "image": "",
    "state": true
  }
},
{
  "model": "homepage.testimonials",
  "pk": 2,
  "fields": {
    "names": "James Bongioanni",
    "profession": "Ingeniero de Alimentos",
    "comment": "Es una responsabilidad encarar grandes proyectos y que estos tengan cimientos sólidos. Y no sólo hablo de la estructura, también el respeto de la palabra, los plazos, y poder así cumplir a socios e inversores.",
    "image": "",
    "state": true
  }
},
{
  "model": "homepage.testimonials",
  "pk": 3,
  "fields": {
    "names": "Jorge Menéndez",
    "profession": "Ingeniero Comercial",
    "comment": "Es por ello que creemos necesario trabajar con estaciones electrónicas de alimentación, este sistema nos permite dar a cada cerda el tipo de alimento que le corresponde y la cantidad del mismo en función de su condición corporal.",
    "image": "",
    "state": true
  }
},
{
  "model": "homepage.testimonials",
  "pk": 4,
  "fields": {
    "names": "Gabriela Guamán",
    "profession": "Ingeniera de Biotecnología",
    "comment": "Cuando empezamos a pensar este proyecto, como visión de futuro, inversión y agregado de valor a la carne porcina, dudábamos si existía en el país un desarrollista de primer nivel.",
    "image": "",
    "state": true
  }
},
{
  "model": "homepage.testimonials",
  "pk": 5,
  "fields": {
    "names": "Fátima Vargas",
    "profession": "Contadora",
    "comment": "Siempre hemos podido contar con ellos para cualquier reforma, ampliación o nuevas inversiones.",
    "image": "",
    "state": true
  }
},
{
  "model": "homepage.services",
  "pk": 1,
  "fields": {
    "name": "Diseño y Decoración de Áreas Verdes",
    "description": "El diseño de espacios verdes nos permite intervenir sobre áreas urbanas sin connotación específica, re-inventarlas y convertirlas para que sean nuevamente útiles para nuestros clientes.",
    "image": "services/2022/11/29/61839_cup_design_designer_editor_graphics_icon.png",
    "state": false
  }
},
{
  "model": "homepage.services",
  "pk": 2,
  "fields": {
    "name": "Mantenimiento de Áreas Verdes",
    "description": "Es importante tener un mantenimiento continuo para conservar las áreas verdes en óptimas condiciones, generando así un ambiente armónico para nuestros clientes.",
    "image": "services/2022/11/29/8008250_pliers_tools_equipment_pincers_work_icon.png",
    "state": true
  }
},
{
  "model": "homepage.services",
  "pk": 3,
  "fields": {
    "name": "Zona de siembra",
    "description": "Normalmente ubicada en un almacén, es donde se realiza la operación de sembrado mediante maquinaria automatizada o a mano. La siembra puede ser mediante el uso de semillas o por propagación vegetativa, normalmente a partir de estacas de ramas, esquejes",
    "image": "services/2022/11/29/2998123_ecology_green_leaf_plant_spring_icon.png",
    "state": true
  }
},
{
  "model": "homepage.services",
  "pk": 4,
  "fields": {
    "name": "Zonas de aclimatación",
    "description": "Se trata de una superficie cuya finalidad es la de preparar las plántulas para las condiciones de campo a las que se verán sometidas. Puede realizarse en el mismo invernadero de producción o en invernaderos de malla adyacentes a este.",
    "image": "services/2022/11/29/4288578_e_ebook_education_learning_online_icon.png",
    "state": true
  }
},
{
  "model": "homepage.services",
  "pk": 5,
  "fields": {
    "name": "Sistemas de Riego",
    "description": "Enmarcados en el cuidado del medio ambiente y en asociación con la marca líder del mercado mundial en sistemas de riego nos permitimos diseñarlos y ejecutarlos de forma óptima y eficiente lo cual generan un ahorro en el consumo de agua para las áreas verdes.",
    "image": "services/2022/11/29/2998125_agriculture_garden_hose_tool_water_icon.png",
    "state": true
  }
},
{
  "model": "homepage.socialnetworks",
  "pk": 1,
  "fields": {
    "url": "https://twitter.com/",
    "code": "twitter",
    "icon": "fa-brands  fa-twitter",
    "state": true
  }
},
{
  "model": "homepage.socialnetworks",
  "pk": 2,
  "fields": {
    "url": "https://facebook.com/",
    "code": "facebook",
    "icon": "fa-brands  fa-facebook",
    "state": true
  }
},
{
  "model": "homepage.socialnetworks",
  "pk": 3,
  "fields": {
    "url": "https://instagram.com/",
    "code": "instagram",
    "icon": "fa-brands  fa-instagram",
    "state": true
  }
},
{
  "model": "homepage.socialnetworks",
  "pk": 4,
  "fields": {
    "url": "https://linkedin.com/",
    "code": "linkedin",
    "icon": "fa-brands  fa-linkedin",
    "state": true
  }
}
]
